{
    "int": {
        "st": "ESERCIZIO",
        "t_ele": "Referendum",
        "t_ref": "ABROGATIVO",
        "f_elet": "SCRUTINI",
        "dt_ele": 20250608000000,
        "l_terr": "COMUNE",
        "area": "I",
        "cod_com": 340,
        "desc_com": "GALLICCHIO",
        "cod_prov": 64,
        "desc_prov": "POTENZA",
        "cod_reg": 17,
        "desc_reg": "BASILICATA",
        "ele_m": 318,
        "ele_f": 311,
        "ele_t": 629,
        "sz_tot": 1,
        "tipo_tras": "SZ"
    },
    "note": null,
    "scheda": [
        {
            "cod": 1,
            "desc": null,
            "sz_perv": 1,
            "vot_m": 94,
            "vot_f": 86,
            "vot_t": 180,
            "perc_vot": "28,62",
            "sk_bianche": 7,
            "sk_nulle": 2,
            "sk_contestate": 0,
            "voti_si": 148,
            "voti_no": 23,
            "perc_si": "86,55",
            "perc_no": "13,45",
            "dt_agg": 20250609173012
        },
        {
            "cod": 2,
            "desc": null,
            "sz_perv": 1,
            "vot_m": 94,
            "vot_f": 86,
            "vot_t": 180,
            "perc_vot": "28,62",
            "sk_bianche": 7,
            "sk_nulle": 2,
            "sk_contestate": 0,
            "voti_si": 144,
            "voti_no": 27,
            "perc_si": "84,21",
            "perc_no": "15,79",
            "dt_agg": 20250609173106
        },
        {
            "cod": 3,
            "desc": null,
            "sz_perv": 1,
            "vot_m": 94,
            "vot_f": 86,
            "vot_t": 180,
            "perc_vot": "28,62",
            "sk_bianche": 5,
            "sk_nulle": 1,
            "sk_contestate": 0,
            "voti_si": 151,
            "voti_no": 23,
            "perc_si": "86,78",
            "perc_no": "13,22",
            "dt_agg": 20250609173329
        },
        {
            "cod": 4,
            "desc": null,
            "sz_perv": 1,
            "vot_m": 94,
            "vot_f": 86,
            "vot_t": 180,
            "perc_vot": "28,62",
            "sk_bianche": 5,
            "sk_nulle": 1,
            "sk_contestate": 0,
            "voti_si": 149,
            "voti_no": 25,
            "perc_si": "85,63",
            "perc_no": "14,37",
            "dt_agg": 20250609173645
        },
        {
            "cod": 5,
            "desc": null,
            "sz_perv": 1,
            "vot_m": 94,
            "vot_f": 86,
            "vot_t": 180,
            "perc_vot": "28,62",
            "sk_bianche": 3,
            "sk_nulle": 1,
            "sk_contestate": 0,
            "voti_si": 121,
            "voti_no": 55,
            "perc_si": "68,75",
            "perc_no": "31,25",
            "dt_agg": 20250609173851
        }
    ]
}