{
    "int": {
        "st": "ESERCIZIO",
        "t_ele": "Referendum",
        "t_ref": "ABROGATIVO",
        "f_elet": "SCRUTINI",
        "dt_ele": 20250608000000,
        "l_terr": "COMUNE",
        "area": "I",
        "cod_com": 351,
        "desc_com": "GINESTRA",
        "cod_prov": 64,
        "desc_prov": "POTENZA",
        "cod_reg": 17,
        "desc_reg": "BASILICATA",
        "ele_m": 279,
        "ele_f": 262,
        "ele_t": 541,
        "sz_tot": 1,
        "tipo_tras": "SZ"
    },
    "note": null,
    "scheda": [
        {
            "cod": 1,
            "desc": null,
            "sz_perv": 1,
            "vot_m": 115,
            "vot_f": 93,
            "vot_t": 208,
            "perc_vot": "38,45",
            "sk_bianche": 4,
            "sk_nulle": 1,
            "sk_contestate": 0,
            "voti_si": 196,
            "voti_no": 7,
            "perc_si": "96,55",
            "perc_no": "3,45",
            "dt_agg": 20250609173251
        },
        {
            "cod": 2,
            "desc": null,
            "sz_perv": 1,
            "vot_m": 115,
            "vot_f": 93,
            "vot_t": 208,
            "perc_vot": "38,45",
            "sk_bianche": 4,
            "sk_nulle": 1,
            "sk_contestate": 0,
            "voti_si": 195,
            "voti_no": 8,
            "perc_si": "96,06",
            "perc_no": "3,94",
            "dt_agg": 20250609173329
        },
        {
            "cod": 3,
            "desc": null,
            "sz_perv": 1,
            "vot_m": 115,
            "vot_f": 93,
            "vot_t": 208,
            "perc_vot": "38,45",
            "sk_bianche": 5,
            "sk_nulle": 0,
            "sk_contestate": 0,
            "voti_si": 194,
            "voti_no": 9,
            "perc_si": "95,57",
            "perc_no": "4,43",
            "dt_agg": 20250609173400
        },
        {
            "cod": 4,
            "desc": null,
            "sz_perv": 1,
            "vot_m": 115,
            "vot_f": 93,
            "vot_t": 208,
            "perc_vot": "38,45",
            "sk_bianche": 7,
            "sk_nulle": 1,
            "sk_contestate": 0,
            "voti_si": 189,
            "voti_no": 11,
            "perc_si": "94,50",
            "perc_no": "5,50",
            "dt_agg": 20250609173507
        },
        {
            "cod": 5,
            "desc": null,
            "sz_perv": 1,
            "vot_m": 114,
            "vot_f": 93,
            "vot_t": 207,
            "perc_vot": "38,26",
            "sk_bianche": 6,
            "sk_nulle": 2,
            "sk_contestate": 0,
            "voti_si": 120,
            "voti_no": 79,
            "perc_si": "60,30",
            "perc_no": "39,70",
            "dt_agg": 20250609174155
        }
    ]
}