{
    "int": {
        "st": "ESERCIZIO",
        "t_ele": "Referendum",
        "t_ref": "ABROGATIVO",
        "f_elet": "SCRUTINI",
        "dt_ele": 20250608000000,
        "l_terr": "COMUNE",
        "area": "I",
        "cod_com": 270,
        "desc_com": "CERSOSIMO",
        "cod_prov": 64,
        "desc_prov": "POTENZA",
        "cod_reg": 17,
        "desc_reg": "BASILICATA",
        "ele_m": 226,
        "ele_f": 236,
        "ele_t": 462,
        "sz_tot": 1,
        "tipo_tras": "SZ"
    },
    "note": null,
    "scheda": [
        {
            "cod": 1,
            "desc": null,
            "sz_perv": 1,
            "vot_m": 67,
            "vot_f": 66,
            "vot_t": 133,
            "perc_vot": "28,79",
            "sk_bianche": 4,
            "sk_nulle": 2,
            "sk_contestate": 0,
            "voti_si": 120,
            "voti_no": 7,
            "perc_si": "94,49",
            "perc_no": "5,51",
            "dt_agg": 20250609172033
        },
        {
            "cod": 2,
            "desc": null,
            "sz_perv": 1,
            "vot_m": 67,
            "vot_f": 66,
            "vot_t": 133,
            "perc_vot": "28,79",
            "sk_bianche": 5,
            "sk_nulle": 2,
            "sk_contestate": 0,
            "voti_si": 121,
            "voti_no": 5,
            "perc_si": "96,03",
            "perc_no": "3,97",
            "dt_agg": 20250609172201
        },
        {
            "cod": 3,
            "desc": null,
            "sz_perv": 1,
            "vot_m": 67,
            "vot_f": 66,
            "vot_t": 133,
            "perc_vot": "28,79",
            "sk_bianche": 5,
            "sk_nulle": 2,
            "sk_contestate": 0,
            "voti_si": 120,
            "voti_no": 6,
            "perc_si": "95,24",
            "perc_no": "4,76",
            "dt_agg": 20250609172333
        },
        {
            "cod": 4,
            "desc": null,
            "sz_perv": 1,
            "vot_m": 67,
            "vot_f": 66,
            "vot_t": 133,
            "perc_vot": "28,79",
            "sk_bianche": 6,
            "sk_nulle": 2,
            "sk_contestate": 0,
            "voti_si": 115,
            "voti_no": 10,
            "perc_si": "92,00",
            "perc_no": "8,00",
            "dt_agg": 20250609172334
        },
        {
            "cod": 5,
            "desc": null,
            "sz_perv": 1,
            "vot_m": 66,
            "vot_f": 66,
            "vot_t": 132,
            "perc_vot": "28,57",
            "sk_bianche": 8,
            "sk_nulle": 2,
            "sk_contestate": 0,
            "voti_si": 92,
            "voti_no": 30,
            "perc_si": "75,41",
            "perc_no": "24,59",
            "dt_agg": 20250609172403
        }
    ]
}