{
    "int": {
        "st": "ESERCIZIO",
        "t_ele": "Referendum",
        "t_ref": "ABROGATIVO",
        "f_elet": "SCRUTINI",
        "dt_ele": 20250608000000,
        "l_terr": "COMUNE",
        "area": "I",
        "cod_com": 300,
        "desc_com": "EPISCOPIA",
        "cod_prov": 64,
        "desc_prov": "POTENZA",
        "cod_reg": 17,
        "desc_reg": "BASILICATA",
        "ele_m": 527,
        "ele_f": 552,
        "ele_t": 1079,
        "sz_tot": 2,
        "tipo_tras": "SZ"
    },
    "note": null,
    "scheda": [
        {
            "cod": 1,
            "desc": null,
            "sz_perv": 2,
            "vot_m": 140,
            "vot_f": 149,
            "vot_t": 289,
            "perc_vot": "26,78",
            "sk_bianche": 13,
            "sk_nulle": 2,
            "sk_contestate": 0,
            "voti_si": 252,
            "voti_no": 22,
            "perc_si": "91,97",
            "perc_no": "8,03",
            "dt_agg": 20250609173631
        },
        {
            "cod": 2,
            "desc": null,
            "sz_perv": 2,
            "vot_m": 140,
            "vot_f": 149,
            "vot_t": 289,
            "perc_vot": "26,78",
            "sk_bianche": 14,
            "sk_nulle": 3,
            "sk_contestate": 0,
            "voti_si": 247,
            "voti_no": 25,
            "perc_si": "90,81",
            "perc_no": "9,19",
            "dt_agg": 20250609173653
        },
        {
            "cod": 3,
            "desc": null,
            "sz_perv": 2,
            "vot_m": 140,
            "vot_f": 149,
            "vot_t": 289,
            "perc_vot": "26,78",
            "sk_bianche": 14,
            "sk_nulle": 3,
            "sk_contestate": 0,
            "voti_si": 252,
            "voti_no": 20,
            "perc_si": "92,65",
            "perc_no": "7,35",
            "dt_agg": 20250609173726
        },
        {
            "cod": 4,
            "desc": null,
            "sz_perv": 2,
            "vot_m": 140,
            "vot_f": 149,
            "vot_t": 289,
            "perc_vot": "26,78",
            "sk_bianche": 14,
            "sk_nulle": 2,
            "sk_contestate": 0,
            "voti_si": 247,
            "voti_no": 26,
            "perc_si": "90,48",
            "perc_no": "9,52",
            "dt_agg": 20250609173803
        },
        {
            "cod": 5,
            "desc": null,
            "sz_perv": 2,
            "vot_m": 139,
            "vot_f": 148,
            "vot_t": 287,
            "perc_vot": "26,60",
            "sk_bianche": 14,
            "sk_nulle": 2,
            "sk_contestate": 0,
            "voti_si": 194,
            "voti_no": 77,
            "perc_si": "71,59",
            "perc_no": "28,41",
            "dt_agg": 20250609174249
        }
    ]
}