{
    "int": {
        "st": "ESERCIZIO",
        "t_ele": "Referendum",
        "t_ref": "ABROGATIVO",
        "f_elet": "SCRUTINI",
        "dt_ele": 20250608000000,
        "l_terr": "COMUNE",
        "area": "I",
        "cod_com": 40,
        "desc_com": "ANZI",
        "cod_prov": 64,
        "desc_prov": "POTENZA",
        "cod_reg": 17,
        "desc_reg": "BASILICATA",
        "ele_m": 631,
        "ele_f": 648,
        "ele_t": 1279,
        "sz_tot": 3,
        "tipo_tras": "SZ"
    },
    "note": null,
    "scheda": [
        {
            "cod": 1,
            "desc": null,
            "sz_perv": 3,
            "vot_m": 166,
            "vot_f": 210,
            "vot_t": 376,
            "perc_vot": "29,40",
            "sk_bianche": 5,
            "sk_nulle": 2,
            "sk_contestate": 0,
            "voti_si": 348,
            "voti_no": 21,
            "perc_si": "94,31",
            "perc_no": "5,69",
            "dt_agg": 20250609164621
        },
        {
            "cod": 2,
            "desc": null,
            "sz_perv": 3,
            "vot_m": 166,
            "vot_f": 210,
            "vot_t": 376,
            "perc_vot": "29,40",
            "sk_bianche": 5,
            "sk_nulle": 1,
            "sk_contestate": 0,
            "voti_si": 342,
            "voti_no": 28,
            "perc_si": "92,43",
            "perc_no": "7,57",
            "dt_agg": 20250609164702
        },
        {
            "cod": 3,
            "desc": null,
            "sz_perv": 3,
            "vot_m": 166,
            "vot_f": 210,
            "vot_t": 376,
            "perc_vot": "29,40",
            "sk_bianche": 4,
            "sk_nulle": 1,
            "sk_contestate": 0,
            "voti_si": 346,
            "voti_no": 25,
            "perc_si": "93,26",
            "perc_no": "6,74",
            "dt_agg": 20250609164741
        },
        {
            "cod": 4,
            "desc": null,
            "sz_perv": 3,
            "vot_m": 166,
            "vot_f": 210,
            "vot_t": 376,
            "perc_vot": "29,40",
            "sk_bianche": 7,
            "sk_nulle": 1,
            "sk_contestate": 0,
            "voti_si": 339,
            "voti_no": 29,
            "perc_si": "92,12",
            "perc_no": "7,88",
            "dt_agg": 20250609164819
        },
        {
            "cod": 5,
            "desc": null,
            "sz_perv": 3,
            "vot_m": 166,
            "vot_f": 210,
            "vot_t": 376,
            "perc_vot": "29,40",
            "sk_bianche": 13,
            "sk_nulle": 1,
            "sk_contestate": 0,
            "voti_si": 245,
            "voti_no": 117,
            "perc_si": "67,68",
            "perc_no": "32,32",
            "dt_agg": 20250609164913
        }
    ]
}