{
    "int": {
        "st": "ESERCIZIO",
        "t_ele": "Referendum",
        "t_ref": "ABROGATIVO",
        "f_elet": "SCRUTINI",
        "dt_ele": 20250608000000,
        "l_terr": "COMUNE",
        "area": "I",
        "cod_com": 70,
        "desc_com": "AVIGLIANO",
        "cod_prov": 64,
        "desc_prov": "POTENZA",
        "cod_reg": 17,
        "desc_reg": "BASILICATA",
        "ele_m": 4281,
        "ele_f": 4518,
        "ele_t": 8799,
        "sz_tot": 11,
        "tipo_tras": "SZ"
    },
    "note": null,
    "scheda": [
        {
            "cod": 1,
            "desc": null,
            "sz_perv": 11,
            "vot_m": 1731,
            "vot_f": 1822,
            "vot_t": 3553,
            "perc_vot": "40,38",
            "sk_bianche": 47,
            "sk_nulle": 29,
            "sk_contestate": 0,
            "voti_si": 3254,
            "voti_no": 223,
            "perc_si": "93,59",
            "perc_no": "6,41",
            "dt_agg": 20250609183225
        },
        {
            "cod": 2,
            "desc": null,
            "sz_perv": 11,
            "vot_m": 1730,
            "vot_f": 1822,
            "vot_t": 3552,
            "perc_vot": "40,37",
            "sk_bianche": 59,
            "sk_nulle": 28,
            "sk_contestate": 0,
            "voti_si": 3205,
            "voti_no": 260,
            "perc_si": "92,50",
            "perc_no": "7,50",
            "dt_agg": 20250609183247
        },
        {
            "cod": 3,
            "desc": null,
            "sz_perv": 11,
            "vot_m": 1731,
            "vot_f": 1822,
            "vot_t": 3553,
            "perc_vot": "40,38",
            "sk_bianche": 53,
            "sk_nulle": 30,
            "sk_contestate": 0,
            "voti_si": 3245,
            "voti_no": 225,
            "perc_si": "93,52",
            "perc_no": "6,48",
            "dt_agg": 20250609183312
        },
        {
            "cod": 4,
            "desc": null,
            "sz_perv": 11,
            "vot_m": 1731,
            "vot_f": 1821,
            "vot_t": 3552,
            "perc_vot": "40,37",
            "sk_bianche": 56,
            "sk_nulle": 31,
            "sk_contestate": 0,
            "voti_si": 3181,
            "voti_no": 284,
            "perc_si": "91,80",
            "perc_no": "8,20",
            "dt_agg": 20250609183648
        },
        {
            "cod": 5,
            "desc": null,
            "sz_perv": 11,
            "vot_m": 1731,
            "vot_f": 1824,
            "vot_t": 3555,
            "perc_vot": "40,40",
            "sk_bianche": 56,
            "sk_nulle": 24,
            "sk_contestate": 0,
            "voti_si": 2493,
            "voti_no": 982,
            "perc_si": "71,74",
            "perc_no": "28,26",
            "dt_agg": 20250609183813
        }
    ]
}