{
    "int": {
        "st": "ESERCIZIO",
        "t_ele": "Referendum",
        "t_ref": "ABROGATIVO",
        "f_elet": "SCRUTINI",
        "dt_ele": 20250608000000,
        "l_terr": "COMUNE",
        "area": "I",
        "cod_com": 160,
        "desc_com": "CALVERA",
        "cod_prov": 64,
        "desc_prov": "POTENZA",
        "cod_reg": 17,
        "desc_reg": "BASILICATA",
        "ele_m": 164,
        "ele_f": 157,
        "ele_t": 321,
        "sz_tot": 1,
        "tipo_tras": "SZ"
    },
    "note": null,
    "scheda": [
        {
            "cod": 1,
            "desc": null,
            "sz_perv": 1,
            "vot_m": 43,
            "vot_f": 44,
            "vot_t": 87,
            "perc_vot": "27,10",
            "sk_bianche": 6,
            "sk_nulle": 0,
            "sk_contestate": 0,
            "voti_si": 73,
            "voti_no": 8,
            "perc_si": "90,12",
            "perc_no": "9,88",
            "dt_agg": 20250609182158
        },
        {
            "cod": 2,
            "desc": null,
            "sz_perv": 1,
            "vot_m": 43,
            "vot_f": 44,
            "vot_t": 87,
            "perc_vot": "27,10",
            "sk_bianche": 6,
            "sk_nulle": 0,
            "sk_contestate": 0,
            "voti_si": 71,
            "voti_no": 10,
            "perc_si": "87,65",
            "perc_no": "12,35",
            "dt_agg": 20250609182234
        },
        {
            "cod": 3,
            "desc": null,
            "sz_perv": 1,
            "vot_m": 43,
            "vot_f": 44,
            "vot_t": 87,
            "perc_vot": "27,10",
            "sk_bianche": 7,
            "sk_nulle": 0,
            "sk_contestate": 0,
            "voti_si": 69,
            "voti_no": 11,
            "perc_si": "86,25",
            "perc_no": "13,75",
            "dt_agg": 20250609182308
        },
        {
            "cod": 4,
            "desc": null,
            "sz_perv": 1,
            "vot_m": 43,
            "vot_f": 44,
            "vot_t": 87,
            "perc_vot": "27,10",
            "sk_bianche": 5,
            "sk_nulle": 0,
            "sk_contestate": 0,
            "voti_si": 70,
            "voti_no": 12,
            "perc_si": "85,37",
            "perc_no": "14,63",
            "dt_agg": 20250609182339
        },
        {
            "cod": 5,
            "desc": null,
            "sz_perv": 1,
            "vot_m": 43,
            "vot_f": 44,
            "vot_t": 87,
            "perc_vot": "27,10",
            "sk_bianche": 5,
            "sk_nulle": 0,
            "sk_contestate": 0,
            "voti_si": 42,
            "voti_no": 40,
            "perc_si": "51,22",
            "perc_no": "48,78",
            "dt_agg": 20250609183138
        }
    ]
}