{
    "int": {
        "st": "ESERCIZIO",
        "t_ele": "Referendum",
        "t_ref": "ABROGATIVO",
        "f_elet": "SCRUTINI",
        "dt_ele": 20250608000000,
        "l_terr": "COMUNE",
        "area": "I",
        "cod_com": 100,
        "desc_com": "BARAGIANO",
        "cod_prov": 64,
        "desc_prov": "POTENZA",
        "cod_reg": 17,
        "desc_reg": "BASILICATA",
        "ele_m": 1004,
        "ele_f": 1007,
        "ele_t": 2011,
        "sz_tot": 3,
        "tipo_tras": "SZ"
    },
    "note": null,
    "scheda": [
        {
            "cod": 1,
            "desc": null,
            "sz_perv": 3,
            "vot_m": 244,
            "vot_f": 269,
            "vot_t": 513,
            "perc_vot": "25,51",
            "sk_bianche": 15,
            "sk_nulle": 7,
            "sk_contestate": 0,
            "voti_si": 451,
            "voti_no": 40,
            "perc_si": "91,85",
            "perc_no": "8,15",
            "dt_agg": 20250609170216
        },
        {
            "cod": 2,
            "desc": null,
            "sz_perv": 3,
            "vot_m": 244,
            "vot_f": 269,
            "vot_t": 513,
            "perc_vot": "25,51",
            "sk_bianche": 18,
            "sk_nulle": 10,
            "sk_contestate": 0,
            "voti_si": 446,
            "voti_no": 39,
            "perc_si": "91,96",
            "perc_no": "8,04",
            "dt_agg": 20250609170247
        },
        {
            "cod": 3,
            "desc": null,
            "sz_perv": 3,
            "vot_m": 244,
            "vot_f": 269,
            "vot_t": 513,
            "perc_vot": "25,51",
            "sk_bianche": 18,
            "sk_nulle": 9,
            "sk_contestate": 0,
            "voti_si": 457,
            "voti_no": 29,
            "perc_si": "94,03",
            "perc_no": "5,97",
            "dt_agg": 20250609170342
        },
        {
            "cod": 4,
            "desc": null,
            "sz_perv": 3,
            "vot_m": 244,
            "vot_f": 269,
            "vot_t": 513,
            "perc_vot": "25,51",
            "sk_bianche": 19,
            "sk_nulle": 9,
            "sk_contestate": 0,
            "voti_si": 429,
            "voti_no": 56,
            "perc_si": "88,45",
            "perc_no": "11,55",
            "dt_agg": 20250609170421
        },
        {
            "cod": 5,
            "desc": null,
            "sz_perv": 3,
            "vot_m": 244,
            "vot_f": 269,
            "vot_t": 513,
            "perc_vot": "25,51",
            "sk_bianche": 18,
            "sk_nulle": 11,
            "sk_contestate": 0,
            "voti_si": 285,
            "voti_no": 199,
            "perc_si": "58,88",
            "perc_no": "41,12",
            "dt_agg": 20250609170613
        }
    ]
}