{
    "int": {
        "st": "ESERCIZIO",
        "t_ele": "Referendum",
        "t_ref": "ABROGATIVO",
        "f_elet": "SCRUTINI",
        "dt_ele": 20250608000000,
        "l_terr": "COMUNE",
        "area": "I",
        "cod_com": 130,
        "desc_com": "BRIENZA",
        "cod_prov": 64,
        "desc_prov": "POTENZA",
        "cod_reg": 17,
        "desc_reg": "BASILICATA",
        "ele_m": 1539,
        "ele_f": 1582,
        "ele_t": 3121,
        "sz_tot": 4,
        "tipo_tras": "SZ"
    },
    "note": null,
    "scheda": [
        {
            "cod": 1,
            "desc": null,
            "sz_perv": 4,
            "vot_m": 561,
            "vot_f": 541,
            "vot_t": 1102,
            "perc_vot": "35,31",
            "sk_bianche": 21,
            "sk_nulle": 11,
            "sk_contestate": 0,
            "voti_si": 978,
            "voti_no": 92,
            "perc_si": "91,40",
            "perc_no": "8,60",
            "dt_agg": 20250609183937
        },
        {
            "cod": 2,
            "desc": null,
            "sz_perv": 4,
            "vot_m": 561,
            "vot_f": 541,
            "vot_t": 1102,
            "perc_vot": "35,31",
            "sk_bianche": 22,
            "sk_nulle": 11,
            "sk_contestate": 0,
            "voti_si": 968,
            "voti_no": 101,
            "perc_si": "90,55",
            "perc_no": "9,45",
            "dt_agg": 20250609184449
        },
        {
            "cod": 3,
            "desc": null,
            "sz_perv": 4,
            "vot_m": 561,
            "vot_f": 541,
            "vot_t": 1102,
            "perc_vot": "35,31",
            "sk_bianche": 31,
            "sk_nulle": 8,
            "sk_contestate": 0,
            "voti_si": 973,
            "voti_no": 90,
            "perc_si": "91,53",
            "perc_no": "8,47",
            "dt_agg": 20250609184514
        },
        {
            "cod": 4,
            "desc": null,
            "sz_perv": 4,
            "vot_m": 561,
            "vot_f": 541,
            "vot_t": 1102,
            "perc_vot": "35,31",
            "sk_bianche": 24,
            "sk_nulle": 11,
            "sk_contestate": 0,
            "voti_si": 964,
            "voti_no": 103,
            "perc_si": "90,35",
            "perc_no": "9,65",
            "dt_agg": 20250609184558
        },
        {
            "cod": 5,
            "desc": null,
            "sz_perv": 4,
            "vot_m": 561,
            "vot_f": 541,
            "vot_t": 1102,
            "perc_vot": "35,31",
            "sk_bianche": 28,
            "sk_nulle": 9,
            "sk_contestate": 0,
            "voti_si": 780,
            "voti_no": 285,
            "perc_si": "73,24",
            "perc_no": "26,76",
            "dt_agg": 20250609184617
        }
    ]
}