{
    "int": {
        "st": "ESERCIZIO",
        "t_ele": "Referendum",
        "t_ref": "ABROGATIVO",
        "f_elet": "SCRUTINI",
        "dt_ele": 20250608000000,
        "l_terr": "COMUNE",
        "area": "I",
        "cod_com": 10,
        "desc_com": "ABRIOLA",
        "cod_prov": 64,
        "desc_prov": "POTENZA",
        "cod_reg": 17,
        "desc_reg": "BASILICATA",
        "ele_m": 520,
        "ele_f": 542,
        "ele_t": 1062,
        "sz_tot": 3,
        "tipo_tras": "SZ"
    },
    "note": null,
    "scheda": [
        {
            "cod": 1,
            "desc": null,
            "sz_perv": 3,
            "vot_m": 95,
            "vot_f": 135,
            "vot_t": 230,
            "perc_vot": "21,66",
            "sk_bianche": 5,
            "sk_nulle": 1,
            "sk_contestate": 0,
            "voti_si": 210,
            "voti_no": 14,
            "perc_si": "93,75",
            "perc_no": "6,25",
            "dt_agg": 20250609163001
        },
        {
            "cod": 2,
            "desc": null,
            "sz_perv": 3,
            "vot_m": 95,
            "vot_f": 135,
            "vot_t": 230,
            "perc_vot": "21,66",
            "sk_bianche": 5,
            "sk_nulle": 1,
            "sk_contestate": 0,
            "voti_si": 210,
            "voti_no": 14,
            "perc_si": "93,75",
            "perc_no": "6,25",
            "dt_agg": 20250609163022
        },
        {
            "cod": 3,
            "desc": null,
            "sz_perv": 3,
            "vot_m": 95,
            "vot_f": 135,
            "vot_t": 230,
            "perc_vot": "21,66",
            "sk_bianche": 6,
            "sk_nulle": 1,
            "sk_contestate": 0,
            "voti_si": 212,
            "voti_no": 11,
            "perc_si": "95,07",
            "perc_no": "4,93",
            "dt_agg": 20250609163057
        },
        {
            "cod": 4,
            "desc": null,
            "sz_perv": 3,
            "vot_m": 95,
            "vot_f": 135,
            "vot_t": 230,
            "perc_vot": "21,66",
            "sk_bianche": 4,
            "sk_nulle": 1,
            "sk_contestate": 0,
            "voti_si": 208,
            "voti_no": 17,
            "perc_si": "92,44",
            "perc_no": "7,56",
            "dt_agg": 20250609163126
        },
        {
            "cod": 5,
            "desc": null,
            "sz_perv": 3,
            "vot_m": 95,
            "vot_f": 135,
            "vot_t": 230,
            "perc_vot": "21,66",
            "sk_bianche": 6,
            "sk_nulle": 1,
            "sk_contestate": 0,
            "voti_si": 154,
            "voti_no": 69,
            "perc_si": "69,06",
            "perc_no": "30,94",
            "dt_agg": 20250609163434
        }
    ]
}