{
    "int": {
        "st": "ESERCIZIO",
        "t_ele": "Referendum",
        "t_ref": "ABROGATIVO",
        "f_elet": "SCRUTINI",
        "dt_ele": 20250608000000,
        "l_terr": "COMUNE",
        "area": "I",
        "cod_com": 460,
        "desc_com": "MASCHITO",
        "cod_prov": 64,
        "desc_prov": "POTENZA",
        "cod_reg": 17,
        "desc_reg": "BASILICATA",
        "ele_m": 602,
        "ele_f": 620,
        "ele_t": 1222,
        "sz_tot": 2,
        "tipo_tras": "SZ"
    },
    "note": null,
    "scheda": [
        {
            "cod": 1,
            "desc": null,
            "sz_perv": 2,
            "vot_m": 167,
            "vot_f": 180,
            "vot_t": 347,
            "perc_vot": "28,40",
            "sk_bianche": 5,
            "sk_nulle": 2,
            "sk_contestate": 0,
            "voti_si": 321,
            "voti_no": 19,
            "perc_si": "94,41",
            "perc_no": "5,59",
            "dt_agg": 20250609155707
        },
        {
            "cod": 2,
            "desc": null,
            "sz_perv": 2,
            "vot_m": 167,
            "vot_f": 180,
            "vot_t": 347,
            "perc_vot": "28,40",
            "sk_bianche": 7,
            "sk_nulle": 2,
            "sk_contestate": 0,
            "voti_si": 325,
            "voti_no": 13,
            "perc_si": "96,15",
            "perc_no": "3,85",
            "dt_agg": 20250609155844
        },
        {
            "cod": 3,
            "desc": null,
            "sz_perv": 2,
            "vot_m": 167,
            "vot_f": 180,
            "vot_t": 347,
            "perc_vot": "28,40",
            "sk_bianche": 9,
            "sk_nulle": 2,
            "sk_contestate": 0,
            "voti_si": 317,
            "voti_no": 19,
            "perc_si": "94,35",
            "perc_no": "5,65",
            "dt_agg": 20250609162035
        },
        {
            "cod": 4,
            "desc": null,
            "sz_perv": 2,
            "vot_m": 167,
            "vot_f": 180,
            "vot_t": 347,
            "perc_vot": "28,40",
            "sk_bianche": 5,
            "sk_nulle": 2,
            "sk_contestate": 0,
            "voti_si": 317,
            "voti_no": 23,
            "perc_si": "93,24",
            "perc_no": "6,76",
            "dt_agg": 20250609164145
        },
        {
            "cod": 5,
            "desc": null,
            "sz_perv": 2,
            "vot_m": 167,
            "vot_f": 180,
            "vot_t": 347,
            "perc_vot": "28,40",
            "sk_bianche": 7,
            "sk_nulle": 2,
            "sk_contestate": 0,
            "voti_si": 207,
            "voti_no": 131,
            "perc_si": "61,24",
            "perc_no": "38,76",
            "dt_agg": 20250609170006
        }
    ]
}