{
    "int": {
        "st": "ESERCIZIO",
        "t_ele": "Referendum",
        "t_ref": "ABROGATIVO",
        "f_elet": "SCRUTINI",
        "dt_ele": 20250608000000,
        "l_terr": "COMUNE",
        "area": "I",
        "cod_com": 230,
        "desc_com": "CASTELLUCCIO SUPERIORE",
        "cod_prov": 64,
        "desc_prov": "POTENZA",
        "cod_reg": 17,
        "desc_reg": "BASILICATA",
        "ele_m": 301,
        "ele_f": 296,
        "ele_t": 597,
        "sz_tot": 1,
        "tipo_tras": "SZ"
    },
    "note": null,
    "scheda": [
        {
            "cod": 1,
            "desc": null,
            "sz_perv": 1,
            "vot_m": 88,
            "vot_f": 104,
            "vot_t": 192,
            "perc_vot": "32,16",
            "sk_bianche": 10,
            "sk_nulle": 3,
            "sk_contestate": 0,
            "voti_si": 170,
            "voti_no": 9,
            "perc_si": "94,97",
            "perc_no": "5,03",
            "dt_agg": 20250609173329
        },
        {
            "cod": 2,
            "desc": null,
            "sz_perv": 1,
            "vot_m": 88,
            "vot_f": 104,
            "vot_t": 192,
            "perc_vot": "32,16",
            "sk_bianche": 11,
            "sk_nulle": 2,
            "sk_contestate": 0,
            "voti_si": 166,
            "voti_no": 13,
            "perc_si": "92,74",
            "perc_no": "7,26",
            "dt_agg": 20250609173532
        },
        {
            "cod": 3,
            "desc": null,
            "sz_perv": 1,
            "vot_m": 88,
            "vot_f": 104,
            "vot_t": 192,
            "perc_vot": "32,16",
            "sk_bianche": 11,
            "sk_nulle": 3,
            "sk_contestate": 0,
            "voti_si": 168,
            "voti_no": 10,
            "perc_si": "94,38",
            "perc_no": "5,62",
            "dt_agg": 20250609173631
        },
        {
            "cod": 4,
            "desc": null,
            "sz_perv": 1,
            "vot_m": 88,
            "vot_f": 104,
            "vot_t": 192,
            "perc_vot": "32,16",
            "sk_bianche": 12,
            "sk_nulle": 2,
            "sk_contestate": 0,
            "voti_si": 169,
            "voti_no": 9,
            "perc_si": "94,94",
            "perc_no": "5,06",
            "dt_agg": 20250609173702
        },
        {
            "cod": 5,
            "desc": null,
            "sz_perv": 1,
            "vot_m": 88,
            "vot_f": 104,
            "vot_t": 192,
            "perc_vot": "32,16",
            "sk_bianche": 10,
            "sk_nulle": 2,
            "sk_contestate": 0,
            "voti_si": 124,
            "voti_no": 56,
            "perc_si": "68,89",
            "perc_no": "31,11",
            "dt_agg": 20250609173751
        }
    ]
}