{
    "int": {
        "st": "ESERCIZIO",
        "t_ele": "Referendum",
        "t_ref": "ABROGATIVO",
        "f_elet": "SCRUTINI",
        "dt_ele": 20250608000000,
        "l_terr": "COMUNE",
        "area": "I",
        "cod_com": 30,
        "desc_com": "ALBANO DI LUCANIA",
        "cod_prov": 64,
        "desc_prov": "POTENZA",
        "cod_reg": 17,
        "desc_reg": "BASILICATA",
        "ele_m": 559,
        "ele_f": 541,
        "ele_t": 1100,
        "sz_tot": 2,
        "tipo_tras": "SZ"
    },
    "note": null,
    "scheda": [
        {
            "cod": 1,
            "desc": null,
            "sz_perv": 2,
            "vot_m": 178,
            "vot_f": 187,
            "vot_t": 365,
            "perc_vot": "33,18",
            "sk_bianche": 12,
            "sk_nulle": 7,
            "sk_contestate": 0,
            "voti_si": 328,
            "voti_no": 18,
            "perc_si": "94,80",
            "perc_no": "5,20",
            "dt_agg": 20250609160917
        },
        {
            "cod": 2,
            "desc": null,
            "sz_perv": 2,
            "vot_m": 178,
            "vot_f": 187,
            "vot_t": 365,
            "perc_vot": "33,18",
            "sk_bianche": 13,
            "sk_nulle": 8,
            "sk_contestate": 0,
            "voti_si": 327,
            "voti_no": 17,
            "perc_si": "95,06",
            "perc_no": "4,94",
            "dt_agg": 20250609163057
        },
        {
            "cod": 3,
            "desc": null,
            "sz_perv": 2,
            "vot_m": 178,
            "vot_f": 187,
            "vot_t": 365,
            "perc_vot": "33,18",
            "sk_bianche": 16,
            "sk_nulle": 10,
            "sk_contestate": 0,
            "voti_si": 318,
            "voti_no": 21,
            "perc_si": "93,81",
            "perc_no": "6,19",
            "dt_agg": 20250609163152
        },
        {
            "cod": 4,
            "desc": null,
            "sz_perv": 2,
            "vot_m": 179,
            "vot_f": 187,
            "vot_t": 366,
            "perc_vot": "33,27",
            "sk_bianche": 14,
            "sk_nulle": 11,
            "sk_contestate": 0,
            "voti_si": 322,
            "voti_no": 19,
            "perc_si": "94,43",
            "perc_no": "5,57",
            "dt_agg": 20250609164627
        },
        {
            "cod": 5,
            "desc": null,
            "sz_perv": 2,
            "vot_m": 177,
            "vot_f": 187,
            "vot_t": 364,
            "perc_vot": "33,09",
            "sk_bianche": 16,
            "sk_nulle": 12,
            "sk_contestate": 0,
            "voti_si": 245,
            "voti_no": 91,
            "perc_si": "72,92",
            "perc_no": "27,08",
            "dt_agg": 20250609170947
        }
    ]
}