{
    "int": {
        "st": "ESERCIZIO",
        "t_ele": "Referendum",
        "t_ref": "ABROGATIVO",
        "f_elet": "SCRUTINI",
        "dt_ele": 20250608000000,
        "l_terr": "COMUNE",
        "area": "I",
        "cod_com": 60,
        "desc_com": "ATELLA",
        "cod_prov": 64,
        "desc_prov": "POTENZA",
        "cod_reg": 17,
        "desc_reg": "BASILICATA",
        "ele_m": 1467,
        "ele_f": 1523,
        "ele_t": 2990,
        "sz_tot": 6,
        "tipo_tras": "SZ"
    },
    "note": null,
    "scheda": [
        {
            "cod": 1,
            "desc": null,
            "sz_perv": 6,
            "vot_m": 493,
            "vot_f": 561,
            "vot_t": 1054,
            "perc_vot": "35,25",
            "sk_bianche": 9,
            "sk_nulle": 7,
            "sk_contestate": 0,
            "voti_si": 969,
            "voti_no": 69,
            "perc_si": "93,35",
            "perc_no": "6,65",
            "dt_agg": 20250609182437
        },
        {
            "cod": 2,
            "desc": null,
            "sz_perv": 6,
            "vot_m": 493,
            "vot_f": 561,
            "vot_t": 1054,
            "perc_vot": "35,25",
            "sk_bianche": 9,
            "sk_nulle": 8,
            "sk_contestate": 0,
            "voti_si": 958,
            "voti_no": 79,
            "perc_si": "92,38",
            "perc_no": "7,62",
            "dt_agg": 20250609182501
        },
        {
            "cod": 3,
            "desc": null,
            "sz_perv": 6,
            "vot_m": 494,
            "vot_f": 562,
            "vot_t": 1056,
            "perc_vot": "35,32",
            "sk_bianche": 11,
            "sk_nulle": 7,
            "sk_contestate": 0,
            "voti_si": 978,
            "voti_no": 60,
            "perc_si": "94,22",
            "perc_no": "5,78",
            "dt_agg": 20250609182533
        },
        {
            "cod": 4,
            "desc": null,
            "sz_perv": 6,
            "vot_m": 494,
            "vot_f": 562,
            "vot_t": 1056,
            "perc_vot": "35,32",
            "sk_bianche": 11,
            "sk_nulle": 7,
            "sk_contestate": 0,
            "voti_si": 952,
            "voti_no": 86,
            "perc_si": "91,71",
            "perc_no": "8,29",
            "dt_agg": 20250609182558
        },
        {
            "cod": 5,
            "desc": null,
            "sz_perv": 6,
            "vot_m": 491,
            "vot_f": 561,
            "vot_t": 1052,
            "perc_vot": "35,18",
            "sk_bianche": 10,
            "sk_nulle": 12,
            "sk_contestate": 0,
            "voti_si": 627,
            "voti_no": 403,
            "perc_si": "60,87",
            "perc_no": "39,13",
            "dt_agg": 20250609182626
        }
    ]
}