{
    "int": {
        "st": "ESERCIZIO",
        "t_ele": "Referendum",
        "t_ref": "ABROGATIVO",
        "f_elet": "SCRUTINI",
        "dt_ele": 20250608000000,
        "l_terr": "COMUNE",
        "area": "I",
        "cod_com": 560,
        "desc_com": "PALAZZO SAN GERVASIO",
        "cod_prov": 64,
        "desc_prov": "POTENZA",
        "cod_reg": 17,
        "desc_reg": "BASILICATA",
        "ele_m": 1692,
        "ele_f": 1731,
        "ele_t": 3423,
        "sz_tot": 5,
        "tipo_tras": "SZ"
    },
    "note": null,
    "scheda": [
        {
            "cod": 1,
            "desc": null,
            "sz_perv": 5,
            "vot_m": 406,
            "vot_f": 422,
            "vot_t": 828,
            "perc_vot": "24,19",
            "sk_bianche": 17,
            "sk_nulle": 9,
            "sk_contestate": 0,
            "voti_si": 734,
            "voti_no": 68,
            "perc_si": "91,52",
            "perc_no": "8,48",
            "dt_agg": 20250609184215
        },
        {
            "cod": 2,
            "desc": null,
            "sz_perv": 5,
            "vot_m": 407,
            "vot_f": 422,
            "vot_t": 829,
            "perc_vot": "24,22",
            "sk_bianche": 17,
            "sk_nulle": 13,
            "sk_contestate": 0,
            "voti_si": 718,
            "voti_no": 81,
            "perc_si": "89,86",
            "perc_no": "10,14",
            "dt_agg": 20250609184253
        },
        {
            "cod": 3,
            "desc": null,
            "sz_perv": 5,
            "vot_m": 406,
            "vot_f": 422,
            "vot_t": 828,
            "perc_vot": "24,19",
            "sk_bianche": 19,
            "sk_nulle": 12,
            "sk_contestate": 0,
            "voti_si": 724,
            "voti_no": 73,
            "perc_si": "90,84",
            "perc_no": "9,16",
            "dt_agg": 20250609184256
        },
        {
            "cod": 4,
            "desc": null,
            "sz_perv": 5,
            "vot_m": 407,
            "vot_f": 422,
            "vot_t": 829,
            "perc_vot": "24,22",
            "sk_bianche": 17,
            "sk_nulle": 10,
            "sk_contestate": 0,
            "voti_si": 706,
            "voti_no": 96,
            "perc_si": "88,03",
            "perc_no": "11,97",
            "dt_agg": 20250609184332
        },
        {
            "cod": 5,
            "desc": null,
            "sz_perv": 5,
            "vot_m": 408,
            "vot_f": 423,
            "vot_t": 831,
            "perc_vot": "24,28",
            "sk_bianche": 19,
            "sk_nulle": 10,
            "sk_contestate": 0,
            "voti_si": 481,
            "voti_no": 321,
            "perc_si": "59,98",
            "perc_no": "40,02",
            "dt_agg": 20250609184353
        }
    ]
}