{
    "int": {
        "st": "ESERCIZIO",
        "t_ele": "Referendum",
        "t_ref": "ABROGATIVO",
        "f_elet": "SCRUTINI",
        "dt_ele": 20250608000000,
        "l_terr": "COMUNE",
        "area": "I",
        "cod_com": 290,
        "desc_com": "CORLETO PERTICARA",
        "cod_prov": 64,
        "desc_prov": "POTENZA",
        "cod_reg": 17,
        "desc_reg": "BASILICATA",
        "ele_m": 942,
        "ele_f": 984,
        "ele_t": 1926,
        "sz_tot": 3,
        "tipo_tras": "SZ"
    },
    "note": null,
    "scheda": [
        {
            "cod": 1,
            "desc": null,
            "sz_perv": 3,
            "vot_m": 214,
            "vot_f": 265,
            "vot_t": 479,
            "perc_vot": "24,87",
            "sk_bianche": 11,
            "sk_nulle": 6,
            "sk_contestate": 0,
            "voti_si": 426,
            "voti_no": 36,
            "perc_si": "92,21",
            "perc_no": "7,79",
            "dt_agg": 20250609191133
        },
        {
            "cod": 2,
            "desc": null,
            "sz_perv": 3,
            "vot_m": 214,
            "vot_f": 265,
            "vot_t": 479,
            "perc_vot": "24,87",
            "sk_bianche": 8,
            "sk_nulle": 8,
            "sk_contestate": 0,
            "voti_si": 426,
            "voti_no": 37,
            "perc_si": "92,01",
            "perc_no": "7,99",
            "dt_agg": 20250609191208
        },
        {
            "cod": 3,
            "desc": null,
            "sz_perv": 3,
            "vot_m": 214,
            "vot_f": 265,
            "vot_t": 479,
            "perc_vot": "24,87",
            "sk_bianche": 15,
            "sk_nulle": 7,
            "sk_contestate": 0,
            "voti_si": 414,
            "voti_no": 43,
            "perc_si": "90,59",
            "perc_no": "9,41",
            "dt_agg": 20250609191249
        },
        {
            "cod": 4,
            "desc": null,
            "sz_perv": 3,
            "vot_m": 214,
            "vot_f": 265,
            "vot_t": 479,
            "perc_vot": "24,87",
            "sk_bianche": 11,
            "sk_nulle": 7,
            "sk_contestate": 0,
            "voti_si": 411,
            "voti_no": 50,
            "perc_si": "89,15",
            "perc_no": "10,85",
            "dt_agg": 20250609191418
        },
        {
            "cod": 5,
            "desc": null,
            "sz_perv": 3,
            "vot_m": 214,
            "vot_f": 265,
            "vot_t": 479,
            "perc_vot": "24,87",
            "sk_bianche": 15,
            "sk_nulle": 6,
            "sk_contestate": 0,
            "voti_si": 288,
            "voti_no": 170,
            "perc_si": "62,88",
            "perc_no": "37,12",
            "dt_agg": 20250609191457
        }
    ]
}