{
    "int": {
        "st": "ESERCIZIO",
        "t_ele": "Referendum",
        "t_ref": "ABROGATIVO",
        "f_elet": "SCRUTINI",
        "dt_ele": 20250608000000,
        "l_terr": "COMUNE",
        "area": "I",
        "cod_com": 390,
        "desc_com": "LATRONICO",
        "cod_prov": 64,
        "desc_prov": "POTENZA",
        "cod_reg": 17,
        "desc_reg": "BASILICATA",
        "ele_m": 1661,
        "ele_f": 1714,
        "ele_t": 3375,
        "sz_tot": 5,
        "tipo_tras": "SZ"
    },
    "note": null,
    "scheda": [
        {
            "cod": 1,
            "desc": null,
            "sz_perv": 5,
            "vot_m": 564,
            "vot_f": 578,
            "vot_t": 1142,
            "perc_vot": "33,84",
            "sk_bianche": 25,
            "sk_nulle": 13,
            "sk_contestate": 0,
            "voti_si": 1022,
            "voti_no": 82,
            "perc_si": "92,57",
            "perc_no": "7,43",
            "dt_agg": 20250609193036
        },
        {
            "cod": 2,
            "desc": null,
            "sz_perv": 5,
            "vot_m": 564,
            "vot_f": 578,
            "vot_t": 1142,
            "perc_vot": "33,84",
            "sk_bianche": 25,
            "sk_nulle": 9,
            "sk_contestate": 0,
            "voti_si": 1016,
            "voti_no": 92,
            "perc_si": "91,70",
            "perc_no": "8,30",
            "dt_agg": 20250609193052
        },
        {
            "cod": 3,
            "desc": null,
            "sz_perv": 5,
            "vot_m": 564,
            "vot_f": 578,
            "vot_t": 1142,
            "perc_vot": "33,84",
            "sk_bianche": 28,
            "sk_nulle": 9,
            "sk_contestate": 0,
            "voti_si": 1021,
            "voti_no": 84,
            "perc_si": "92,40",
            "perc_no": "7,60",
            "dt_agg": 20250609193125
        },
        {
            "cod": 4,
            "desc": null,
            "sz_perv": 5,
            "vot_m": 565,
            "vot_f": 578,
            "vot_t": 1143,
            "perc_vot": "33,87",
            "sk_bianche": 38,
            "sk_nulle": 10,
            "sk_contestate": 0,
            "voti_si": 1005,
            "voti_no": 90,
            "perc_si": "91,78",
            "perc_no": "8,22",
            "dt_agg": 20250609193204
        },
        {
            "cod": 5,
            "desc": null,
            "sz_perv": 5,
            "vot_m": 563,
            "vot_f": 578,
            "vot_t": 1141,
            "perc_vot": "33,81",
            "sk_bianche": 29,
            "sk_nulle": 9,
            "sk_contestate": 0,
            "voti_si": 839,
            "voti_no": 264,
            "perc_si": "76,07",
            "perc_no": "23,93",
            "dt_agg": 20250609193218
        }
    ]
}