{
    "int": {
        "st": "ESERCIZIO",
        "t_ele": "Referendum",
        "t_ref": "ABROGATIVO",
        "f_elet": "SCRUTINI",
        "dt_ele": 20250608000000,
        "l_terr": "COMUNE",
        "area": "I",
        "cod_com": 310,
        "desc_com": "FARDELLA",
        "cod_prov": 64,
        "desc_prov": "POTENZA",
        "cod_reg": 17,
        "desc_reg": "BASILICATA",
        "ele_m": 221,
        "ele_f": 234,
        "ele_t": 455,
        "sz_tot": 1,
        "tipo_tras": "SZ"
    },
    "note": null,
    "scheda": [
        {
            "cod": 1,
            "desc": null,
            "sz_perv": 1,
            "vot_m": 60,
            "vot_f": 76,
            "vot_t": 136,
            "perc_vot": "29,89",
            "sk_bianche": 4,
            "sk_nulle": 2,
            "sk_contestate": 0,
            "voti_si": 119,
            "voti_no": 11,
            "perc_si": "91,54",
            "perc_no": "8,46",
            "dt_agg": 20250609155708
        },
        {
            "cod": 2,
            "desc": null,
            "sz_perv": 1,
            "vot_m": 60,
            "vot_f": 76,
            "vot_t": 136,
            "perc_vot": "29,89",
            "sk_bianche": 4,
            "sk_nulle": 3,
            "sk_contestate": 0,
            "voti_si": 117,
            "voti_no": 12,
            "perc_si": "90,70",
            "perc_no": "9,30",
            "dt_agg": 20250609155708
        },
        {
            "cod": 3,
            "desc": null,
            "sz_perv": 1,
            "vot_m": 60,
            "vot_f": 76,
            "vot_t": 136,
            "perc_vot": "29,89",
            "sk_bianche": 6,
            "sk_nulle": 1,
            "sk_contestate": 0,
            "voti_si": 116,
            "voti_no": 13,
            "perc_si": "89,92",
            "perc_no": "10,08",
            "dt_agg": 20250609155708
        },
        {
            "cod": 4,
            "desc": null,
            "sz_perv": 1,
            "vot_m": 60,
            "vot_f": 76,
            "vot_t": 136,
            "perc_vot": "29,89",
            "sk_bianche": 7,
            "sk_nulle": 3,
            "sk_contestate": 0,
            "voti_si": 116,
            "voti_no": 10,
            "perc_si": "92,06",
            "perc_no": "7,94",
            "dt_agg": 20250609155708
        },
        {
            "cod": 5,
            "desc": null,
            "sz_perv": 1,
            "vot_m": 60,
            "vot_f": 76,
            "vot_t": 136,
            "perc_vot": "29,89",
            "sk_bianche": 8,
            "sk_nulle": 2,
            "sk_contestate": 0,
            "voti_si": 92,
            "voti_no": 34,
            "perc_si": "73,02",
            "perc_no": "26,98",
            "dt_agg": 20250609155708
        }
    ]
}