{
    "int": {
        "st": "ESERCIZIO",
        "t_ele": "Referendum",
        "t_ref": "ABROGATIVO",
        "f_elet": "SCRUTINI",
        "dt_ele": 20250608000000,
        "l_terr": "COMUNE",
        "area": "I",
        "cod_com": 330,
        "desc_com": "FRANCAVILLA IN SINNI",
        "cod_prov": 64,
        "desc_prov": "POTENZA",
        "cod_reg": 17,
        "desc_reg": "BASILICATA",
        "ele_m": 1564,
        "ele_f": 1623,
        "ele_t": 3187,
        "sz_tot": 4,
        "tipo_tras": "SZ"
    },
    "note": null,
    "scheda": [
        {
            "cod": 1,
            "desc": null,
            "sz_perv": 4,
            "vot_m": 327,
            "vot_f": 370,
            "vot_t": 697,
            "perc_vot": "21,87",
            "sk_bianche": 16,
            "sk_nulle": 17,
            "sk_contestate": 0,
            "voti_si": 614,
            "voti_no": 50,
            "perc_si": "92,47",
            "perc_no": "7,53",
            "dt_agg": 20250609181230
        },
        {
            "cod": 2,
            "desc": null,
            "sz_perv": 4,
            "vot_m": 327,
            "vot_f": 370,
            "vot_t": 697,
            "perc_vot": "21,87",
            "sk_bianche": 22,
            "sk_nulle": 15,
            "sk_contestate": 0,
            "voti_si": 596,
            "voti_no": 64,
            "perc_si": "90,30",
            "perc_no": "9,70",
            "dt_agg": 20250609181313
        },
        {
            "cod": 3,
            "desc": null,
            "sz_perv": 4,
            "vot_m": 327,
            "vot_f": 370,
            "vot_t": 697,
            "perc_vot": "21,87",
            "sk_bianche": 21,
            "sk_nulle": 14,
            "sk_contestate": 0,
            "voti_si": 599,
            "voti_no": 63,
            "perc_si": "90,48",
            "perc_no": "9,52",
            "dt_agg": 20250609181337
        },
        {
            "cod": 4,
            "desc": null,
            "sz_perv": 4,
            "vot_m": 327,
            "vot_f": 370,
            "vot_t": 697,
            "perc_vot": "21,87",
            "sk_bianche": 19,
            "sk_nulle": 14,
            "sk_contestate": 0,
            "voti_si": 593,
            "voti_no": 71,
            "perc_si": "89,31",
            "perc_no": "10,69",
            "dt_agg": 20250609181417
        },
        {
            "cod": 5,
            "desc": null,
            "sz_perv": 4,
            "vot_m": 327,
            "vot_f": 370,
            "vot_t": 697,
            "perc_vot": "21,87",
            "sk_bianche": 19,
            "sk_nulle": 12,
            "sk_contestate": 0,
            "voti_si": 454,
            "voti_no": 212,
            "perc_si": "68,17",
            "perc_no": "31,83",
            "dt_agg": 20250609181508
        }
    ]
}