{
    "int": {
        "st": "ESERCIZIO",
        "t_ele": "Referendum",
        "t_ref": "ABROGATIVO",
        "f_elet": "SCRUTINI",
        "dt_ele": 20250608000000,
        "l_terr": "COMUNE",
        "area": "I",
        "cod_com": 280,
        "desc_com": "CHIAROMONTE",
        "cod_prov": 64,
        "desc_prov": "POTENZA",
        "cod_reg": 17,
        "desc_reg": "BASILICATA",
        "ele_m": 717,
        "ele_f": 750,
        "ele_t": 1467,
        "sz_tot": 2,
        "tipo_tras": "SZ"
    },
    "note": null,
    "scheda": [
        {
            "cod": 1,
            "desc": null,
            "sz_perv": 2,
            "vot_m": 206,
            "vot_f": 233,
            "vot_t": 439,
            "perc_vot": "29,93",
            "sk_bianche": 17,
            "sk_nulle": 9,
            "sk_contestate": 0,
            "voti_si": 366,
            "voti_no": 47,
            "perc_si": "88,62",
            "perc_no": "11,38",
            "dt_agg": 20250609163740
        },
        {
            "cod": 2,
            "desc": null,
            "sz_perv": 2,
            "vot_m": 206,
            "vot_f": 234,
            "vot_t": 440,
            "perc_vot": "29,99",
            "sk_bianche": 15,
            "sk_nulle": 10,
            "sk_contestate": 0,
            "voti_si": 369,
            "voti_no": 46,
            "perc_si": "88,92",
            "perc_no": "11,08",
            "dt_agg": 20250609171409
        },
        {
            "cod": 3,
            "desc": null,
            "sz_perv": 2,
            "vot_m": 206,
            "vot_f": 233,
            "vot_t": 439,
            "perc_vot": "29,93",
            "sk_bianche": 16,
            "sk_nulle": 9,
            "sk_contestate": 0,
            "voti_si": 370,
            "voti_no": 44,
            "perc_si": "89,37",
            "perc_no": "10,63",
            "dt_agg": 20250609171510
        },
        {
            "cod": 4,
            "desc": null,
            "sz_perv": 2,
            "vot_m": 207,
            "vot_f": 234,
            "vot_t": 441,
            "perc_vot": "30,06",
            "sk_bianche": 15,
            "sk_nulle": 11,
            "sk_contestate": 0,
            "voti_si": 373,
            "voti_no": 42,
            "perc_si": "89,88",
            "perc_no": "10,12",
            "dt_agg": 20250609180337
        },
        {
            "cod": 5,
            "desc": null,
            "sz_perv": 2,
            "vot_m": 206,
            "vot_f": 233,
            "vot_t": 439,
            "perc_vot": "29,93",
            "sk_bianche": 12,
            "sk_nulle": 8,
            "sk_contestate": 0,
            "voti_si": 277,
            "voti_no": 142,
            "perc_si": "66,11",
            "perc_no": "33,89",
            "dt_agg": 20250609180422
        }
    ]
}