{
    "int": {
        "st": "ESERCIZIO",
        "t_ele": "Referendum",
        "t_ref": "ABROGATIVO",
        "f_elet": "SCRUTINI",
        "dt_ele": 20250608000000,
        "l_terr": "COMUNE",
        "area": "I",
        "cod_com": 480,
        "desc_com": "MISSANELLO",
        "cod_prov": 64,
        "desc_prov": "POTENZA",
        "cod_reg": 17,
        "desc_reg": "BASILICATA",
        "ele_m": 163,
        "ele_f": 202,
        "ele_t": 365,
        "sz_tot": 1,
        "tipo_tras": "SZ"
    },
    "note": null,
    "scheda": [
        {
            "cod": 1,
            "desc": null,
            "sz_perv": 1,
            "vot_m": 44,
            "vot_f": 63,
            "vot_t": 107,
            "perc_vot": "29,32",
            "sk_bianche": 4,
            "sk_nulle": 2,
            "sk_contestate": 0,
            "voti_si": 98,
            "voti_no": 3,
            "perc_si": "97,03",
            "perc_no": "2,97",
            "dt_agg": 20250609155707
        },
        {
            "cod": 2,
            "desc": null,
            "sz_perv": 1,
            "vot_m": 44,
            "vot_f": 63,
            "vot_t": 107,
            "perc_vot": "29,32",
            "sk_bianche": 6,
            "sk_nulle": 2,
            "sk_contestate": 0,
            "voti_si": 92,
            "voti_no": 7,
            "perc_si": "92,93",
            "perc_no": "7,07",
            "dt_agg": 20250609155713
        },
        {
            "cod": 3,
            "desc": null,
            "sz_perv": 1,
            "vot_m": 44,
            "vot_f": 63,
            "vot_t": 107,
            "perc_vot": "29,32",
            "sk_bianche": 5,
            "sk_nulle": 2,
            "sk_contestate": 0,
            "voti_si": 97,
            "voti_no": 3,
            "perc_si": "97,00",
            "perc_no": "3,00",
            "dt_agg": 20250609155713
        },
        {
            "cod": 4,
            "desc": null,
            "sz_perv": 1,
            "vot_m": 44,
            "vot_f": 63,
            "vot_t": 107,
            "perc_vot": "29,32",
            "sk_bianche": 5,
            "sk_nulle": 2,
            "sk_contestate": 0,
            "voti_si": 96,
            "voti_no": 4,
            "perc_si": "96,00",
            "perc_no": "4,00",
            "dt_agg": 20250609160418
        },
        {
            "cod": 5,
            "desc": null,
            "sz_perv": 1,
            "vot_m": 44,
            "vot_f": 63,
            "vot_t": 107,
            "perc_vot": "29,32",
            "sk_bianche": 5,
            "sk_nulle": 2,
            "sk_contestate": 1,
            "voti_si": 66,
            "voti_no": 33,
            "perc_si": "66,67",
            "perc_no": "33,33",
            "dt_agg": 20250609165059
        }
    ]
}