{
    "int": {
        "st": "ESERCIZIO",
        "t_ele": "Referendum",
        "t_ref": "ABROGATIVO",
        "f_elet": "SCRUTINI",
        "dt_ele": 20250608000000,
        "l_terr": "COMUNE",
        "area": "I",
        "cod_com": 170,
        "desc_com": "CAMPOMAGGIORE",
        "cod_prov": 64,
        "desc_prov": "POTENZA",
        "cod_reg": 17,
        "desc_reg": "BASILICATA",
        "ele_m": 294,
        "ele_f": 304,
        "ele_t": 598,
        "sz_tot": 1,
        "tipo_tras": "SZ"
    },
    "note": null,
    "scheda": [
        {
            "cod": 1,
            "desc": null,
            "sz_perv": 1,
            "vot_m": 104,
            "vot_f": 91,
            "vot_t": 195,
            "perc_vot": "32,61",
            "sk_bianche": 2,
            "sk_nulle": 2,
            "sk_contestate": 0,
            "voti_si": 182,
            "voti_no": 9,
            "perc_si": "95,29",
            "perc_no": "4,71",
            "dt_agg": 20250609162659
        },
        {
            "cod": 2,
            "desc": null,
            "sz_perv": 1,
            "vot_m": 104,
            "vot_f": 91,
            "vot_t": 195,
            "perc_vot": "32,61",
            "sk_bianche": 1,
            "sk_nulle": 2,
            "sk_contestate": 0,
            "voti_si": 185,
            "voti_no": 7,
            "perc_si": "96,35",
            "perc_no": "3,65",
            "dt_agg": 20250609162653
        },
        {
            "cod": 3,
            "desc": null,
            "sz_perv": 1,
            "vot_m": 104,
            "vot_f": 91,
            "vot_t": 195,
            "perc_vot": "32,61",
            "sk_bianche": 1,
            "sk_nulle": 2,
            "sk_contestate": 0,
            "voti_si": 182,
            "voti_no": 10,
            "perc_si": "94,79",
            "perc_no": "5,21",
            "dt_agg": 20250609162653
        },
        {
            "cod": 4,
            "desc": null,
            "sz_perv": 1,
            "vot_m": 104,
            "vot_f": 91,
            "vot_t": 195,
            "perc_vot": "32,61",
            "sk_bianche": 2,
            "sk_nulle": 2,
            "sk_contestate": 0,
            "voti_si": 180,
            "voti_no": 11,
            "perc_si": "94,24",
            "perc_no": "5,76",
            "dt_agg": 20250609162653
        },
        {
            "cod": 5,
            "desc": null,
            "sz_perv": 1,
            "vot_m": 102,
            "vot_f": 91,
            "vot_t": 193,
            "perc_vot": "32,27",
            "sk_bianche": 2,
            "sk_nulle": 1,
            "sk_contestate": 0,
            "voti_si": 119,
            "voti_no": 71,
            "perc_si": "62,63",
            "perc_no": "37,37",
            "dt_agg": 20250609162654
        }
    ]
}