{
    "int": {
        "st": "ESERCIZIO",
        "t_ele": "Referendum",
        "t_ref": "ABROGATIVO",
        "f_elet": "SCRUTINI",
        "dt_ele": 20250608000000,
        "l_terr": "COMUNE",
        "area": "I",
        "cod_com": 80,
        "desc_com": "BALVANO",
        "cod_prov": 64,
        "desc_prov": "POTENZA",
        "cod_reg": 17,
        "desc_reg": "BASILICATA",
        "ele_m": 725,
        "ele_f": 673,
        "ele_t": 1398,
        "sz_tot": 2,
        "tipo_tras": "SZ"
    },
    "note": null,
    "scheda": [
        {
            "cod": 1,
            "desc": null,
            "sz_perv": 2,
            "vot_m": 197,
            "vot_f": 192,
            "vot_t": 389,
            "perc_vot": "27,83",
            "sk_bianche": 13,
            "sk_nulle": 2,
            "sk_contestate": 0,
            "voti_si": 347,
            "voti_no": 27,
            "perc_si": "92,78",
            "perc_no": "7,22",
            "dt_agg": 20250609174023
        },
        {
            "cod": 2,
            "desc": null,
            "sz_perv": 2,
            "vot_m": 197,
            "vot_f": 192,
            "vot_t": 389,
            "perc_vot": "27,83",
            "sk_bianche": 15,
            "sk_nulle": 2,
            "sk_contestate": 0,
            "voti_si": 340,
            "voti_no": 32,
            "perc_si": "91,40",
            "perc_no": "8,60",
            "dt_agg": 20250609174115
        },
        {
            "cod": 3,
            "desc": null,
            "sz_perv": 2,
            "vot_m": 197,
            "vot_f": 192,
            "vot_t": 389,
            "perc_vot": "27,83",
            "sk_bianche": 18,
            "sk_nulle": 1,
            "sk_contestate": 0,
            "voti_si": 345,
            "voti_no": 25,
            "perc_si": "93,24",
            "perc_no": "6,76",
            "dt_agg": 20250609174134
        },
        {
            "cod": 4,
            "desc": null,
            "sz_perv": 2,
            "vot_m": 197,
            "vot_f": 192,
            "vot_t": 389,
            "perc_vot": "27,83",
            "sk_bianche": 18,
            "sk_nulle": 1,
            "sk_contestate": 0,
            "voti_si": 332,
            "voti_no": 38,
            "perc_si": "89,73",
            "perc_no": "10,27",
            "dt_agg": 20250609174210
        },
        {
            "cod": 5,
            "desc": null,
            "sz_perv": 2,
            "vot_m": 197,
            "vot_f": 192,
            "vot_t": 389,
            "perc_vot": "27,83",
            "sk_bianche": 12,
            "sk_nulle": 2,
            "sk_contestate": 0,
            "voti_si": 253,
            "voti_no": 122,
            "perc_si": "67,47",
            "perc_no": "32,53",
            "dt_agg": 20250609174252
        }
    ]
}