{
    "int": {
        "st": "ESERCIZIO",
        "t_ele": "Referendum",
        "t_ref": "ABROGATIVO",
        "f_elet": "SCRUTINI",
        "dt_ele": 20250608000000,
        "l_terr": "COMUNE",
        "area": "I",
        "cod_com": 260,
        "desc_com": "CASTRONUOVO DI SANT'ANDREA",
        "cod_prov": 64,
        "desc_prov": "POTENZA",
        "cod_reg": 17,
        "desc_reg": "BASILICATA",
        "ele_m": 359,
        "ele_f": 396,
        "ele_t": 755,
        "sz_tot": 2,
        "tipo_tras": "SZ"
    },
    "note": null,
    "scheda": [
        {
            "cod": 1,
            "desc": null,
            "sz_perv": 2,
            "vot_m": 84,
            "vot_f": 98,
            "vot_t": 182,
            "perc_vot": "24,11",
            "sk_bianche": 9,
            "sk_nulle": 5,
            "sk_contestate": 0,
            "voti_si": 158,
            "voti_no": 10,
            "perc_si": "94,05",
            "perc_no": "5,95",
            "dt_agg": 20250609181046
        },
        {
            "cod": 2,
            "desc": null,
            "sz_perv": 2,
            "vot_m": 84,
            "vot_f": 98,
            "vot_t": 182,
            "perc_vot": "24,11",
            "sk_bianche": 5,
            "sk_nulle": 4,
            "sk_contestate": 0,
            "voti_si": 164,
            "voti_no": 9,
            "perc_si": "94,80",
            "perc_no": "5,20",
            "dt_agg": 20250609181100
        },
        {
            "cod": 3,
            "desc": null,
            "sz_perv": 2,
            "vot_m": 84,
            "vot_f": 98,
            "vot_t": 182,
            "perc_vot": "24,11",
            "sk_bianche": 5,
            "sk_nulle": 3,
            "sk_contestate": 0,
            "voti_si": 160,
            "voti_no": 14,
            "perc_si": "91,95",
            "perc_no": "8,05",
            "dt_agg": 20250609181120
        },
        {
            "cod": 4,
            "desc": null,
            "sz_perv": 2,
            "vot_m": 84,
            "vot_f": 98,
            "vot_t": 182,
            "perc_vot": "24,11",
            "sk_bianche": 4,
            "sk_nulle": 3,
            "sk_contestate": 0,
            "voti_si": 159,
            "voti_no": 16,
            "perc_si": "90,86",
            "perc_no": "9,14",
            "dt_agg": 20250609181137
        },
        {
            "cod": 5,
            "desc": null,
            "sz_perv": 2,
            "vot_m": 84,
            "vot_f": 98,
            "vot_t": 182,
            "perc_vot": "24,11",
            "sk_bianche": 1,
            "sk_nulle": 3,
            "sk_contestate": 0,
            "voti_si": 139,
            "voti_no": 39,
            "perc_si": "78,09",
            "perc_no": "21,91",
            "dt_agg": 20250609181200
        }
    ]
}