{
    "int": {
        "st": "ESERCIZIO",
        "t_ele": "Referendum",
        "t_ref": "ABROGATIVO",
        "f_elet": "SCRUTINI",
        "dt_ele": 20250608000000,
        "l_terr": "COMUNE",
        "area": "I",
        "cod_com": 440,
        "desc_com": "MARSICO NUOVO",
        "cod_prov": 64,
        "desc_prov": "POTENZA",
        "cod_reg": 17,
        "desc_reg": "BASILICATA",
        "ele_m": 1530,
        "ele_f": 1661,
        "ele_t": 3191,
        "sz_tot": 7,
        "tipo_tras": "SZ"
    },
    "note": null,
    "scheda": [
        {
            "cod": 1,
            "desc": null,
            "sz_perv": 7,
            "vot_m": 405,
            "vot_f": 457,
            "vot_t": 862,
            "perc_vot": "27,01",
            "sk_bianche": 17,
            "sk_nulle": 2,
            "sk_contestate": 0,
            "voti_si": 751,
            "voti_no": 92,
            "perc_si": "89,09",
            "perc_no": "10,91",
            "dt_agg": 20250609185022
        },
        {
            "cod": 2,
            "desc": null,
            "sz_perv": 7,
            "vot_m": 405,
            "vot_f": 458,
            "vot_t": 863,
            "perc_vot": "27,04",
            "sk_bianche": 17,
            "sk_nulle": 5,
            "sk_contestate": 0,
            "voti_si": 728,
            "voti_no": 113,
            "perc_si": "86,56",
            "perc_no": "13,44",
            "dt_agg": 20250609185053
        },
        {
            "cod": 3,
            "desc": null,
            "sz_perv": 7,
            "vot_m": 405,
            "vot_f": 458,
            "vot_t": 863,
            "perc_vot": "27,04",
            "sk_bianche": 15,
            "sk_nulle": 5,
            "sk_contestate": 0,
            "voti_si": 744,
            "voti_no": 99,
            "perc_si": "88,26",
            "perc_no": "11,74",
            "dt_agg": 20250609185125
        },
        {
            "cod": 4,
            "desc": null,
            "sz_perv": 7,
            "vot_m": 405,
            "vot_f": 458,
            "vot_t": 863,
            "perc_vot": "27,04",
            "sk_bianche": 17,
            "sk_nulle": 6,
            "sk_contestate": 0,
            "voti_si": 731,
            "voti_no": 109,
            "perc_si": "87,02",
            "perc_no": "12,98",
            "dt_agg": 20250609185159
        },
        {
            "cod": 5,
            "desc": null,
            "sz_perv": 7,
            "vot_m": 405,
            "vot_f": 458,
            "vot_t": 863,
            "perc_vot": "27,04",
            "sk_bianche": 23,
            "sk_nulle": 5,
            "sk_contestate": 0,
            "voti_si": 535,
            "voti_no": 300,
            "perc_si": "64,07",
            "perc_no": "35,93",
            "dt_agg": 20250609185315
        }
    ]
}