{
    "int": {
        "st": "ESERCIZIO",
        "t_ele": "Referendum",
        "t_ref": "ABROGATIVO",
        "f_elet": "SCRUTINI",
        "dt_ele": 20250608000000,
        "l_terr": "COMUNE",
        "area": "I",
        "cod_com": 540,
        "desc_com": "NOEPOLI",
        "cod_prov": 64,
        "desc_prov": "POTENZA",
        "cod_reg": 17,
        "desc_reg": "BASILICATA",
        "ele_m": 309,
        "ele_f": 310,
        "ele_t": 619,
        "sz_tot": 2,
        "tipo_tras": "SZ"
    },
    "note": null,
    "scheda": [
        {
            "cod": 1,
            "desc": null,
            "sz_perv": 2,
            "vot_m": 68,
            "vot_f": 77,
            "vot_t": 145,
            "perc_vot": "23,42",
            "sk_bianche": 5,
            "sk_nulle": 1,
            "sk_contestate": 0,
            "voti_si": 133,
            "voti_no": 6,
            "perc_si": "95,68",
            "perc_no": "4,32",
            "dt_agg": 20250609171819
        },
        {
            "cod": 2,
            "desc": null,
            "sz_perv": 2,
            "vot_m": 68,
            "vot_f": 77,
            "vot_t": 145,
            "perc_vot": "23,42",
            "sk_bianche": 5,
            "sk_nulle": 1,
            "sk_contestate": 0,
            "voti_si": 131,
            "voti_no": 8,
            "perc_si": "94,24",
            "perc_no": "5,76",
            "dt_agg": 20250609171841
        },
        {
            "cod": 3,
            "desc": null,
            "sz_perv": 2,
            "vot_m": 68,
            "vot_f": 77,
            "vot_t": 145,
            "perc_vot": "23,42",
            "sk_bianche": 5,
            "sk_nulle": 2,
            "sk_contestate": 0,
            "voti_si": 130,
            "voti_no": 8,
            "perc_si": "94,20",
            "perc_no": "5,80",
            "dt_agg": 20250609171912
        },
        {
            "cod": 4,
            "desc": null,
            "sz_perv": 2,
            "vot_m": 68,
            "vot_f": 77,
            "vot_t": 145,
            "perc_vot": "23,42",
            "sk_bianche": 6,
            "sk_nulle": 1,
            "sk_contestate": 0,
            "voti_si": 130,
            "voti_no": 8,
            "perc_si": "94,20",
            "perc_no": "5,80",
            "dt_agg": 20250609171933
        },
        {
            "cod": 5,
            "desc": null,
            "sz_perv": 2,
            "vot_m": 68,
            "vot_f": 77,
            "vot_t": 145,
            "perc_vot": "23,42",
            "sk_bianche": 7,
            "sk_nulle": 3,
            "sk_contestate": 0,
            "voti_si": 105,
            "voti_no": 30,
            "perc_si": "77,78",
            "perc_no": "22,22",
            "dt_agg": 20250609172005
        }
    ]
}