{
    "int": {
        "st": "ESERCIZIO",
        "t_ele": "Referendum",
        "t_ref": "ABROGATIVO",
        "f_elet": "SCRUTINI",
        "dt_ele": 20250608000000,
        "l_terr": "COMUNE",
        "area": "I",
        "cod_com": 90,
        "desc_com": "BANZI",
        "cod_prov": 64,
        "desc_prov": "POTENZA",
        "cod_reg": 17,
        "desc_reg": "BASILICATA",
        "ele_m": 495,
        "ele_f": 488,
        "ele_t": 983,
        "sz_tot": 2,
        "tipo_tras": "SZ"
    },
    "note": null,
    "scheda": [
        {
            "cod": 1,
            "desc": null,
            "sz_perv": 2,
            "vot_m": 140,
            "vot_f": 172,
            "vot_t": 312,
            "perc_vot": "31,74",
            "sk_bianche": 6,
            "sk_nulle": 8,
            "sk_contestate": 0,
            "voti_si": 281,
            "voti_no": 17,
            "perc_si": "94,30",
            "perc_no": "5,70",
            "dt_agg": 20250609165059
        },
        {
            "cod": 2,
            "desc": null,
            "sz_perv": 2,
            "vot_m": 140,
            "vot_f": 172,
            "vot_t": 312,
            "perc_vot": "31,74",
            "sk_bianche": 7,
            "sk_nulle": 6,
            "sk_contestate": 0,
            "voti_si": 277,
            "voti_no": 22,
            "perc_si": "92,64",
            "perc_no": "7,36",
            "dt_agg": 20250609165709
        },
        {
            "cod": 3,
            "desc": null,
            "sz_perv": 2,
            "vot_m": 140,
            "vot_f": 172,
            "vot_t": 312,
            "perc_vot": "31,74",
            "sk_bianche": 6,
            "sk_nulle": 8,
            "sk_contestate": 0,
            "voti_si": 280,
            "voti_no": 18,
            "perc_si": "93,96",
            "perc_no": "6,04",
            "dt_agg": 20250609165718
        },
        {
            "cod": 4,
            "desc": null,
            "sz_perv": 2,
            "vot_m": 140,
            "vot_f": 172,
            "vot_t": 312,
            "perc_vot": "31,74",
            "sk_bianche": 10,
            "sk_nulle": 7,
            "sk_contestate": 0,
            "voti_si": 272,
            "voti_no": 23,
            "perc_si": "92,20",
            "perc_no": "7,80",
            "dt_agg": 20250609165907
        },
        {
            "cod": 5,
            "desc": null,
            "sz_perv": 2,
            "vot_m": 140,
            "vot_f": 172,
            "vot_t": 312,
            "perc_vot": "31,74",
            "sk_bianche": 9,
            "sk_nulle": 6,
            "sk_contestate": 0,
            "voti_si": 200,
            "voti_no": 97,
            "perc_si": "67,34",
            "perc_no": "32,66",
            "dt_agg": 20250609170122
        }
    ]
}