{
    "int": {
        "st": "ESERCIZIO",
        "t_ele": "Referendum",
        "t_ref": "ABROGATIVO",
        "f_elet": "SCRUTINI",
        "dt_ele": 20250608000000,
        "l_terr": "COMUNE",
        "area": "I",
        "cod_com": 360,
        "desc_com": "GRUMENTO NOVA",
        "cod_prov": 64,
        "desc_prov": "POTENZA",
        "cod_reg": 17,
        "desc_reg": "BASILICATA",
        "ele_m": 608,
        "ele_f": 628,
        "ele_t": 1236,
        "sz_tot": 2,
        "tipo_tras": "SZ"
    },
    "note": null,
    "scheda": [
        {
            "cod": 1,
            "desc": null,
            "sz_perv": 2,
            "vot_m": 155,
            "vot_f": 166,
            "vot_t": 321,
            "perc_vot": "25,97",
            "sk_bianche": 14,
            "sk_nulle": 5,
            "sk_contestate": 0,
            "voti_si": 271,
            "voti_no": 31,
            "perc_si": "89,74",
            "perc_no": "10,26",
            "dt_agg": 20250609172515
        },
        {
            "cod": 2,
            "desc": null,
            "sz_perv": 2,
            "vot_m": 154,
            "vot_f": 166,
            "vot_t": 320,
            "perc_vot": "25,89",
            "sk_bianche": 12,
            "sk_nulle": 4,
            "sk_contestate": 0,
            "voti_si": 270,
            "voti_no": 34,
            "perc_si": "88,82",
            "perc_no": "11,18",
            "dt_agg": 20250609172608
        },
        {
            "cod": 3,
            "desc": null,
            "sz_perv": 2,
            "vot_m": 155,
            "vot_f": 166,
            "vot_t": 321,
            "perc_vot": "25,97",
            "sk_bianche": 14,
            "sk_nulle": 7,
            "sk_contestate": 0,
            "voti_si": 266,
            "voti_no": 34,
            "perc_si": "88,67",
            "perc_no": "11,33",
            "dt_agg": 20250609172654
        },
        {
            "cod": 4,
            "desc": null,
            "sz_perv": 2,
            "vot_m": 154,
            "vot_f": 166,
            "vot_t": 320,
            "perc_vot": "25,89",
            "sk_bianche": 13,
            "sk_nulle": 6,
            "sk_contestate": 0,
            "voti_si": 261,
            "voti_no": 40,
            "perc_si": "86,71",
            "perc_no": "13,29",
            "dt_agg": 20250609172735
        },
        {
            "cod": 5,
            "desc": null,
            "sz_perv": 2,
            "vot_m": 154,
            "vot_f": 166,
            "vot_t": 320,
            "perc_vot": "25,89",
            "sk_bianche": 16,
            "sk_nulle": 8,
            "sk_contestate": 0,
            "voti_si": 164,
            "voti_no": 132,
            "perc_si": "55,41",
            "perc_no": "44,59",
            "dt_agg": 20250609172912
        }
    ]
}