{
    "int": {
        "st": "ESERCIZIO",
        "t_ele": "Referendum",
        "t_ref": "ABROGATIVO",
        "f_elet": "SCRUTINI",
        "dt_ele": 20250608000000,
        "l_terr": "COMUNE",
        "area": "I",
        "cod_com": 561,
        "desc_com": "PATERNO",
        "cod_prov": 64,
        "desc_prov": "POTENZA",
        "cod_reg": 17,
        "desc_reg": "BASILICATA",
        "ele_m": 1221,
        "ele_f": 1329,
        "ele_t": 2550,
        "sz_tot": 4,
        "tipo_tras": "SZ"
    },
    "note": null,
    "scheda": [
        {
            "cod": 1,
            "desc": null,
            "sz_perv": 4,
            "vot_m": 264,
            "vot_f": 294,
            "vot_t": 558,
            "perc_vot": "21,88",
            "sk_bianche": 7,
            "sk_nulle": 2,
            "sk_contestate": 0,
            "voti_si": 500,
            "voti_no": 49,
            "perc_si": "91,07",
            "perc_no": "8,93",
            "dt_agg": 20250609174241
        },
        {
            "cod": 2,
            "desc": null,
            "sz_perv": 4,
            "vot_m": 264,
            "vot_f": 294,
            "vot_t": 558,
            "perc_vot": "21,88",
            "sk_bianche": 11,
            "sk_nulle": 4,
            "sk_contestate": 0,
            "voti_si": 499,
            "voti_no": 44,
            "perc_si": "91,90",
            "perc_no": "8,10",
            "dt_agg": 20250609174324
        },
        {
            "cod": 3,
            "desc": null,
            "sz_perv": 4,
            "vot_m": 264,
            "vot_f": 294,
            "vot_t": 558,
            "perc_vot": "21,88",
            "sk_bianche": 9,
            "sk_nulle": 3,
            "sk_contestate": 0,
            "voti_si": 503,
            "voti_no": 43,
            "perc_si": "92,12",
            "perc_no": "7,88",
            "dt_agg": 20250609174347
        },
        {
            "cod": 4,
            "desc": null,
            "sz_perv": 4,
            "vot_m": 264,
            "vot_f": 294,
            "vot_t": 558,
            "perc_vot": "21,88",
            "sk_bianche": 11,
            "sk_nulle": 5,
            "sk_contestate": 0,
            "voti_si": 489,
            "voti_no": 53,
            "perc_si": "90,22",
            "perc_no": "9,78",
            "dt_agg": 20250609174405
        },
        {
            "cod": 5,
            "desc": null,
            "sz_perv": 4,
            "vot_m": 265,
            "vot_f": 294,
            "vot_t": 559,
            "perc_vot": "21,92",
            "sk_bianche": 7,
            "sk_nulle": 6,
            "sk_contestate": 0,
            "voti_si": 352,
            "voti_no": 194,
            "perc_si": "64,47",
            "perc_no": "35,53",
            "dt_agg": 20250609174434
        }
    ]
}