{
    "int": {
        "st": "ESERCIZIO",
        "t_ele": "Referendum",
        "t_ref": "ABROGATIVO",
        "f_elet": "SCRUTINI",
        "dt_ele": 20250608000000,
        "l_terr": "COMUNE",
        "area": "I",
        "cod_com": 550,
        "desc_com": "OPPIDO LUCANO",
        "cod_prov": 64,
        "desc_prov": "POTENZA",
        "cod_reg": 17,
        "desc_reg": "BASILICATA",
        "ele_m": 1494,
        "ele_f": 1526,
        "ele_t": 3020,
        "sz_tot": 4,
        "tipo_tras": "SZ"
    },
    "note": null,
    "scheda": [
        {
            "cod": 1,
            "desc": null,
            "sz_perv": 4,
            "vot_m": 522,
            "vot_f": 516,
            "vot_t": 1038,
            "perc_vot": "34,37",
            "sk_bianche": 19,
            "sk_nulle": 7,
            "sk_contestate": 0,
            "voti_si": 936,
            "voti_no": 76,
            "perc_si": "92,49",
            "perc_no": "7,51",
            "dt_agg": 20250609184615
        },
        {
            "cod": 2,
            "desc": null,
            "sz_perv": 4,
            "vot_m": 521,
            "vot_f": 517,
            "vot_t": 1038,
            "perc_vot": "34,37",
            "sk_bianche": 20,
            "sk_nulle": 7,
            "sk_contestate": 0,
            "voti_si": 920,
            "voti_no": 91,
            "perc_si": "91,00",
            "perc_no": "9,00",
            "dt_agg": 20250609184646
        },
        {
            "cod": 3,
            "desc": null,
            "sz_perv": 4,
            "vot_m": 521,
            "vot_f": 517,
            "vot_t": 1038,
            "perc_vot": "34,37",
            "sk_bianche": 25,
            "sk_nulle": 9,
            "sk_contestate": 0,
            "voti_si": 921,
            "voti_no": 83,
            "perc_si": "91,73",
            "perc_no": "8,27",
            "dt_agg": 20250609184716
        },
        {
            "cod": 4,
            "desc": null,
            "sz_perv": 4,
            "vot_m": 521,
            "vot_f": 517,
            "vot_t": 1038,
            "perc_vot": "34,37",
            "sk_bianche": 20,
            "sk_nulle": 7,
            "sk_contestate": 0,
            "voti_si": 930,
            "voti_no": 81,
            "perc_si": "91,99",
            "perc_no": "8,01",
            "dt_agg": 20250609184740
        },
        {
            "cod": 5,
            "desc": null,
            "sz_perv": 4,
            "vot_m": 522,
            "vot_f": 517,
            "vot_t": 1039,
            "perc_vot": "34,40",
            "sk_bianche": 27,
            "sk_nulle": 10,
            "sk_contestate": 0,
            "voti_si": 706,
            "voti_no": 296,
            "perc_si": "70,46",
            "perc_no": "29,54",
            "dt_agg": 20250609184801
        }
    ]
}