{
    "int": {
        "st": "ESERCIZIO",
        "t_ele": "Referendum",
        "t_ref": "ABROGATIVO",
        "f_elet": "SCRUTINI",
        "dt_ele": 20250608000000,
        "l_terr": "COMUNE",
        "area": "I",
        "cod_com": 420,
        "desc_com": "LAVELLO",
        "cod_prov": 64,
        "desc_prov": "POTENZA",
        "cod_reg": 17,
        "desc_reg": "BASILICATA",
        "ele_m": 5015,
        "ele_f": 5069,
        "ele_t": 10084,
        "sz_tot": 13,
        "tipo_tras": "SZ"
    },
    "note": null,
    "scheda": [
        {
            "cod": 1,
            "desc": null,
            "sz_perv": 13,
            "vot_m": 1478,
            "vot_f": 1524,
            "vot_t": 3002,
            "perc_vot": "29,77",
            "sk_bianche": 36,
            "sk_nulle": 18,
            "sk_contestate": 0,
            "voti_si": 2701,
            "voti_no": 247,
            "perc_si": "91,62",
            "perc_no": "8,38",
            "dt_agg": 20250609161954
        },
        {
            "cod": 2,
            "desc": null,
            "sz_perv": 13,
            "vot_m": 1478,
            "vot_f": 1524,
            "vot_t": 3002,
            "perc_vot": "29,77",
            "sk_bianche": 34,
            "sk_nulle": 21,
            "sk_contestate": 0,
            "voti_si": 2655,
            "voti_no": 292,
            "perc_si": "90,09",
            "perc_no": "9,91",
            "dt_agg": 20250609164732
        },
        {
            "cod": 3,
            "desc": null,
            "sz_perv": 13,
            "vot_m": 1478,
            "vot_f": 1524,
            "vot_t": 3002,
            "perc_vot": "29,77",
            "sk_bianche": 44,
            "sk_nulle": 23,
            "sk_contestate": 0,
            "voti_si": 2680,
            "voti_no": 255,
            "perc_si": "91,31",
            "perc_no": "8,69",
            "dt_agg": 20250609172551
        },
        {
            "cod": 4,
            "desc": null,
            "sz_perv": 13,
            "vot_m": 1478,
            "vot_f": 1526,
            "vot_t": 3004,
            "perc_vot": "29,79",
            "sk_bianche": 42,
            "sk_nulle": 24,
            "sk_contestate": 0,
            "voti_si": 2639,
            "voti_no": 299,
            "perc_si": "89,82",
            "perc_no": "10,18",
            "dt_agg": 20250609173041
        },
        {
            "cod": 5,
            "desc": null,
            "sz_perv": 13,
            "vot_m": 1478,
            "vot_f": 1524,
            "vot_t": 3002,
            "perc_vot": "29,77",
            "sk_bianche": 53,
            "sk_nulle": 23,
            "sk_contestate": 0,
            "voti_si": 1526,
            "voti_no": 1400,
            "perc_si": "52,15",
            "perc_no": "47,85",
            "dt_agg": 20250609175342
        }
    ]
}