{
    "int": {
        "st": "ESERCIZIO",
        "t_ele": "Referendum",
        "t_ref": "ABROGATIVO",
        "f_elet": "SCRUTINI",
        "dt_ele": 20250608000000,
        "l_terr": "COMUNE",
        "area": "I",
        "cod_com": 250,
        "desc_com": "CASTELSARACENO",
        "cod_prov": 64,
        "desc_prov": "POTENZA",
        "cod_reg": 17,
        "desc_reg": "BASILICATA",
        "ele_m": 488,
        "ele_f": 501,
        "ele_t": 989,
        "sz_tot": 2,
        "tipo_tras": "SZ"
    },
    "note": null,
    "scheda": [
        {
            "cod": 1,
            "desc": null,
            "sz_perv": 2,
            "vot_m": 141,
            "vot_f": 171,
            "vot_t": 312,
            "perc_vot": "31,55",
            "sk_bianche": 9,
            "sk_nulle": 5,
            "sk_contestate": 0,
            "voti_si": 284,
            "voti_no": 14,
            "perc_si": "95,30",
            "perc_no": "4,70",
            "dt_agg": 20250609174115
        },
        {
            "cod": 2,
            "desc": null,
            "sz_perv": 2,
            "vot_m": 141,
            "vot_f": 171,
            "vot_t": 312,
            "perc_vot": "31,55",
            "sk_bianche": 9,
            "sk_nulle": 4,
            "sk_contestate": 0,
            "voti_si": 276,
            "voti_no": 23,
            "perc_si": "92,31",
            "perc_no": "7,69",
            "dt_agg": 20250609174155
        },
        {
            "cod": 3,
            "desc": null,
            "sz_perv": 2,
            "vot_m": 141,
            "vot_f": 171,
            "vot_t": 312,
            "perc_vot": "31,55",
            "sk_bianche": 8,
            "sk_nulle": 3,
            "sk_contestate": 0,
            "voti_si": 278,
            "voti_no": 23,
            "perc_si": "92,36",
            "perc_no": "7,64",
            "dt_agg": 20250609174224
        },
        {
            "cod": 4,
            "desc": null,
            "sz_perv": 2,
            "vot_m": 141,
            "vot_f": 171,
            "vot_t": 312,
            "perc_vot": "31,55",
            "sk_bianche": 10,
            "sk_nulle": 5,
            "sk_contestate": 0,
            "voti_si": 273,
            "voti_no": 24,
            "perc_si": "91,92",
            "perc_no": "8,08",
            "dt_agg": 20250609174252
        },
        {
            "cod": 5,
            "desc": null,
            "sz_perv": 2,
            "vot_m": 141,
            "vot_f": 171,
            "vot_t": 312,
            "perc_vot": "31,55",
            "sk_bianche": 13,
            "sk_nulle": 4,
            "sk_contestate": 0,
            "voti_si": 204,
            "voti_no": 91,
            "perc_si": "69,15",
            "perc_no": "30,85",
            "dt_agg": 20250609174324
        }
    ]
}