{
    "int": {
        "st": "ESERCIZIO",
        "t_ele": "Referendum",
        "t_ref": "ABROGATIVO",
        "f_elet": "SCRUTINI",
        "dt_ele": 20250608000000,
        "l_terr": "COMUNE",
        "area": "I",
        "cod_com": 450,
        "desc_com": "MARSICOVETERE",
        "cod_prov": 64,
        "desc_prov": "POTENZA",
        "cod_reg": 17,
        "desc_reg": "BASILICATA",
        "ele_m": 2195,
        "ele_f": 2273,
        "ele_t": 4468,
        "sz_tot": 6,
        "tipo_tras": "SZ"
    },
    "note": null,
    "scheda": [
        {
            "cod": 1,
            "desc": null,
            "sz_perv": 6,
            "vot_m": 547,
            "vot_f": 590,
            "vot_t": 1137,
            "perc_vot": "25,45",
            "sk_bianche": 31,
            "sk_nulle": 8,
            "sk_contestate": 0,
            "voti_si": 1005,
            "voti_no": 93,
            "perc_si": "91,53",
            "perc_no": "8,47",
            "dt_agg": 20250609182302
        },
        {
            "cod": 2,
            "desc": null,
            "sz_perv": 6,
            "vot_m": 547,
            "vot_f": 590,
            "vot_t": 1137,
            "perc_vot": "25,45",
            "sk_bianche": 24,
            "sk_nulle": 7,
            "sk_contestate": 0,
            "voti_si": 1008,
            "voti_no": 98,
            "perc_si": "91,14",
            "perc_no": "8,86",
            "dt_agg": 20250609182340
        },
        {
            "cod": 3,
            "desc": null,
            "sz_perv": 6,
            "vot_m": 547,
            "vot_f": 590,
            "vot_t": 1137,
            "perc_vot": "25,45",
            "sk_bianche": 22,
            "sk_nulle": 7,
            "sk_contestate": 0,
            "voti_si": 1017,
            "voti_no": 91,
            "perc_si": "91,79",
            "perc_no": "8,21",
            "dt_agg": 20250609182513
        },
        {
            "cod": 4,
            "desc": null,
            "sz_perv": 6,
            "vot_m": 546,
            "vot_f": 590,
            "vot_t": 1136,
            "perc_vot": "25,43",
            "sk_bianche": 21,
            "sk_nulle": 6,
            "sk_contestate": 0,
            "voti_si": 980,
            "voti_no": 129,
            "perc_si": "88,37",
            "perc_no": "11,63",
            "dt_agg": 20250609192642
        },
        {
            "cod": 5,
            "desc": null,
            "sz_perv": 6,
            "vot_m": 547,
            "vot_f": 590,
            "vot_t": 1137,
            "perc_vot": "25,45",
            "sk_bianche": 17,
            "sk_nulle": 10,
            "sk_contestate": 0,
            "voti_si": 688,
            "voti_no": 422,
            "perc_si": "61,98",
            "perc_no": "38,02",
            "dt_agg": 20250609192710
        }
    ]
}