{
    "int": {
        "st": "ESERCIZIO",
        "t_ele": "Referendum",
        "t_ref": "ABROGATIVO",
        "f_elet": "SCRUTINI",
        "dt_ele": 20250608000000,
        "l_terr": "COMUNE",
        "area": "I",
        "cod_com": 20,
        "desc_com": "ACERENZA",
        "cod_prov": 64,
        "desc_prov": "POTENZA",
        "cod_reg": 17,
        "desc_reg": "BASILICATA",
        "ele_m": 874,
        "ele_f": 879,
        "ele_t": 1753,
        "sz_tot": 4,
        "tipo_tras": "SZ"
    },
    "note": null,
    "scheda": [
        {
            "cod": 1,
            "desc": null,
            "sz_perv": 4,
            "vot_m": 217,
            "vot_f": 222,
            "vot_t": 439,
            "perc_vot": "25,04",
            "sk_bianche": 16,
            "sk_nulle": 2,
            "sk_contestate": 0,
            "voti_si": 380,
            "voti_no": 41,
            "perc_si": "90,26",
            "perc_no": "9,74",
            "dt_agg": 20250609173811
        },
        {
            "cod": 2,
            "desc": null,
            "sz_perv": 4,
            "vot_m": 217,
            "vot_f": 222,
            "vot_t": 439,
            "perc_vot": "25,04",
            "sk_bianche": 19,
            "sk_nulle": 2,
            "sk_contestate": 0,
            "voti_si": 381,
            "voti_no": 37,
            "perc_si": "91,15",
            "perc_no": "8,85",
            "dt_agg": 20250609173926
        },
        {
            "cod": 3,
            "desc": null,
            "sz_perv": 4,
            "vot_m": 217,
            "vot_f": 222,
            "vot_t": 439,
            "perc_vot": "25,04",
            "sk_bianche": 19,
            "sk_nulle": 2,
            "sk_contestate": 0,
            "voti_si": 376,
            "voti_no": 42,
            "perc_si": "89,95",
            "perc_no": "10,05",
            "dt_agg": 20250609174010
        },
        {
            "cod": 4,
            "desc": null,
            "sz_perv": 4,
            "vot_m": 217,
            "vot_f": 222,
            "vot_t": 439,
            "perc_vot": "25,04",
            "sk_bianche": 20,
            "sk_nulle": 2,
            "sk_contestate": 0,
            "voti_si": 374,
            "voti_no": 43,
            "perc_si": "89,69",
            "perc_no": "10,31",
            "dt_agg": 20250609174115
        },
        {
            "cod": 5,
            "desc": null,
            "sz_perv": 4,
            "vot_m": 215,
            "vot_f": 221,
            "vot_t": 436,
            "perc_vot": "24,87",
            "sk_bianche": 18,
            "sk_nulle": 3,
            "sk_contestate": 0,
            "voti_si": 251,
            "voti_no": 164,
            "perc_si": "60,48",
            "perc_no": "39,52",
            "dt_agg": 20250609174155
        }
    ]
}