{
    "int": {
        "st": "ESERCIZIO",
        "t_ele": "Referendum",
        "t_ref": "ABROGATIVO",
        "f_elet": "SCRUTINI",
        "dt_ele": 20250608000000,
        "l_terr": "COMUNE",
        "area": "I",
        "cod_com": 140,
        "desc_com": "BRINDISI MONTAGNA",
        "cod_prov": 64,
        "desc_prov": "POTENZA",
        "cod_reg": 17,
        "desc_reg": "BASILICATA",
        "ele_m": 349,
        "ele_f": 305,
        "ele_t": 654,
        "sz_tot": 1,
        "tipo_tras": "SZ"
    },
    "note": null,
    "scheda": [
        {
            "cod": 1,
            "desc": null,
            "sz_perv": 1,
            "vot_m": 124,
            "vot_f": 107,
            "vot_t": 231,
            "perc_vot": "35,32",
            "sk_bianche": 6,
            "sk_nulle": 1,
            "sk_contestate": 0,
            "voti_si": 209,
            "voti_no": 15,
            "perc_si": "93,30",
            "perc_no": "6,70",
            "dt_agg": 20250609171740
        },
        {
            "cod": 2,
            "desc": null,
            "sz_perv": 1,
            "vot_m": 124,
            "vot_f": 107,
            "vot_t": 231,
            "perc_vot": "35,32",
            "sk_bianche": 6,
            "sk_nulle": 1,
            "sk_contestate": 0,
            "voti_si": 211,
            "voti_no": 13,
            "perc_si": "94,20",
            "perc_no": "5,80",
            "dt_agg": 20250609172431
        },
        {
            "cod": 3,
            "desc": null,
            "sz_perv": 1,
            "vot_m": 124,
            "vot_f": 107,
            "vot_t": 231,
            "perc_vot": "35,32",
            "sk_bianche": 5,
            "sk_nulle": 1,
            "sk_contestate": 0,
            "voti_si": 210,
            "voti_no": 15,
            "perc_si": "93,33",
            "perc_no": "6,67",
            "dt_agg": 20250609172651
        },
        {
            "cod": 4,
            "desc": null,
            "sz_perv": 1,
            "vot_m": 124,
            "vot_f": 107,
            "vot_t": 231,
            "perc_vot": "35,32",
            "sk_bianche": 6,
            "sk_nulle": 1,
            "sk_contestate": 0,
            "voti_si": 207,
            "voti_no": 17,
            "perc_si": "92,41",
            "perc_no": "7,59",
            "dt_agg": 20250609172750
        },
        {
            "cod": 5,
            "desc": null,
            "sz_perv": 1,
            "vot_m": 124,
            "vot_f": 107,
            "vot_t": 231,
            "perc_vot": "35,32",
            "sk_bianche": 7,
            "sk_nulle": 2,
            "sk_contestate": 0,
            "voti_si": 169,
            "voti_no": 53,
            "perc_si": "76,13",
            "perc_no": "23,87",
            "dt_agg": 20250609173041
        }
    ]
}