{
    "int": {
        "st": "ESERCIZIO",
        "t_ele": "Referendum",
        "t_ref": "ABROGATIVO",
        "f_elet": "SCRUTINI",
        "dt_ele": 20250608000000,
        "l_terr": "COMUNE",
        "area": "I",
        "cod_com": 400,
        "desc_com": "LAURENZANA",
        "cod_prov": 64,
        "desc_prov": "POTENZA",
        "cod_reg": 17,
        "desc_reg": "BASILICATA",
        "ele_m": 670,
        "ele_f": 707,
        "ele_t": 1377,
        "sz_tot": 2,
        "tipo_tras": "SZ"
    },
    "note": null,
    "scheda": [
        {
            "cod": 1,
            "desc": null,
            "sz_perv": 2,
            "vot_m": 196,
            "vot_f": 212,
            "vot_t": 408,
            "perc_vot": "29,63",
            "sk_bianche": 8,
            "sk_nulle": 9,
            "sk_contestate": 0,
            "voti_si": 349,
            "voti_no": 42,
            "perc_si": "89,26",
            "perc_no": "10,74",
            "dt_agg": 20250609174554
        },
        {
            "cod": 2,
            "desc": null,
            "sz_perv": 2,
            "vot_m": 196,
            "vot_f": 212,
            "vot_t": 408,
            "perc_vot": "29,63",
            "sk_bianche": 8,
            "sk_nulle": 11,
            "sk_contestate": 0,
            "voti_si": 343,
            "voti_no": 46,
            "perc_si": "88,17",
            "perc_no": "11,83",
            "dt_agg": 20250609174625
        },
        {
            "cod": 3,
            "desc": null,
            "sz_perv": 2,
            "vot_m": 196,
            "vot_f": 212,
            "vot_t": 408,
            "perc_vot": "29,63",
            "sk_bianche": 11,
            "sk_nulle": 10,
            "sk_contestate": 0,
            "voti_si": 331,
            "voti_no": 56,
            "perc_si": "85,53",
            "perc_no": "14,47",
            "dt_agg": 20250609174658
        },
        {
            "cod": 4,
            "desc": null,
            "sz_perv": 2,
            "vot_m": 196,
            "vot_f": 212,
            "vot_t": 408,
            "perc_vot": "29,63",
            "sk_bianche": 10,
            "sk_nulle": 10,
            "sk_contestate": 0,
            "voti_si": 329,
            "voti_no": 59,
            "perc_si": "84,79",
            "perc_no": "15,21",
            "dt_agg": 20250609174742
        },
        {
            "cod": 5,
            "desc": null,
            "sz_perv": 2,
            "vot_m": 196,
            "vot_f": 212,
            "vot_t": 408,
            "perc_vot": "29,63",
            "sk_bianche": 11,
            "sk_nulle": 10,
            "sk_contestate": 0,
            "voti_si": 244,
            "voti_no": 143,
            "perc_si": "63,05",
            "perc_no": "36,95",
            "dt_agg": 20250609174856
        }
    ]
}