{
    "int": {
        "st": "ESERCIZIO",
        "t_ele": "Referendum",
        "t_ref": "ABROGATIVO",
        "f_elet": "SCRUTINI",
        "dt_ele": 20250608000000,
        "l_terr": "COMUNE",
        "area": "I",
        "cod_com": 320,
        "desc_com": "FORENZA",
        "cod_prov": 64,
        "desc_prov": "POTENZA",
        "cod_reg": 17,
        "desc_reg": "BASILICATA",
        "ele_m": 753,
        "ele_f": 732,
        "ele_t": 1485,
        "sz_tot": 4,
        "tipo_tras": "SZ"
    },
    "note": null,
    "scheda": [
        {
            "cod": 1,
            "desc": null,
            "sz_perv": 4,
            "vot_m": 215,
            "vot_f": 239,
            "vot_t": 454,
            "perc_vot": "30,57",
            "sk_bianche": 5,
            "sk_nulle": 5,
            "sk_contestate": 0,
            "voti_si": 400,
            "voti_no": 44,
            "perc_si": "90,09",
            "perc_no": "9,91",
            "dt_agg": 20250609182336
        },
        {
            "cod": 2,
            "desc": null,
            "sz_perv": 4,
            "vot_m": 215,
            "vot_f": 239,
            "vot_t": 454,
            "perc_vot": "30,57",
            "sk_bianche": 8,
            "sk_nulle": 3,
            "sk_contestate": 0,
            "voti_si": 401,
            "voti_no": 42,
            "perc_si": "90,52",
            "perc_no": "9,48",
            "dt_agg": 20250609182437
        },
        {
            "cod": 3,
            "desc": null,
            "sz_perv": 4,
            "vot_m": 215,
            "vot_f": 239,
            "vot_t": 454,
            "perc_vot": "30,57",
            "sk_bianche": 6,
            "sk_nulle": 3,
            "sk_contestate": 0,
            "voti_si": 404,
            "voti_no": 41,
            "perc_si": "90,79",
            "perc_no": "9,21",
            "dt_agg": 20250609182528
        },
        {
            "cod": 4,
            "desc": null,
            "sz_perv": 4,
            "vot_m": 215,
            "vot_f": 239,
            "vot_t": 454,
            "perc_vot": "30,57",
            "sk_bianche": 8,
            "sk_nulle": 4,
            "sk_contestate": 0,
            "voti_si": 400,
            "voti_no": 42,
            "perc_si": "90,50",
            "perc_no": "9,50",
            "dt_agg": 20250609182558
        },
        {
            "cod": 5,
            "desc": null,
            "sz_perv": 4,
            "vot_m": 215,
            "vot_f": 237,
            "vot_t": 452,
            "perc_vot": "30,44",
            "sk_bianche": 9,
            "sk_nulle": 7,
            "sk_contestate": 0,
            "voti_si": 279,
            "voti_no": 157,
            "perc_si": "63,99",
            "perc_no": "36,01",
            "dt_agg": 20250609182637
        }
    ]
}