{
    "int": {
        "st": "ESERCIZIO",
        "t_ele": "Referendum",
        "t_ref": "ABROGATIVO",
        "f_elet": "SCRUTINI",
        "dt_ele": 20250608000000,
        "l_terr": "COMUNE",
        "area": "I",
        "cod_com": 500,
        "desc_com": "MONTEMILONE",
        "cod_prov": 64,
        "desc_prov": "POTENZA",
        "cod_reg": 17,
        "desc_reg": "BASILICATA",
        "ele_m": 558,
        "ele_f": 577,
        "ele_t": 1135,
        "sz_tot": 2,
        "tipo_tras": "SZ"
    },
    "note": null,
    "scheda": [
        {
            "cod": 1,
            "desc": null,
            "sz_perv": 2,
            "vot_m": 152,
            "vot_f": 158,
            "vot_t": 310,
            "perc_vot": "27,31",
            "sk_bianche": 1,
            "sk_nulle": 1,
            "sk_contestate": 0,
            "voti_si": 290,
            "voti_no": 18,
            "perc_si": "94,16",
            "perc_no": "5,84",
            "dt_agg": 20250609174049
        },
        {
            "cod": 2,
            "desc": null,
            "sz_perv": 2,
            "vot_m": 152,
            "vot_f": 158,
            "vot_t": 310,
            "perc_vot": "27,31",
            "sk_bianche": 4,
            "sk_nulle": 0,
            "sk_contestate": 0,
            "voti_si": 283,
            "voti_no": 23,
            "perc_si": "92,48",
            "perc_no": "7,52",
            "dt_agg": 20250609174115
        },
        {
            "cod": 3,
            "desc": null,
            "sz_perv": 2,
            "vot_m": 152,
            "vot_f": 158,
            "vot_t": 310,
            "perc_vot": "27,31",
            "sk_bianche": 4,
            "sk_nulle": 0,
            "sk_contestate": 0,
            "voti_si": 292,
            "voti_no": 14,
            "perc_si": "95,42",
            "perc_no": "4,58",
            "dt_agg": 20250609174158
        },
        {
            "cod": 4,
            "desc": null,
            "sz_perv": 2,
            "vot_m": 152,
            "vot_f": 158,
            "vot_t": 310,
            "perc_vot": "27,31",
            "sk_bianche": 4,
            "sk_nulle": 1,
            "sk_contestate": 0,
            "voti_si": 282,
            "voti_no": 23,
            "perc_si": "92,46",
            "perc_no": "7,54",
            "dt_agg": 20250609174222
        },
        {
            "cod": 5,
            "desc": null,
            "sz_perv": 2,
            "vot_m": 152,
            "vot_f": 158,
            "vot_t": 310,
            "perc_vot": "27,31",
            "sk_bianche": 6,
            "sk_nulle": 1,
            "sk_contestate": 0,
            "voti_si": 220,
            "voti_no": 83,
            "perc_si": "72,61",
            "perc_no": "27,39",
            "dt_agg": 20250609174249
        }
    ]
}