{
    "int": {
        "st": "ESERCIZIO",
        "t_ele": "Referendum",
        "t_ref": "ABROGATIVO",
        "f_elet": "SCRUTINI",
        "dt_ele": 20250608000000,
        "l_terr": "COMUNE",
        "area": "I",
        "cod_com": 350,
        "desc_com": "GENZANO DI LUCANIA",
        "cod_prov": 64,
        "desc_prov": "POTENZA",
        "cod_reg": 17,
        "desc_reg": "BASILICATA",
        "ele_m": 2082,
        "ele_f": 2180,
        "ele_t": 4262,
        "sz_tot": 6,
        "tipo_tras": "SZ"
    },
    "note": null,
    "scheda": [
        {
            "cod": 1,
            "desc": null,
            "sz_perv": 6,
            "vot_m": 568,
            "vot_f": 648,
            "vot_t": 1216,
            "perc_vot": "28,53",
            "sk_bianche": 29,
            "sk_nulle": 14,
            "sk_contestate": 0,
            "voti_si": 1095,
            "voti_no": 78,
            "perc_si": "93,35",
            "perc_no": "6,65",
            "dt_agg": 20250609180703
        },
        {
            "cod": 2,
            "desc": null,
            "sz_perv": 6,
            "vot_m": 568,
            "vot_f": 648,
            "vot_t": 1216,
            "perc_vot": "28,53",
            "sk_bianche": 27,
            "sk_nulle": 11,
            "sk_contestate": 0,
            "voti_si": 1083,
            "voti_no": 95,
            "perc_si": "91,94",
            "perc_no": "8,06",
            "dt_agg": 20250609180722
        },
        {
            "cod": 3,
            "desc": null,
            "sz_perv": 6,
            "vot_m": 568,
            "vot_f": 648,
            "vot_t": 1216,
            "perc_vot": "28,53",
            "sk_bianche": 26,
            "sk_nulle": 14,
            "sk_contestate": 0,
            "voti_si": 1088,
            "voti_no": 88,
            "perc_si": "92,52",
            "perc_no": "7,48",
            "dt_agg": 20250609180744
        },
        {
            "cod": 4,
            "desc": null,
            "sz_perv": 6,
            "vot_m": 568,
            "vot_f": 648,
            "vot_t": 1216,
            "perc_vot": "28,53",
            "sk_bianche": 22,
            "sk_nulle": 15,
            "sk_contestate": 0,
            "voti_si": 1070,
            "voti_no": 109,
            "perc_si": "90,75",
            "perc_no": "9,25",
            "dt_agg": 20250609180808
        },
        {
            "cod": 5,
            "desc": null,
            "sz_perv": 6,
            "vot_m": 568,
            "vot_f": 648,
            "vot_t": 1216,
            "perc_vot": "28,53",
            "sk_bianche": 32,
            "sk_nulle": 17,
            "sk_contestate": 0,
            "voti_si": 740,
            "voti_no": 427,
            "perc_si": "63,41",
            "perc_no": "36,59",
            "dt_agg": 20250609180833
        }
    ]
}