{
    "int": {
        "st": "ESERCIZIO",
        "t_ele": "Referendum",
        "t_ref": "ABROGATIVO",
        "f_elet": "SCRUTINI",
        "dt_ele": 20250608000000,
        "l_terr": "COMUNE",
        "area": "I",
        "cod_com": 520,
        "desc_com": "MURO LUCANO",
        "cod_prov": 64,
        "desc_prov": "POTENZA",
        "cod_reg": 17,
        "desc_reg": "BASILICATA",
        "ele_m": 2074,
        "ele_f": 2059,
        "ele_t": 4133,
        "sz_tot": 6,
        "tipo_tras": "SZ"
    },
    "note": null,
    "scheda": [
        {
            "cod": 1,
            "desc": null,
            "sz_perv": 6,
            "vot_m": 363,
            "vot_f": 376,
            "vot_t": 739,
            "perc_vot": "17,88",
            "sk_bianche": 23,
            "sk_nulle": 10,
            "sk_contestate": 0,
            "voti_si": 637,
            "voti_no": 69,
            "perc_si": "90,23",
            "perc_no": "9,77",
            "dt_agg": 20250609165705
        },
        {
            "cod": 2,
            "desc": null,
            "sz_perv": 6,
            "vot_m": 363,
            "vot_f": 376,
            "vot_t": 739,
            "perc_vot": "17,88",
            "sk_bianche": 29,
            "sk_nulle": 11,
            "sk_contestate": 0,
            "voti_si": 630,
            "voti_no": 69,
            "perc_si": "90,13",
            "perc_no": "9,87",
            "dt_agg": 20250609165709
        },
        {
            "cod": 3,
            "desc": null,
            "sz_perv": 6,
            "vot_m": 363,
            "vot_f": 376,
            "vot_t": 739,
            "perc_vot": "17,88",
            "sk_bianche": 25,
            "sk_nulle": 13,
            "sk_contestate": 0,
            "voti_si": 635,
            "voti_no": 66,
            "perc_si": "90,58",
            "perc_no": "9,42",
            "dt_agg": 20250609165713
        },
        {
            "cod": 4,
            "desc": null,
            "sz_perv": 6,
            "vot_m": 363,
            "vot_f": 376,
            "vot_t": 739,
            "perc_vot": "17,88",
            "sk_bianche": 24,
            "sk_nulle": 8,
            "sk_contestate": 0,
            "voti_si": 632,
            "voti_no": 75,
            "perc_si": "89,39",
            "perc_no": "10,61",
            "dt_agg": 20250609165718
        },
        {
            "cod": 5,
            "desc": null,
            "sz_perv": 6,
            "vot_m": 361,
            "vot_f": 374,
            "vot_t": 735,
            "perc_vot": "17,78",
            "sk_bianche": 28,
            "sk_nulle": 9,
            "sk_contestate": 0,
            "voti_si": 480,
            "voti_no": 218,
            "perc_si": "68,77",
            "perc_no": "31,23",
            "dt_agg": 20250609165728
        }
    ]
}