{
    "int": {
        "st": "ESERCIZIO",
        "t_ele": "Referendum",
        "t_ref": "ABROGATIVO",
        "f_elet": "SCRUTINI",
        "dt_ele": 20250608000000,
        "l_terr": "COMUNE",
        "area": "I",
        "cod_com": 530,
        "desc_com": "NEMOLI",
        "cod_prov": 64,
        "desc_prov": "POTENZA",
        "cod_reg": 17,
        "desc_reg": "BASILICATA",
        "ele_m": 564,
        "ele_f": 589,
        "ele_t": 1153,
        "sz_tot": 3,
        "tipo_tras": "SZ"
    },
    "note": null,
    "scheda": [
        {
            "cod": 1,
            "desc": null,
            "sz_perv": 3,
            "vot_m": 184,
            "vot_f": 203,
            "vot_t": 387,
            "perc_vot": "33,56",
            "sk_bianche": 11,
            "sk_nulle": 7,
            "sk_contestate": 0,
            "voti_si": 331,
            "voti_no": 38,
            "perc_si": "89,70",
            "perc_no": "10,30",
            "dt_agg": 20250609155707
        },
        {
            "cod": 2,
            "desc": null,
            "sz_perv": 3,
            "vot_m": 184,
            "vot_f": 203,
            "vot_t": 387,
            "perc_vot": "33,56",
            "sk_bianche": 10,
            "sk_nulle": 6,
            "sk_contestate": 0,
            "voti_si": 329,
            "voti_no": 42,
            "perc_si": "88,68",
            "perc_no": "11,32",
            "dt_agg": 20250609160418
        },
        {
            "cod": 3,
            "desc": null,
            "sz_perv": 3,
            "vot_m": 184,
            "vot_f": 203,
            "vot_t": 387,
            "perc_vot": "33,56",
            "sk_bianche": 9,
            "sk_nulle": 7,
            "sk_contestate": 0,
            "voti_si": 324,
            "voti_no": 47,
            "perc_si": "87,33",
            "perc_no": "12,67",
            "dt_agg": 20250609161932
        },
        {
            "cod": 4,
            "desc": null,
            "sz_perv": 3,
            "vot_m": 184,
            "vot_f": 203,
            "vot_t": 387,
            "perc_vot": "33,56",
            "sk_bianche": 11,
            "sk_nulle": 5,
            "sk_contestate": 0,
            "voti_si": 319,
            "voti_no": 52,
            "perc_si": "85,98",
            "perc_no": "14,02",
            "dt_agg": 20250609163824
        },
        {
            "cod": 5,
            "desc": null,
            "sz_perv": 3,
            "vot_m": 184,
            "vot_f": 203,
            "vot_t": 387,
            "perc_vot": "33,56",
            "sk_bianche": 9,
            "sk_nulle": 6,
            "sk_contestate": 0,
            "voti_si": 257,
            "voti_no": 115,
            "perc_si": "69,09",
            "perc_no": "30,91",
            "dt_agg": 20250609165709
        }
    ]
}