{
    "int": {
        "st": "ESERCIZIO",
        "t_ele": "Referendum",
        "t_ref": "ABROGATIVO",
        "f_elet": "SCRUTINI",
        "dt_ele": 20250608000000,
        "l_terr": "COMUNE",
        "area": "I",
        "cod_com": 50,
        "desc_com": "ARMENTO",
        "cod_prov": 64,
        "desc_prov": "POTENZA",
        "cod_reg": 17,
        "desc_reg": "BASILICATA",
        "ele_m": 237,
        "ele_f": 211,
        "ele_t": 448,
        "sz_tot": 1,
        "tipo_tras": "SZ"
    },
    "note": null,
    "scheda": [
        {
            "cod": 1,
            "desc": null,
            "sz_perv": 1,
            "vot_m": 64,
            "vot_f": 63,
            "vot_t": 127,
            "perc_vot": "28,35",
            "sk_bianche": 7,
            "sk_nulle": 7,
            "sk_contestate": 0,
            "voti_si": 105,
            "voti_no": 8,
            "perc_si": "92,92",
            "perc_no": "7,08",
            "dt_agg": 20250609180028
        },
        {
            "cod": 2,
            "desc": null,
            "sz_perv": 1,
            "vot_m": 64,
            "vot_f": 63,
            "vot_t": 127,
            "perc_vot": "28,35",
            "sk_bianche": 6,
            "sk_nulle": 10,
            "sk_contestate": 0,
            "voti_si": 100,
            "voti_no": 11,
            "perc_si": "90,09",
            "perc_no": "9,91",
            "dt_agg": 20250609180103
        },
        {
            "cod": 3,
            "desc": null,
            "sz_perv": 1,
            "vot_m": 64,
            "vot_f": 63,
            "vot_t": 127,
            "perc_vot": "28,35",
            "sk_bianche": 8,
            "sk_nulle": 7,
            "sk_contestate": 0,
            "voti_si": 107,
            "voti_no": 5,
            "perc_si": "95,54",
            "perc_no": "4,46",
            "dt_agg": 20250609180149
        },
        {
            "cod": 4,
            "desc": null,
            "sz_perv": 1,
            "vot_m": 64,
            "vot_f": 63,
            "vot_t": 127,
            "perc_vot": "28,35",
            "sk_bianche": 8,
            "sk_nulle": 8,
            "sk_contestate": 0,
            "voti_si": 103,
            "voti_no": 8,
            "perc_si": "92,79",
            "perc_no": "7,21",
            "dt_agg": 20250609182735
        },
        {
            "cod": 5,
            "desc": null,
            "sz_perv": 1,
            "vot_m": 64,
            "vot_f": 63,
            "vot_t": 127,
            "perc_vot": "28,35",
            "sk_bianche": 11,
            "sk_nulle": 7,
            "sk_contestate": 0,
            "voti_si": 62,
            "voti_no": 47,
            "perc_si": "56,88",
            "perc_no": "43,12",
            "dt_agg": 20250609185641
        }
    ]
}