{
    "int": {
        "st": "ESERCIZIO",
        "t_ele": "Referendum",
        "t_ref": "ABROGATIVO",
        "f_elet": "SCRUTINI",
        "dt_ele": 20250608000000,
        "l_terr": "COMUNE",
        "area": "I",
        "cod_com": 370,
        "desc_com": "GUARDIA PERTICARA",
        "cod_prov": 64,
        "desc_prov": "POTENZA",
        "cod_reg": 17,
        "desc_reg": "BASILICATA",
        "ele_m": 209,
        "ele_f": 224,
        "ele_t": 433,
        "sz_tot": 1,
        "tipo_tras": "SZ"
    },
    "note": null,
    "scheda": [
        {
            "cod": 1,
            "desc": null,
            "sz_perv": 1,
            "vot_m": 55,
            "vot_f": 66,
            "vot_t": 121,
            "perc_vot": "27,94",
            "sk_bianche": 3,
            "sk_nulle": 3,
            "sk_contestate": 0,
            "voti_si": 99,
            "voti_no": 16,
            "perc_si": "86,09",
            "perc_no": "13,91",
            "dt_agg": 20250609173853
        },
        {
            "cod": 2,
            "desc": null,
            "sz_perv": 1,
            "vot_m": 55,
            "vot_f": 66,
            "vot_t": 121,
            "perc_vot": "27,94",
            "sk_bianche": 3,
            "sk_nulle": 3,
            "sk_contestate": 0,
            "voti_si": 98,
            "voti_no": 17,
            "perc_si": "85,22",
            "perc_no": "14,78",
            "dt_agg": 20250609174008
        },
        {
            "cod": 3,
            "desc": null,
            "sz_perv": 1,
            "vot_m": 55,
            "vot_f": 66,
            "vot_t": 121,
            "perc_vot": "27,94",
            "sk_bianche": 3,
            "sk_nulle": 4,
            "sk_contestate": 0,
            "voti_si": 99,
            "voti_no": 15,
            "perc_si": "86,84",
            "perc_no": "13,16",
            "dt_agg": 20250609174115
        },
        {
            "cod": 4,
            "desc": null,
            "sz_perv": 1,
            "vot_m": 55,
            "vot_f": 66,
            "vot_t": 121,
            "perc_vot": "27,94",
            "sk_bianche": 3,
            "sk_nulle": 5,
            "sk_contestate": 0,
            "voti_si": 95,
            "voti_no": 18,
            "perc_si": "84,07",
            "perc_no": "15,93",
            "dt_agg": 20250609174212
        },
        {
            "cod": 5,
            "desc": null,
            "sz_perv": 1,
            "vot_m": 55,
            "vot_f": 66,
            "vot_t": 121,
            "perc_vot": "27,94",
            "sk_bianche": 3,
            "sk_nulle": 2,
            "sk_contestate": 0,
            "voti_si": 65,
            "voti_no": 51,
            "perc_si": "56,03",
            "perc_no": "43,97",
            "dt_agg": 20250609174324
        }
    ]
}