{
    "int": {
        "st": "ESERCIZIO",
        "t_ele": "Referendum",
        "t_ref": "ABROGATIVO",
        "f_elet": "SCRUTINI",
        "dt_ele": 20250608000000,
        "l_terr": "COMUNE",
        "area": "I",
        "cod_com": 120,
        "desc_com": "BELLA",
        "cod_prov": 64,
        "desc_prov": "POTENZA",
        "cod_reg": 17,
        "desc_reg": "BASILICATA",
        "ele_m": 1834,
        "ele_f": 1867,
        "ele_t": 3701,
        "sz_tot": 6,
        "tipo_tras": "SZ"
    },
    "note": null,
    "scheda": [
        {
            "cod": 1,
            "desc": null,
            "sz_perv": 6,
            "vot_m": 569,
            "vot_f": 608,
            "vot_t": 1177,
            "perc_vot": "31,80",
            "sk_bianche": 35,
            "sk_nulle": 19,
            "sk_contestate": 0,
            "voti_si": 1029,
            "voti_no": 94,
            "perc_si": "91,63",
            "perc_no": "8,37",
            "dt_agg": 20250609175221
        },
        {
            "cod": 2,
            "desc": null,
            "sz_perv": 6,
            "vot_m": 568,
            "vot_f": 608,
            "vot_t": 1176,
            "perc_vot": "31,78",
            "sk_bianche": 40,
            "sk_nulle": 21,
            "sk_contestate": 0,
            "voti_si": 1006,
            "voti_no": 109,
            "perc_si": "90,22",
            "perc_no": "9,78",
            "dt_agg": 20250609175233
        },
        {
            "cod": 3,
            "desc": null,
            "sz_perv": 6,
            "vot_m": 569,
            "vot_f": 608,
            "vot_t": 1177,
            "perc_vot": "31,80",
            "sk_bianche": 42,
            "sk_nulle": 18,
            "sk_contestate": 0,
            "voti_si": 1016,
            "voti_no": 101,
            "perc_si": "90,96",
            "perc_no": "9,04",
            "dt_agg": 20250609175305
        },
        {
            "cod": 4,
            "desc": null,
            "sz_perv": 6,
            "vot_m": 568,
            "vot_f": 608,
            "vot_t": 1176,
            "perc_vot": "31,78",
            "sk_bianche": 41,
            "sk_nulle": 19,
            "sk_contestate": 0,
            "voti_si": 994,
            "voti_no": 122,
            "perc_si": "89,07",
            "perc_no": "10,93",
            "dt_agg": 20250609175326
        },
        {
            "cod": 5,
            "desc": null,
            "sz_perv": 6,
            "vot_m": 569,
            "vot_f": 607,
            "vot_t": 1176,
            "perc_vot": "31,78",
            "sk_bianche": 38,
            "sk_nulle": 19,
            "sk_contestate": 0,
            "voti_si": 661,
            "voti_no": 458,
            "perc_si": "59,07",
            "perc_no": "40,93",
            "dt_agg": 20250609175342
        }
    ]
}