{
    "int": {
        "st": "ESERCIZIO",
        "t_ele": "Referendum",
        "t_ref": "ABROGATIVO",
        "f_elet": "SCRUTINI",
        "dt_ele": 20250608000000,
        "l_terr": "COMUNE",
        "area": "I",
        "cod_com": 410,
        "desc_com": "LAURIA",
        "cod_prov": 64,
        "desc_prov": "POTENZA",
        "cod_reg": 17,
        "desc_reg": "BASILICATA",
        "ele_m": 4842,
        "ele_f": 5132,
        "ele_t": 9974,
        "sz_tot": 15,
        "tipo_tras": "SZ"
    },
    "note": null,
    "scheda": [
        {
            "cod": 1,
            "desc": null,
            "sz_perv": 15,
            "vot_m": 1217,
            "vot_f": 1396,
            "vot_t": 2613,
            "perc_vot": "26,20",
            "sk_bianche": 93,
            "sk_nulle": 44,
            "sk_contestate": 0,
            "voti_si": 2199,
            "voti_no": 277,
            "perc_si": "88,81",
            "perc_no": "11,19",
            "dt_agg": 20250609180604
        },
        {
            "cod": 2,
            "desc": null,
            "sz_perv": 15,
            "vot_m": 1217,
            "vot_f": 1396,
            "vot_t": 2613,
            "perc_vot": "26,20",
            "sk_bianche": 96,
            "sk_nulle": 42,
            "sk_contestate": 0,
            "voti_si": 2157,
            "voti_no": 318,
            "perc_si": "87,15",
            "perc_no": "12,85",
            "dt_agg": 20250609180632
        },
        {
            "cod": 3,
            "desc": null,
            "sz_perv": 15,
            "vot_m": 1216,
            "vot_f": 1396,
            "vot_t": 2612,
            "perc_vot": "26,19",
            "sk_bianche": 99,
            "sk_nulle": 46,
            "sk_contestate": 0,
            "voti_si": 2195,
            "voti_no": 272,
            "perc_si": "88,97",
            "perc_no": "11,03",
            "dt_agg": 20250609180701
        },
        {
            "cod": 4,
            "desc": null,
            "sz_perv": 15,
            "vot_m": 1218,
            "vot_f": 1397,
            "vot_t": 2615,
            "perc_vot": "26,22",
            "sk_bianche": 99,
            "sk_nulle": 45,
            "sk_contestate": 0,
            "voti_si": 2152,
            "voti_no": 319,
            "perc_si": "87,09",
            "perc_no": "12,91",
            "dt_agg": 20250609180731
        },
        {
            "cod": 5,
            "desc": null,
            "sz_perv": 15,
            "vot_m": 1220,
            "vot_f": 1398,
            "vot_t": 2618,
            "perc_vot": "26,25",
            "sk_bianche": 81,
            "sk_nulle": 40,
            "sk_contestate": 0,
            "voti_si": 1551,
            "voti_no": 946,
            "perc_si": "62,11",
            "perc_no": "37,89",
            "dt_agg": 20250609180758
        }
    ]
}