{
    "int": {
        "st": "ESERCIZIO",
        "t_ele": "Referendum",
        "t_ref": "ABROGATIVO",
        "f_elet": "SCRUTINI",
        "dt_ele": 20250608000000,
        "l_terr": "COMUNE",
        "area": "I",
        "cod_com": 110,
        "desc_com": "BARILE",
        "cod_prov": 64,
        "desc_prov": "POTENZA",
        "cod_reg": 17,
        "desc_reg": "BASILICATA",
        "ele_m": 981,
        "ele_f": 1052,
        "ele_t": 2033,
        "sz_tot": 3,
        "tipo_tras": "SZ"
    },
    "note": null,
    "scheda": [
        {
            "cod": 1,
            "desc": null,
            "sz_perv": 3,
            "vot_m": 361,
            "vot_f": 388,
            "vot_t": 749,
            "perc_vot": "36,84",
            "sk_bianche": 13,
            "sk_nulle": 6,
            "sk_contestate": 0,
            "voti_si": 683,
            "voti_no": 47,
            "perc_si": "93,56",
            "perc_no": "6,44",
            "dt_agg": 20250609175445
        },
        {
            "cod": 2,
            "desc": null,
            "sz_perv": 3,
            "vot_m": 361,
            "vot_f": 388,
            "vot_t": 749,
            "perc_vot": "36,84",
            "sk_bianche": 13,
            "sk_nulle": 4,
            "sk_contestate": 0,
            "voti_si": 666,
            "voti_no": 66,
            "perc_si": "90,98",
            "perc_no": "9,02",
            "dt_agg": 20250609175504
        },
        {
            "cod": 3,
            "desc": null,
            "sz_perv": 3,
            "vot_m": 361,
            "vot_f": 388,
            "vot_t": 749,
            "perc_vot": "36,84",
            "sk_bianche": 19,
            "sk_nulle": 4,
            "sk_contestate": 0,
            "voti_si": 673,
            "voti_no": 53,
            "perc_si": "92,70",
            "perc_no": "7,30",
            "dt_agg": 20250609175528
        },
        {
            "cod": 4,
            "desc": null,
            "sz_perv": 3,
            "vot_m": 361,
            "vot_f": 388,
            "vot_t": 749,
            "perc_vot": "36,84",
            "sk_bianche": 12,
            "sk_nulle": 6,
            "sk_contestate": 0,
            "voti_si": 661,
            "voti_no": 70,
            "perc_si": "90,42",
            "perc_no": "9,58",
            "dt_agg": 20250609175609
        },
        {
            "cod": 5,
            "desc": null,
            "sz_perv": 3,
            "vot_m": 361,
            "vot_f": 388,
            "vot_t": 749,
            "perc_vot": "36,84",
            "sk_bianche": 22,
            "sk_nulle": 7,
            "sk_contestate": 0,
            "voti_si": 405,
            "voti_no": 315,
            "perc_si": "56,25",
            "perc_no": "43,75",
            "dt_agg": 20250609175621
        }
    ]
}