{
    "int": {
        "st": "ESERCIZIO",
        "t_ele": "Referendum",
        "t_ref": "ABROGATIVO",
        "f_elet": "SCRUTINI",
        "dt_ele": 20250608000000,
        "l_terr": "COMUNE",
        "area": "I",
        "cod_com": 180,
        "desc_com": "CANCELLARA",
        "cod_prov": 64,
        "desc_prov": "POTENZA",
        "cod_reg": 17,
        "desc_reg": "BASILICATA",
        "ele_m": 486,
        "ele_f": 491,
        "ele_t": 977,
        "sz_tot": 2,
        "tipo_tras": "SZ"
    },
    "note": null,
    "scheda": [
        {
            "cod": 1,
            "desc": null,
            "sz_perv": 2,
            "vot_m": 122,
            "vot_f": 155,
            "vot_t": 277,
            "perc_vot": "28,35",
            "sk_bianche": 6,
            "sk_nulle": 2,
            "sk_contestate": 0,
            "voti_si": 249,
            "voti_no": 20,
            "perc_si": "92,57",
            "perc_no": "7,43",
            "dt_agg": 20250609171425
        },
        {
            "cod": 2,
            "desc": null,
            "sz_perv": 2,
            "vot_m": 122,
            "vot_f": 155,
            "vot_t": 277,
            "perc_vot": "28,35",
            "sk_bianche": 5,
            "sk_nulle": 3,
            "sk_contestate": 0,
            "voti_si": 250,
            "voti_no": 19,
            "perc_si": "92,94",
            "perc_no": "7,06",
            "dt_agg": 20250609171454
        },
        {
            "cod": 3,
            "desc": null,
            "sz_perv": 2,
            "vot_m": 122,
            "vot_f": 155,
            "vot_t": 277,
            "perc_vot": "28,35",
            "sk_bianche": 5,
            "sk_nulle": 6,
            "sk_contestate": 0,
            "voti_si": 253,
            "voti_no": 13,
            "perc_si": "95,11",
            "perc_no": "4,89",
            "dt_agg": 20250609171551
        },
        {
            "cod": 4,
            "desc": null,
            "sz_perv": 2,
            "vot_m": 122,
            "vot_f": 155,
            "vot_t": 277,
            "perc_vot": "28,35",
            "sk_bianche": 5,
            "sk_nulle": 6,
            "sk_contestate": 0,
            "voti_si": 246,
            "voti_no": 20,
            "perc_si": "92,48",
            "perc_no": "7,52",
            "dt_agg": 20250609171551
        },
        {
            "cod": 5,
            "desc": null,
            "sz_perv": 2,
            "vot_m": 122,
            "vot_f": 154,
            "vot_t": 276,
            "perc_vot": "28,25",
            "sk_bianche": 3,
            "sk_nulle": 6,
            "sk_contestate": 0,
            "voti_si": 184,
            "voti_no": 83,
            "perc_si": "68,91",
            "perc_no": "31,09",
            "dt_agg": 20250609171617
        }
    ]
}