{
    "int": {
        "st": "ESERCIZIO",
        "t_ele": "Referendum",
        "t_ref": "ABROGATIVO",
        "f_elet": "SCRUTINI",
        "dt_ele": 20250608000000,
        "l_terr": "COMUNE",
        "area": "I",
        "cod_com": 150,
        "desc_com": "CALVELLO",
        "cod_prov": 64,
        "desc_prov": "POTENZA",
        "cod_reg": 17,
        "desc_reg": "BASILICATA",
        "ele_m": 691,
        "ele_f": 778,
        "ele_t": 1469,
        "sz_tot": 3,
        "tipo_tras": "SZ"
    },
    "note": null,
    "scheda": [
        {
            "cod": 1,
            "desc": null,
            "sz_perv": 3,
            "vot_m": 159,
            "vot_f": 198,
            "vot_t": 357,
            "perc_vot": "24,30",
            "sk_bianche": 7,
            "sk_nulle": 4,
            "sk_contestate": 0,
            "voti_si": 324,
            "voti_no": 22,
            "perc_si": "93,64",
            "perc_no": "6,36",
            "dt_agg": 20250609163424
        },
        {
            "cod": 2,
            "desc": null,
            "sz_perv": 3,
            "vot_m": 159,
            "vot_f": 198,
            "vot_t": 357,
            "perc_vot": "24,30",
            "sk_bianche": 8,
            "sk_nulle": 4,
            "sk_contestate": 0,
            "voti_si": 322,
            "voti_no": 23,
            "perc_si": "93,33",
            "perc_no": "6,67",
            "dt_agg": 20250609163509
        },
        {
            "cod": 3,
            "desc": null,
            "sz_perv": 3,
            "vot_m": 159,
            "vot_f": 198,
            "vot_t": 357,
            "perc_vot": "24,30",
            "sk_bianche": 10,
            "sk_nulle": 4,
            "sk_contestate": 0,
            "voti_si": 323,
            "voti_no": 20,
            "perc_si": "94,17",
            "perc_no": "5,83",
            "dt_agg": 20250609163549
        },
        {
            "cod": 4,
            "desc": null,
            "sz_perv": 3,
            "vot_m": 159,
            "vot_f": 198,
            "vot_t": 357,
            "perc_vot": "24,30",
            "sk_bianche": 10,
            "sk_nulle": 3,
            "sk_contestate": 0,
            "voti_si": 309,
            "voti_no": 35,
            "perc_si": "89,83",
            "perc_no": "10,17",
            "dt_agg": 20250609163656
        },
        {
            "cod": 5,
            "desc": null,
            "sz_perv": 3,
            "vot_m": 159,
            "vot_f": 198,
            "vot_t": 357,
            "perc_vot": "24,30",
            "sk_bianche": 13,
            "sk_nulle": 4,
            "sk_contestate": 0,
            "voti_si": 238,
            "voti_no": 102,
            "perc_si": "70,00",
            "perc_no": "30,00",
            "dt_agg": 20250609163738
        }
    ]
}