{
    "int": {
        "st": "ESERCIZIO",
        "t_ele": "Referendum",
        "t_ref": "ABROGATIVO",
        "f_elet": "SCRUTINI",
        "dt_ele": 20250608000000,
        "l_terr": "COMUNE",
        "area": "I",
        "cod_com": 490,
        "desc_com": "MOLITERNO",
        "cod_prov": 64,
        "desc_prov": "POTENZA",
        "cod_reg": 17,
        "desc_reg": "BASILICATA",
        "ele_m": 1399,
        "ele_f": 1540,
        "ele_t": 2939,
        "sz_tot": 5,
        "tipo_tras": "SZ"
    },
    "note": null,
    "scheda": [
        {
            "cod": 1,
            "desc": null,
            "sz_perv": 5,
            "vot_m": 280,
            "vot_f": 331,
            "vot_t": 611,
            "perc_vot": "20,79",
            "sk_bianche": 12,
            "sk_nulle": 6,
            "sk_contestate": 0,
            "voti_si": 525,
            "voti_no": 68,
            "perc_si": "88,53",
            "perc_no": "11,47",
            "dt_agg": 20250609191527
        },
        {
            "cod": 2,
            "desc": null,
            "sz_perv": 5,
            "vot_m": 280,
            "vot_f": 331,
            "vot_t": 611,
            "perc_vot": "20,79",
            "sk_bianche": 10,
            "sk_nulle": 7,
            "sk_contestate": 0,
            "voti_si": 522,
            "voti_no": 72,
            "perc_si": "87,88",
            "perc_no": "12,12",
            "dt_agg": 20250609191532
        },
        {
            "cod": 3,
            "desc": null,
            "sz_perv": 5,
            "vot_m": 280,
            "vot_f": 331,
            "vot_t": 611,
            "perc_vot": "20,79",
            "sk_bianche": 16,
            "sk_nulle": 6,
            "sk_contestate": 0,
            "voti_si": 526,
            "voti_no": 63,
            "perc_si": "89,30",
            "perc_no": "10,70",
            "dt_agg": 20250609191607
        },
        {
            "cod": 4,
            "desc": null,
            "sz_perv": 5,
            "vot_m": 280,
            "vot_f": 331,
            "vot_t": 611,
            "perc_vot": "20,79",
            "sk_bianche": 14,
            "sk_nulle": 6,
            "sk_contestate": 0,
            "voti_si": 505,
            "voti_no": 86,
            "perc_si": "85,45",
            "perc_no": "14,55",
            "dt_agg": 20250609191945
        },
        {
            "cod": 5,
            "desc": null,
            "sz_perv": 5,
            "vot_m": 282,
            "vot_f": 331,
            "vot_t": 613,
            "perc_vot": "20,86",
            "sk_bianche": 7,
            "sk_nulle": 8,
            "sk_contestate": 0,
            "voti_si": 403,
            "voti_no": 195,
            "perc_si": "67,39",
            "perc_no": "32,61",
            "dt_agg": 20250609192014
        }
    ]
}