{
    "int": {
        "st": "ESERCIZIO",
        "t_ele": "Referendum",
        "t_ref": "ABROGATIVO",
        "f_elet": "SCRUTINI",
        "dt_ele": 20250608000000,
        "l_terr": "COMUNE",
        "area": "I",
        "cod_com": 510,
        "desc_com": "MONTEMURRO",
        "cod_prov": 64,
        "desc_prov": "POTENZA",
        "cod_reg": 17,
        "desc_reg": "BASILICATA",
        "ele_m": 447,
        "ele_f": 463,
        "ele_t": 910,
        "sz_tot": 2,
        "tipo_tras": "SZ"
    },
    "note": null,
    "scheda": [
        {
            "cod": 1,
            "desc": null,
            "sz_perv": 2,
            "vot_m": 153,
            "vot_f": 163,
            "vot_t": 316,
            "perc_vot": "34,73",
            "sk_bianche": 8,
            "sk_nulle": 6,
            "sk_contestate": 0,
            "voti_si": 277,
            "voti_no": 25,
            "perc_si": "91,72",
            "perc_no": "8,28",
            "dt_agg": 20250609184936
        },
        {
            "cod": 2,
            "desc": null,
            "sz_perv": 2,
            "vot_m": 153,
            "vot_f": 163,
            "vot_t": 316,
            "perc_vot": "34,73",
            "sk_bianche": 13,
            "sk_nulle": 6,
            "sk_contestate": 0,
            "voti_si": 267,
            "voti_no": 30,
            "perc_si": "89,90",
            "perc_no": "10,10",
            "dt_agg": 20250609185027
        },
        {
            "cod": 3,
            "desc": null,
            "sz_perv": 2,
            "vot_m": 153,
            "vot_f": 163,
            "vot_t": 316,
            "perc_vot": "34,73",
            "sk_bianche": 8,
            "sk_nulle": 8,
            "sk_contestate": 0,
            "voti_si": 277,
            "voti_no": 23,
            "perc_si": "92,33",
            "perc_no": "7,67",
            "dt_agg": 20250609185212
        },
        {
            "cod": 4,
            "desc": null,
            "sz_perv": 2,
            "vot_m": 153,
            "vot_f": 163,
            "vot_t": 316,
            "perc_vot": "34,73",
            "sk_bianche": 8,
            "sk_nulle": 8,
            "sk_contestate": 0,
            "voti_si": 266,
            "voti_no": 34,
            "perc_si": "88,67",
            "perc_no": "11,33",
            "dt_agg": 20250609185252
        },
        {
            "cod": 5,
            "desc": null,
            "sz_perv": 2,
            "vot_m": 153,
            "vot_f": 163,
            "vot_t": 316,
            "perc_vot": "34,73",
            "sk_bianche": 7,
            "sk_nulle": 6,
            "sk_contestate": 0,
            "voti_si": 210,
            "voti_no": 93,
            "perc_si": "69,31",
            "perc_no": "30,69",
            "dt_agg": 20250609185324
        }
    ]
}