{
    "int": {
        "st": "ESERCIZIO",
        "t_ele": "Referendum",
        "t_ref": "ABROGATIVO",
        "f_elet": "SCRUTINI",
        "dt_ele": 20250608000000,
        "l_terr": "COMUNE",
        "area": "I",
        "cod_com": 210,
        "desc_com": "CASTELGRANDE",
        "cod_prov": 64,
        "desc_prov": "POTENZA",
        "cod_reg": 17,
        "desc_reg": "BASILICATA",
        "ele_m": 369,
        "ele_f": 348,
        "ele_t": 717,
        "sz_tot": 2,
        "tipo_tras": "SZ"
    },
    "note": null,
    "scheda": [
        {
            "cod": 1,
            "desc": null,
            "sz_perv": 2,
            "vot_m": 89,
            "vot_f": 118,
            "vot_t": 207,
            "perc_vot": "28,87",
            "sk_bianche": 10,
            "sk_nulle": 2,
            "sk_contestate": 0,
            "voti_si": 182,
            "voti_no": 13,
            "perc_si": "93,33",
            "perc_no": "6,67",
            "dt_agg": 20250609155713
        },
        {
            "cod": 2,
            "desc": null,
            "sz_perv": 2,
            "vot_m": 89,
            "vot_f": 118,
            "vot_t": 207,
            "perc_vot": "28,87",
            "sk_bianche": 11,
            "sk_nulle": 2,
            "sk_contestate": 0,
            "voti_si": 176,
            "voti_no": 18,
            "perc_si": "90,72",
            "perc_no": "9,28",
            "dt_agg": 20250609160345
        },
        {
            "cod": 3,
            "desc": null,
            "sz_perv": 2,
            "vot_m": 89,
            "vot_f": 118,
            "vot_t": 207,
            "perc_vot": "28,87",
            "sk_bianche": 12,
            "sk_nulle": 2,
            "sk_contestate": 0,
            "voti_si": 180,
            "voti_no": 13,
            "perc_si": "93,26",
            "perc_no": "6,74",
            "dt_agg": 20250609161953
        },
        {
            "cod": 4,
            "desc": null,
            "sz_perv": 2,
            "vot_m": 89,
            "vot_f": 118,
            "vot_t": 207,
            "perc_vot": "28,87",
            "sk_bianche": 14,
            "sk_nulle": 2,
            "sk_contestate": 0,
            "voti_si": 177,
            "voti_no": 14,
            "perc_si": "92,67",
            "perc_no": "7,33",
            "dt_agg": 20250609163256
        },
        {
            "cod": 5,
            "desc": null,
            "sz_perv": 2,
            "vot_m": 89,
            "vot_f": 118,
            "vot_t": 207,
            "perc_vot": "28,87",
            "sk_bianche": 11,
            "sk_nulle": 3,
            "sk_contestate": 0,
            "voti_si": 139,
            "voti_no": 54,
            "perc_si": "72,02",
            "perc_no": "27,98",
            "dt_agg": 20250609164445
        }
    ]
}