{
    "int": {
        "st": "ESERCIZIO",
        "t_ele": "Referendum",
        "t_ref": "ABROGATIVO",
        "f_elet": "SCRUTINI",
        "dt_ele": 20250608000000,
        "l_terr": "COMUNE",
        "area": "I",
        "cod_com": 190,
        "desc_com": "CARBONE",
        "cod_prov": 64,
        "desc_prov": "POTENZA",
        "cod_reg": 17,
        "desc_reg": "BASILICATA",
        "ele_m": 230,
        "ele_f": 221,
        "ele_t": 451,
        "sz_tot": 1,
        "tipo_tras": "SZ"
    },
    "note": null,
    "scheda": [
        {
            "cod": 1,
            "desc": null,
            "sz_perv": 1,
            "vot_m": 41,
            "vot_f": 45,
            "vot_t": 86,
            "perc_vot": "19,07",
            "sk_bianche": 8,
            "sk_nulle": 1,
            "sk_contestate": 0,
            "voti_si": 71,
            "voti_no": 6,
            "perc_si": "92,21",
            "perc_no": "7,79",
            "dt_agg": 20250609162819
        },
        {
            "cod": 2,
            "desc": null,
            "sz_perv": 1,
            "vot_m": 41,
            "vot_f": 45,
            "vot_t": 86,
            "perc_vot": "19,07",
            "sk_bianche": 8,
            "sk_nulle": 0,
            "sk_contestate": 0,
            "voti_si": 70,
            "voti_no": 8,
            "perc_si": "89,74",
            "perc_no": "10,26",
            "dt_agg": 20250609162855
        },
        {
            "cod": 3,
            "desc": null,
            "sz_perv": 1,
            "vot_m": 41,
            "vot_f": 45,
            "vot_t": 86,
            "perc_vot": "19,07",
            "sk_bianche": 8,
            "sk_nulle": 1,
            "sk_contestate": 0,
            "voti_si": 70,
            "voti_no": 7,
            "perc_si": "90,91",
            "perc_no": "9,09",
            "dt_agg": 20250609162919
        },
        {
            "cod": 4,
            "desc": null,
            "sz_perv": 1,
            "vot_m": 42,
            "vot_f": 45,
            "vot_t": 87,
            "perc_vot": "19,29",
            "sk_bianche": 6,
            "sk_nulle": 1,
            "sk_contestate": 0,
            "voti_si": 68,
            "voti_no": 12,
            "perc_si": "85,00",
            "perc_no": "15,00",
            "dt_agg": 20250609163001
        },
        {
            "cod": 5,
            "desc": null,
            "sz_perv": 1,
            "vot_m": 41,
            "vot_f": 45,
            "vot_t": 86,
            "perc_vot": "19,07",
            "sk_bianche": 5,
            "sk_nulle": 1,
            "sk_contestate": 0,
            "voti_si": 57,
            "voti_no": 23,
            "perc_si": "71,25",
            "perc_no": "28,75",
            "dt_agg": 20250609163046
        }
    ]
}