{
    "int": {
        "st": "ESERCIZIO",
        "t_ele": "Referendum",
        "t_ref": "ABROGATIVO",
        "f_elet": "SCRUTINI",
        "dt_ele": 20250608000000,
        "l_terr": "COMUNE",
        "area": "I",
        "cod_com": 380,
        "desc_com": "LAGONEGRO",
        "cod_prov": 64,
        "desc_prov": "POTENZA",
        "cod_reg": 17,
        "desc_reg": "BASILICATA",
        "ele_m": 2019,
        "ele_f": 2144,
        "ele_t": 4163,
        "sz_tot": 6,
        "tipo_tras": "SZ"
    },
    "note": null,
    "scheda": [
        {
            "cod": 1,
            "desc": null,
            "sz_perv": 6,
            "vot_m": 499,
            "vot_f": 561,
            "vot_t": 1060,
            "perc_vot": "25,46",
            "sk_bianche": 22,
            "sk_nulle": 8,
            "sk_contestate": 0,
            "voti_si": 962,
            "voti_no": 68,
            "perc_si": "93,40",
            "perc_no": "6,60",
            "dt_agg": 20250609180629
        },
        {
            "cod": 2,
            "desc": null,
            "sz_perv": 6,
            "vot_m": 499,
            "vot_f": 561,
            "vot_t": 1060,
            "perc_vot": "25,46",
            "sk_bianche": 20,
            "sk_nulle": 8,
            "sk_contestate": 0,
            "voti_si": 956,
            "voti_no": 76,
            "perc_si": "92,64",
            "perc_no": "7,36",
            "dt_agg": 20250609180659
        },
        {
            "cod": 3,
            "desc": null,
            "sz_perv": 6,
            "vot_m": 499,
            "vot_f": 561,
            "vot_t": 1060,
            "perc_vot": "25,46",
            "sk_bianche": 31,
            "sk_nulle": 9,
            "sk_contestate": 0,
            "voti_si": 942,
            "voti_no": 78,
            "perc_si": "92,35",
            "perc_no": "7,65",
            "dt_agg": 20250609180719
        },
        {
            "cod": 4,
            "desc": null,
            "sz_perv": 6,
            "vot_m": 499,
            "vot_f": 560,
            "vot_t": 1059,
            "perc_vot": "25,44",
            "sk_bianche": 24,
            "sk_nulle": 9,
            "sk_contestate": 0,
            "voti_si": 943,
            "voti_no": 83,
            "perc_si": "91,91",
            "perc_no": "8,09",
            "dt_agg": 20250609180757
        },
        {
            "cod": 5,
            "desc": null,
            "sz_perv": 6,
            "vot_m": 499,
            "vot_f": 562,
            "vot_t": 1061,
            "perc_vot": "25,49",
            "sk_bianche": 19,
            "sk_nulle": 7,
            "sk_contestate": 0,
            "voti_si": 774,
            "voti_no": 261,
            "perc_si": "74,78",
            "perc_no": "25,22",
            "dt_agg": 20250609180820
        }
    ]
}