{
    "int": {
        "st": "ESERCIZIO",
        "t_ele": "Referendum",
        "t_ref": "ABROGATIVO",
        "f_elet": "SCRUTINI",
        "dt_ele": 20250608000000,
        "l_terr": "COMUNE",
        "area": "I",
        "cod_com": 470,
        "desc_com": "MELFI",
        "cod_prov": 64,
        "desc_prov": "POTENZA",
        "cod_reg": 17,
        "desc_reg": "BASILICATA",
        "ele_m": 6517,
        "ele_f": 6887,
        "ele_t": 13404,
        "sz_tot": 19,
        "tipo_tras": "SZ"
    },
    "note": null,
    "scheda": [
        {
            "cod": 1,
            "desc": null,
            "sz_perv": 19,
            "vot_m": 1899,
            "vot_f": 2038,
            "vot_t": 3937,
            "perc_vot": "29,37",
            "sk_bianche": 42,
            "sk_nulle": 31,
            "sk_contestate": 0,
            "voti_si": 3625,
            "voti_no": 239,
            "perc_si": "93,81",
            "perc_no": "6,19",
            "dt_agg": 20250609193638
        },
        {
            "cod": 2,
            "desc": null,
            "sz_perv": 19,
            "vot_m": 1899,
            "vot_f": 2038,
            "vot_t": 3937,
            "perc_vot": "29,37",
            "sk_bianche": 48,
            "sk_nulle": 31,
            "sk_contestate": 0,
            "voti_si": 3549,
            "voti_no": 309,
            "perc_si": "91,99",
            "perc_no": "8,01",
            "dt_agg": 20250609193757
        },
        {
            "cod": 3,
            "desc": null,
            "sz_perv": 19,
            "vot_m": 1899,
            "vot_f": 2038,
            "vot_t": 3937,
            "perc_vot": "29,37",
            "sk_bianche": 50,
            "sk_nulle": 30,
            "sk_contestate": 0,
            "voti_si": 3571,
            "voti_no": 286,
            "perc_si": "92,58",
            "perc_no": "7,42",
            "dt_agg": 20250609193822
        },
        {
            "cod": 4,
            "desc": null,
            "sz_perv": 19,
            "vot_m": 1899,
            "vot_f": 2038,
            "vot_t": 3937,
            "perc_vot": "29,37",
            "sk_bianche": 45,
            "sk_nulle": 27,
            "sk_contestate": 0,
            "voti_si": 3522,
            "voti_no": 343,
            "perc_si": "91,13",
            "perc_no": "8,87",
            "dt_agg": 20250609193918
        },
        {
            "cod": 5,
            "desc": null,
            "sz_perv": 19,
            "vot_m": 1900,
            "vot_f": 2038,
            "vot_t": 3938,
            "perc_vot": "29,38",
            "sk_bianche": 54,
            "sk_nulle": 23,
            "sk_contestate": 0,
            "voti_si": 2319,
            "voti_no": 1542,
            "perc_si": "60,06",
            "perc_no": "39,94",
            "dt_agg": 20250609193942
        }
    ]
}