{
    "int": {
        "st": "ESERCIZIO",
        "t_ele": "Referendum",
        "t_ref": "ABROGATIVO",
        "f_elet": "SCRUTINI",
        "dt_ele": 20250608000000,
        "l_terr": "COMUNE",
        "area": "I",
        "cod_com": 311,
        "desc_com": "FILIANO",
        "cod_prov": 64,
        "desc_prov": "POTENZA",
        "cod_reg": 17,
        "desc_reg": "BASILICATA",
        "ele_m": 1137,
        "ele_f": 1127,
        "ele_t": 2264,
        "sz_tot": 4,
        "tipo_tras": "SZ"
    },
    "note": null,
    "scheda": [
        {
            "cod": 1,
            "desc": null,
            "sz_perv": 4,
            "vot_m": 362,
            "vot_f": 361,
            "vot_t": 723,
            "perc_vot": "31,93",
            "sk_bianche": 15,
            "sk_nulle": 15,
            "sk_contestate": 0,
            "voti_si": 644,
            "voti_no": 49,
            "perc_si": "92,93",
            "perc_no": "7,07",
            "dt_agg": 20250609193638
        },
        {
            "cod": 2,
            "desc": null,
            "sz_perv": 4,
            "vot_m": 362,
            "vot_f": 361,
            "vot_t": 723,
            "perc_vot": "31,93",
            "sk_bianche": 14,
            "sk_nulle": 12,
            "sk_contestate": 0,
            "voti_si": 639,
            "voti_no": 58,
            "perc_si": "91,68",
            "perc_no": "8,32",
            "dt_agg": 20250609193700
        },
        {
            "cod": 3,
            "desc": null,
            "sz_perv": 4,
            "vot_m": 362,
            "vot_f": 361,
            "vot_t": 723,
            "perc_vot": "31,93",
            "sk_bianche": 11,
            "sk_nulle": 15,
            "sk_contestate": 0,
            "voti_si": 641,
            "voti_no": 56,
            "perc_si": "91,97",
            "perc_no": "8,03",
            "dt_agg": 20250609194608
        },
        {
            "cod": 4,
            "desc": null,
            "sz_perv": 4,
            "vot_m": 362,
            "vot_f": 361,
            "vot_t": 723,
            "perc_vot": "31,93",
            "sk_bianche": 11,
            "sk_nulle": 14,
            "sk_contestate": 0,
            "voti_si": 637,
            "voti_no": 61,
            "perc_si": "91,26",
            "perc_no": "8,74",
            "dt_agg": 20250609194720
        },
        {
            "cod": 5,
            "desc": null,
            "sz_perv": 4,
            "vot_m": 362,
            "vot_f": 361,
            "vot_t": 723,
            "perc_vot": "31,93",
            "sk_bianche": 12,
            "sk_nulle": 19,
            "sk_contestate": 0,
            "voti_si": 454,
            "voti_no": 238,
            "perc_si": "65,61",
            "perc_no": "34,39",
            "dt_agg": 20250609194823
        }
    ]
}