{
    "int": {
        "st": "ESERCIZIO",
        "t_ele": "Referendum",
        "t_ref": "ABROGATIVO",
        "f_elet": "SCRUTINI",
        "dt_ele": 20250608000000,
        "l_terr": "COMUNE",
        "area": "I",
        "cod_com": 430,
        "desc_com": "MARATEA",
        "cod_prov": 64,
        "desc_prov": "POTENZA",
        "cod_reg": 17,
        "desc_reg": "BASILICATA",
        "ele_m": 1958,
        "ele_f": 2008,
        "ele_t": 3966,
        "sz_tot": 7,
        "tipo_tras": "SZ"
    },
    "note": null,
    "scheda": [
        {
            "cod": 1,
            "desc": null,
            "sz_perv": 7,
            "vot_m": 387,
            "vot_f": 458,
            "vot_t": 845,
            "perc_vot": "21,31",
            "sk_bianche": 16,
            "sk_nulle": 10,
            "sk_contestate": 0,
            "voti_si": 727,
            "voti_no": 92,
            "perc_si": "88,77",
            "perc_no": "11,23",
            "dt_agg": 20250609174959
        },
        {
            "cod": 2,
            "desc": null,
            "sz_perv": 7,
            "vot_m": 387,
            "vot_f": 458,
            "vot_t": 845,
            "perc_vot": "21,31",
            "sk_bianche": 13,
            "sk_nulle": 10,
            "sk_contestate": 0,
            "voti_si": 725,
            "voti_no": 97,
            "perc_si": "88,20",
            "perc_no": "11,80",
            "dt_agg": 20250609175040
        },
        {
            "cod": 3,
            "desc": null,
            "sz_perv": 7,
            "vot_m": 386,
            "vot_f": 458,
            "vot_t": 844,
            "perc_vot": "21,28",
            "sk_bianche": 14,
            "sk_nulle": 8,
            "sk_contestate": 0,
            "voti_si": 720,
            "voti_no": 102,
            "perc_si": "87,59",
            "perc_no": "12,41",
            "dt_agg": 20250609175124
        },
        {
            "cod": 4,
            "desc": null,
            "sz_perv": 7,
            "vot_m": 390,
            "vot_f": 459,
            "vot_t": 849,
            "perc_vot": "21,41",
            "sk_bianche": 14,
            "sk_nulle": 10,
            "sk_contestate": 0,
            "voti_si": 728,
            "voti_no": 97,
            "perc_si": "88,24",
            "perc_no": "11,76",
            "dt_agg": 20250609175205
        },
        {
            "cod": 5,
            "desc": null,
            "sz_perv": 7,
            "vot_m": 393,
            "vot_f": 460,
            "vot_t": 853,
            "perc_vot": "21,51",
            "sk_bianche": 13,
            "sk_nulle": 13,
            "sk_contestate": 0,
            "voti_si": 588,
            "voti_no": 239,
            "perc_si": "71,10",
            "perc_no": "28,90",
            "dt_agg": 20250609175305
        }
    ]
}