{
    "int": {
        "st": "ESERCIZIO",
        "t_ele": "Referendum",
        "t_ref": "ABROGATIVO",
        "f_elet": "SCRUTINI",
        "dt_ele": 20250608000000,
        "l_terr": "COMUNE",
        "area": "I",
        "cod_com": 220,
        "desc_com": "CASTELLUCCIO INFERIORE",
        "cod_prov": 64,
        "desc_prov": "POTENZA",
        "cod_reg": 17,
        "desc_reg": "BASILICATA",
        "ele_m": 771,
        "ele_f": 831,
        "ele_t": 1602,
        "sz_tot": 3,
        "tipo_tras": "SZ"
    },
    "note": null,
    "scheda": [
        {
            "cod": 1,
            "desc": null,
            "sz_perv": 3,
            "vot_m": 242,
            "vot_f": 273,
            "vot_t": 515,
            "perc_vot": "32,15",
            "sk_bianche": 18,
            "sk_nulle": 9,
            "sk_contestate": 0,
            "voti_si": 451,
            "voti_no": 37,
            "perc_si": "92,42",
            "perc_no": "7,58",
            "dt_agg": 20250609174208
        },
        {
            "cod": 2,
            "desc": null,
            "sz_perv": 3,
            "vot_m": 242,
            "vot_f": 272,
            "vot_t": 514,
            "perc_vot": "32,08",
            "sk_bianche": 20,
            "sk_nulle": 9,
            "sk_contestate": 0,
            "voti_si": 443,
            "voti_no": 42,
            "perc_si": "91,34",
            "perc_no": "8,66",
            "dt_agg": 20250609175944
        },
        {
            "cod": 3,
            "desc": null,
            "sz_perv": 3,
            "vot_m": 242,
            "vot_f": 273,
            "vot_t": 515,
            "perc_vot": "32,15",
            "sk_bianche": 21,
            "sk_nulle": 6,
            "sk_contestate": 0,
            "voti_si": 450,
            "voti_no": 38,
            "perc_si": "92,21",
            "perc_no": "7,79",
            "dt_agg": 20250609180812
        },
        {
            "cod": 4,
            "desc": null,
            "sz_perv": 3,
            "vot_m": 242,
            "vot_f": 274,
            "vot_t": 516,
            "perc_vot": "32,21",
            "sk_bianche": 17,
            "sk_nulle": 7,
            "sk_contestate": 0,
            "voti_si": 447,
            "voti_no": 45,
            "perc_si": "90,85",
            "perc_no": "9,15",
            "dt_agg": 20250609190902
        },
        {
            "cod": 5,
            "desc": null,
            "sz_perv": 3,
            "vot_m": 242,
            "vot_f": 273,
            "vot_t": 515,
            "perc_vot": "32,15",
            "sk_bianche": 15,
            "sk_nulle": 8,
            "sk_contestate": 0,
            "voti_si": 371,
            "voti_no": 121,
            "perc_si": "75,41",
            "perc_no": "24,59",
            "dt_agg": 20250609190954
        }
    ]
}