{
    "int": {
        "st": "ESERCIZIO",
        "t_ele": "Referendum",
        "t_ref": "ABROGATIVO",
        "f_elet": "SCRUTINI",
        "dt_ele": 20250608000000,
        "l_terr": "COMUNE",
        "area": "I",
        "cod_com": 240,
        "desc_com": "CASTELMEZZANO",
        "cod_prov": 64,
        "desc_prov": "POTENZA",
        "cod_reg": 17,
        "desc_reg": "BASILICATA",
        "ele_m": 315,
        "ele_f": 324,
        "ele_t": 639,
        "sz_tot": 1,
        "tipo_tras": "SZ"
    },
    "note": null,
    "scheda": [
        {
            "cod": 1,
            "desc": null,
            "sz_perv": 1,
            "vot_m": 49,
            "vot_f": 44,
            "vot_t": 93,
            "perc_vot": "14,55",
            "sk_bianche": 3,
            "sk_nulle": 0,
            "sk_contestate": 0,
            "voti_si": 85,
            "voti_no": 5,
            "perc_si": "94,44",
            "perc_no": "5,56",
            "dt_agg": 20250609162653
        },
        {
            "cod": 2,
            "desc": null,
            "sz_perv": 1,
            "vot_m": 49,
            "vot_f": 44,
            "vot_t": 93,
            "perc_vot": "14,55",
            "sk_bianche": 3,
            "sk_nulle": 0,
            "sk_contestate": 0,
            "voti_si": 83,
            "voti_no": 7,
            "perc_si": "92,22",
            "perc_no": "7,78",
            "dt_agg": 20250609162653
        },
        {
            "cod": 3,
            "desc": null,
            "sz_perv": 1,
            "vot_m": 49,
            "vot_f": 44,
            "vot_t": 93,
            "perc_vot": "14,55",
            "sk_bianche": 3,
            "sk_nulle": 0,
            "sk_contestate": 0,
            "voti_si": 84,
            "voti_no": 6,
            "perc_si": "93,33",
            "perc_no": "6,67",
            "dt_agg": 20250609162654
        },
        {
            "cod": 4,
            "desc": null,
            "sz_perv": 1,
            "vot_m": 49,
            "vot_f": 44,
            "vot_t": 93,
            "perc_vot": "14,55",
            "sk_bianche": 4,
            "sk_nulle": 0,
            "sk_contestate": 0,
            "voti_si": 86,
            "voti_no": 3,
            "perc_si": "96,63",
            "perc_no": "3,37",
            "dt_agg": 20250609162706
        },
        {
            "cod": 5,
            "desc": null,
            "sz_perv": 1,
            "vot_m": 49,
            "vot_f": 44,
            "vot_t": 93,
            "perc_vot": "14,55",
            "sk_bianche": 4,
            "sk_nulle": 2,
            "sk_contestate": 0,
            "voti_si": 57,
            "voti_no": 30,
            "perc_si": "65,52",
            "perc_no": "34,48",
            "dt_agg": 20250609162819
        }
    ]
}