{
    "int": {
        "st": "ESERCIZIO",
        "t_ele": "Referendum",
        "t_ref": "ABROGATIVO",
        "f_elet": "SCRUTINI",
        "dt_ele": 20250608000000,
        "l_terr": "COMUNE",
        "area": "I",
        "cod_com": 340,
        "desc_com": "ROCCAMORICE",
        "cod_prov": 60,
        "desc_prov": "PESCARA",
        "cod_reg": 13,
        "desc_reg": "ABRUZZO",
        "ele_m": 366,
        "ele_f": 369,
        "ele_t": 735,
        "sz_tot": 2,
        "tipo_tras": "CO"
    },
    "note": null,
    "scheda": [
        {
            "cod": 1,
            "desc": null,
            "sz_perv": 2,
            "vot_m": 101,
            "vot_f": 115,
            "vot_t": 216,
            "perc_vot": "29,39",
            "sk_bianche": 5,
            "sk_nulle": 2,
            "sk_contestate": 0,
            "voti_si": 192,
            "voti_no": 17,
            "perc_si": "91,87",
            "perc_no": "8,13",
            "dt_agg": 20250609170917
        },
        {
            "cod": 2,
            "desc": null,
            "sz_perv": 2,
            "vot_m": 101,
            "vot_f": 115,
            "vot_t": 216,
            "perc_vot": "29,39",
            "sk_bianche": 5,
            "sk_nulle": 2,
            "sk_contestate": 0,
            "voti_si": 189,
            "voti_no": 20,
            "perc_si": "90,43",
            "perc_no": "9,57",
            "dt_agg": 20250609170953
        },
        {
            "cod": 3,
            "desc": null,
            "sz_perv": 2,
            "vot_m": 101,
            "vot_f": 115,
            "vot_t": 216,
            "perc_vot": "29,39",
            "sk_bianche": 6,
            "sk_nulle": 2,
            "sk_contestate": 0,
            "voti_si": 184,
            "voti_no": 24,
            "perc_si": "88,46",
            "perc_no": "11,54",
            "dt_agg": 20250609171024
        },
        {
            "cod": 4,
            "desc": null,
            "sz_perv": 2,
            "vot_m": 101,
            "vot_f": 115,
            "vot_t": 216,
            "perc_vot": "29,39",
            "sk_bianche": 6,
            "sk_nulle": 1,
            "sk_contestate": 0,
            "voti_si": 185,
            "voti_no": 24,
            "perc_si": "88,52",
            "perc_no": "11,48",
            "dt_agg": 20250609171056
        },
        {
            "cod": 5,
            "desc": null,
            "sz_perv": 2,
            "vot_m": 101,
            "vot_f": 115,
            "vot_t": 216,
            "perc_vot": "29,39",
            "sk_bianche": 7,
            "sk_nulle": 2,
            "sk_contestate": 0,
            "voti_si": 140,
            "voti_no": 67,
            "perc_si": "67,63",
            "perc_no": "32,37",
            "dt_agg": 20250609173545
        }
    ]
}