{
    "int": {
        "st": "ESERCIZIO",
        "t_ele": "Referendum",
        "t_ref": "ABROGATIVO",
        "f_elet": "SCRUTINI",
        "dt_ele": 20250608000000,
        "l_terr": "COMUNE",
        "area": "I",
        "cod_com": 310,
        "desc_com": "PICCIANO",
        "cod_prov": 60,
        "desc_prov": "PESCARA",
        "cod_reg": 13,
        "desc_reg": "ABRUZZO",
        "ele_m": 472,
        "ele_f": 472,
        "ele_t": 944,
        "sz_tot": 2,
        "tipo_tras": "CO"
    },
    "note": null,
    "scheda": [
        {
            "cod": 1,
            "desc": null,
            "sz_perv": 2,
            "vot_m": 120,
            "vot_f": 137,
            "vot_t": 257,
            "perc_vot": "27,22",
            "sk_bianche": 4,
            "sk_nulle": 5,
            "sk_contestate": 0,
            "voti_si": 229,
            "voti_no": 19,
            "perc_si": "92,34",
            "perc_no": "7,66",
            "dt_agg": 20250609172007
        },
        {
            "cod": 2,
            "desc": null,
            "sz_perv": 2,
            "vot_m": 120,
            "vot_f": 137,
            "vot_t": 257,
            "perc_vot": "27,22",
            "sk_bianche": 4,
            "sk_nulle": 3,
            "sk_contestate": 0,
            "voti_si": 225,
            "voti_no": 25,
            "perc_si": "90,00",
            "perc_no": "10,00",
            "dt_agg": 20250609172033
        },
        {
            "cod": 3,
            "desc": null,
            "sz_perv": 2,
            "vot_m": 120,
            "vot_f": 137,
            "vot_t": 257,
            "perc_vot": "27,22",
            "sk_bianche": 3,
            "sk_nulle": 3,
            "sk_contestate": 0,
            "voti_si": 230,
            "voti_no": 21,
            "perc_si": "91,63",
            "perc_no": "8,37",
            "dt_agg": 20250609172056
        },
        {
            "cod": 4,
            "desc": null,
            "sz_perv": 2,
            "vot_m": 120,
            "vot_f": 137,
            "vot_t": 257,
            "perc_vot": "27,22",
            "sk_bianche": 6,
            "sk_nulle": 4,
            "sk_contestate": 0,
            "voti_si": 216,
            "voti_no": 31,
            "perc_si": "87,45",
            "perc_no": "12,55",
            "dt_agg": 20250609172118
        },
        {
            "cod": 5,
            "desc": null,
            "sz_perv": 2,
            "vot_m": 120,
            "vot_f": 137,
            "vot_t": 257,
            "perc_vot": "27,22",
            "sk_bianche": 6,
            "sk_nulle": 2,
            "sk_contestate": 0,
            "voti_si": 145,
            "voti_no": 104,
            "perc_si": "58,23",
            "perc_no": "41,77",
            "dt_agg": 20250609172142
        }
    ]
}