{
    "int": {
        "st": "ESERCIZIO",
        "t_ele": "Referendum",
        "t_ref": "ABROGATIVO",
        "f_elet": "SCRUTINI",
        "dt_ele": 20250608000000,
        "l_terr": "COMUNE",
        "area": "I",
        "cod_com": 190,
        "desc_com": "FARINDOLA",
        "cod_prov": 60,
        "desc_prov": "PESCARA",
        "cod_reg": 13,
        "desc_reg": "ABRUZZO",
        "ele_m": 561,
        "ele_f": 577,
        "ele_t": 1138,
        "sz_tot": 2,
        "tipo_tras": "CO"
    },
    "note": null,
    "scheda": [
        {
            "cod": 1,
            "desc": null,
            "sz_perv": 2,
            "vot_m": 159,
            "vot_f": 165,
            "vot_t": 324,
            "perc_vot": "28,47",
            "sk_bianche": 15,
            "sk_nulle": 7,
            "sk_contestate": 0,
            "voti_si": 276,
            "voti_no": 26,
            "perc_si": "91,39",
            "perc_no": "8,61",
            "dt_agg": 20250609182440
        },
        {
            "cod": 2,
            "desc": null,
            "sz_perv": 2,
            "vot_m": 159,
            "vot_f": 165,
            "vot_t": 324,
            "perc_vot": "28,47",
            "sk_bianche": 14,
            "sk_nulle": 7,
            "sk_contestate": 0,
            "voti_si": 276,
            "voti_no": 27,
            "perc_si": "91,09",
            "perc_no": "8,91",
            "dt_agg": 20250609182502
        },
        {
            "cod": 3,
            "desc": null,
            "sz_perv": 2,
            "vot_m": 159,
            "vot_f": 165,
            "vot_t": 324,
            "perc_vot": "28,47",
            "sk_bianche": 14,
            "sk_nulle": 6,
            "sk_contestate": 0,
            "voti_si": 273,
            "voti_no": 31,
            "perc_si": "89,80",
            "perc_no": "10,20",
            "dt_agg": 20250609182525
        },
        {
            "cod": 4,
            "desc": null,
            "sz_perv": 2,
            "vot_m": 159,
            "vot_f": 165,
            "vot_t": 324,
            "perc_vot": "28,47",
            "sk_bianche": 17,
            "sk_nulle": 6,
            "sk_contestate": 0,
            "voti_si": 265,
            "voti_no": 36,
            "perc_si": "88,04",
            "perc_no": "11,96",
            "dt_agg": 20250609182553
        },
        {
            "cod": 5,
            "desc": null,
            "sz_perv": 2,
            "vot_m": 158,
            "vot_f": 165,
            "vot_t": 323,
            "perc_vot": "28,38",
            "sk_bianche": 11,
            "sk_nulle": 9,
            "sk_contestate": 0,
            "voti_si": 184,
            "voti_no": 119,
            "perc_si": "60,73",
            "perc_no": "39,27",
            "dt_agg": 20250609182622
        }
    ]
}