{
    "int": {
        "st": "ESERCIZIO",
        "t_ele": "Referendum",
        "t_ref": "ABROGATIVO",
        "f_elet": "SCRUTINI",
        "dt_ele": 20250608000000,
        "l_terr": "COMUNE",
        "area": "I",
        "cod_com": 130,
        "desc_com": "CIVITAQUANA",
        "cod_prov": 60,
        "desc_prov": "PESCARA",
        "cod_reg": 13,
        "desc_reg": "ABRUZZO",
        "ele_m": 452,
        "ele_f": 458,
        "ele_t": 910,
        "sz_tot": 2,
        "tipo_tras": "CO"
    },
    "note": null,
    "scheda": [
        {
            "cod": 1,
            "desc": null,
            "sz_perv": 2,
            "vot_m": 120,
            "vot_f": 144,
            "vot_t": 264,
            "perc_vot": "29,01",
            "sk_bianche": 11,
            "sk_nulle": 6,
            "sk_contestate": 0,
            "voti_si": 229,
            "voti_no": 18,
            "perc_si": "92,71",
            "perc_no": "7,29",
            "dt_agg": 20250609192848
        },
        {
            "cod": 2,
            "desc": null,
            "sz_perv": 2,
            "vot_m": 120,
            "vot_f": 144,
            "vot_t": 264,
            "perc_vot": "29,01",
            "sk_bianche": 10,
            "sk_nulle": 5,
            "sk_contestate": 0,
            "voti_si": 227,
            "voti_no": 22,
            "perc_si": "91,16",
            "perc_no": "8,84",
            "dt_agg": 20250609192907
        },
        {
            "cod": 3,
            "desc": null,
            "sz_perv": 2,
            "vot_m": 120,
            "vot_f": 144,
            "vot_t": 264,
            "perc_vot": "29,01",
            "sk_bianche": 8,
            "sk_nulle": 5,
            "sk_contestate": 0,
            "voti_si": 228,
            "voti_no": 23,
            "perc_si": "90,84",
            "perc_no": "9,16",
            "dt_agg": 20250609192926
        },
        {
            "cod": 4,
            "desc": null,
            "sz_perv": 2,
            "vot_m": 120,
            "vot_f": 144,
            "vot_t": 264,
            "perc_vot": "29,01",
            "sk_bianche": 8,
            "sk_nulle": 6,
            "sk_contestate": 0,
            "voti_si": 224,
            "voti_no": 26,
            "perc_si": "89,60",
            "perc_no": "10,40",
            "dt_agg": 20250609192944
        },
        {
            "cod": 5,
            "desc": null,
            "sz_perv": 2,
            "vot_m": 120,
            "vot_f": 144,
            "vot_t": 264,
            "perc_vot": "29,01",
            "sk_bianche": 6,
            "sk_nulle": 3,
            "sk_contestate": 0,
            "voti_si": 150,
            "voti_no": 105,
            "perc_si": "58,82",
            "perc_no": "41,18",
            "dt_agg": 20250609193002
        }
    ]
}