{
    "int": {
        "st": "ESERCIZIO",
        "t_ele": "Referendum",
        "t_ref": "ABROGATIVO",
        "f_elet": "SCRUTINI",
        "dt_ele": 20250608000000,
        "l_terr": "COMUNE",
        "area": "I",
        "cod_com": 410,
        "desc_com": "SPOLTORE",
        "cod_prov": 60,
        "desc_prov": "PESCARA",
        "cod_reg": 13,
        "desc_reg": "ABRUZZO",
        "ele_m": 7442,
        "ele_f": 7830,
        "ele_t": 15272,
        "sz_tot": 20,
        "tipo_tras": "CO"
    },
    "note": null,
    "scheda": [
        {
            "cod": 1,
            "desc": null,
            "sz_perv": 20,
            "vot_m": 2270,
            "vot_f": 2622,
            "vot_t": 4892,
            "perc_vot": "32,03",
            "sk_bianche": 65,
            "sk_nulle": 24,
            "sk_contestate": 0,
            "voti_si": 4336,
            "voti_no": 467,
            "perc_si": "90,28",
            "perc_no": "9,72",
            "dt_agg": 20250609191117
        },
        {
            "cod": 2,
            "desc": null,
            "sz_perv": 20,
            "vot_m": 2270,
            "vot_f": 2621,
            "vot_t": 4891,
            "perc_vot": "32,03",
            "sk_bianche": 62,
            "sk_nulle": 21,
            "sk_contestate": 0,
            "voti_si": 4278,
            "voti_no": 530,
            "perc_si": "88,98",
            "perc_no": "11,02",
            "dt_agg": 20250609191144
        },
        {
            "cod": 3,
            "desc": null,
            "sz_perv": 20,
            "vot_m": 2269,
            "vot_f": 2621,
            "vot_t": 4890,
            "perc_vot": "32,02",
            "sk_bianche": 66,
            "sk_nulle": 27,
            "sk_contestate": 0,
            "voti_si": 4338,
            "voti_no": 459,
            "perc_si": "90,43",
            "perc_no": "9,57",
            "dt_agg": 20250609191211
        },
        {
            "cod": 4,
            "desc": null,
            "sz_perv": 20,
            "vot_m": 2271,
            "vot_f": 2621,
            "vot_t": 4892,
            "perc_vot": "32,03",
            "sk_bianche": 69,
            "sk_nulle": 23,
            "sk_contestate": 0,
            "voti_si": 4194,
            "voti_no": 606,
            "perc_si": "87,38",
            "perc_no": "12,63",
            "dt_agg": 20250609191248
        },
        {
            "cod": 5,
            "desc": null,
            "sz_perv": 20,
            "vot_m": 2271,
            "vot_f": 2620,
            "vot_t": 4891,
            "perc_vot": "32,03",
            "sk_bianche": 78,
            "sk_nulle": 21,
            "sk_contestate": 0,
            "voti_si": 3034,
            "voti_no": 1758,
            "perc_si": "63,31",
            "perc_no": "36,69",
            "dt_agg": 20250609191313
        }
    ]
}