{
    "int": {
        "st": "ESERCIZIO",
        "t_ele": "Referendum",
        "t_ref": "ABROGATIVO",
        "f_elet": "SCRUTINI",
        "dt_ele": 20250608000000,
        "l_terr": "COMUNE",
        "area": "I",
        "cod_com": 390,
        "desc_com": "SCAFA",
        "cod_prov": 60,
        "desc_prov": "PESCARA",
        "cod_reg": 13,
        "desc_reg": "ABRUZZO",
        "ele_m": 1368,
        "ele_f": 1470,
        "ele_t": 2838,
        "sz_tot": 5,
        "tipo_tras": "CO"
    },
    "note": null,
    "scheda": [
        {
            "cod": 1,
            "desc": null,
            "sz_perv": 5,
            "vot_m": 340,
            "vot_f": 431,
            "vot_t": 771,
            "perc_vot": "27,17",
            "sk_bianche": 13,
            "sk_nulle": 12,
            "sk_contestate": 0,
            "voti_si": 669,
            "voti_no": 77,
            "perc_si": "89,68",
            "perc_no": "10,32",
            "dt_agg": 20250609172104
        },
        {
            "cod": 2,
            "desc": null,
            "sz_perv": 5,
            "vot_m": 340,
            "vot_f": 431,
            "vot_t": 771,
            "perc_vot": "27,17",
            "sk_bianche": 16,
            "sk_nulle": 13,
            "sk_contestate": 0,
            "voti_si": 645,
            "voti_no": 97,
            "perc_si": "86,93",
            "perc_no": "13,07",
            "dt_agg": 20250609172120
        },
        {
            "cod": 3,
            "desc": null,
            "sz_perv": 5,
            "vot_m": 340,
            "vot_f": 431,
            "vot_t": 771,
            "perc_vot": "27,17",
            "sk_bianche": 15,
            "sk_nulle": 10,
            "sk_contestate": 0,
            "voti_si": 662,
            "voti_no": 84,
            "perc_si": "88,74",
            "perc_no": "11,26",
            "dt_agg": 20250609172131
        },
        {
            "cod": 4,
            "desc": null,
            "sz_perv": 5,
            "vot_m": 340,
            "vot_f": 430,
            "vot_t": 770,
            "perc_vot": "27,13",
            "sk_bianche": 17,
            "sk_nulle": 10,
            "sk_contestate": 0,
            "voti_si": 630,
            "voti_no": 113,
            "perc_si": "84,79",
            "perc_no": "15,21",
            "dt_agg": 20250609172143
        },
        {
            "cod": 5,
            "desc": null,
            "sz_perv": 5,
            "vot_m": 340,
            "vot_f": 431,
            "vot_t": 771,
            "perc_vot": "27,17",
            "sk_bianche": 23,
            "sk_nulle": 9,
            "sk_contestate": 0,
            "voti_si": 401,
            "voti_no": 338,
            "perc_si": "54,26",
            "perc_no": "45,74",
            "dt_agg": 20250609172157
        }
    ]
}