{
    "int": {
        "st": "ESERCIZIO",
        "t_ele": "Referendum",
        "t_ref": "ABROGATIVO",
        "f_elet": "SCRUTINI",
        "dt_ele": 20250608000000,
        "l_terr": "COMUNE",
        "area": "I",
        "cod_com": 80,
        "desc_com": "CARPINETO DELLA NORA",
        "cod_prov": 60,
        "desc_prov": "PESCARA",
        "cod_reg": 13,
        "desc_reg": "ABRUZZO",
        "ele_m": 209,
        "ele_f": 217,
        "ele_t": 426,
        "sz_tot": 1,
        "tipo_tras": "CO"
    },
    "note": null,
    "scheda": [
        {
            "cod": 1,
            "desc": null,
            "sz_perv": 1,
            "vot_m": 41,
            "vot_f": 50,
            "vot_t": 91,
            "perc_vot": "21,36",
            "sk_bianche": 2,
            "sk_nulle": 0,
            "sk_contestate": 0,
            "voti_si": 84,
            "voti_no": 5,
            "perc_si": "94,38",
            "perc_no": "5,62",
            "dt_agg": 20250609162151
        },
        {
            "cod": 2,
            "desc": null,
            "sz_perv": 1,
            "vot_m": 41,
            "vot_f": 50,
            "vot_t": 91,
            "perc_vot": "21,36",
            "sk_bianche": 3,
            "sk_nulle": 1,
            "sk_contestate": 0,
            "voti_si": 80,
            "voti_no": 7,
            "perc_si": "91,95",
            "perc_no": "8,05",
            "dt_agg": 20250609162247
        },
        {
            "cod": 3,
            "desc": null,
            "sz_perv": 1,
            "vot_m": 41,
            "vot_f": 50,
            "vot_t": 91,
            "perc_vot": "21,36",
            "sk_bianche": 2,
            "sk_nulle": 0,
            "sk_contestate": 0,
            "voti_si": 83,
            "voti_no": 6,
            "perc_si": "93,26",
            "perc_no": "6,74",
            "dt_agg": 20250609162330
        },
        {
            "cod": 4,
            "desc": null,
            "sz_perv": 1,
            "vot_m": 41,
            "vot_f": 50,
            "vot_t": 91,
            "perc_vot": "21,36",
            "sk_bianche": 2,
            "sk_nulle": 1,
            "sk_contestate": 0,
            "voti_si": 82,
            "voti_no": 6,
            "perc_si": "93,18",
            "perc_no": "6,82",
            "dt_agg": 20250609162400
        },
        {
            "cod": 5,
            "desc": null,
            "sz_perv": 1,
            "vot_m": 41,
            "vot_f": 50,
            "vot_t": 91,
            "perc_vot": "21,36",
            "sk_bianche": 2,
            "sk_nulle": 1,
            "sk_contestate": 0,
            "voti_si": 50,
            "voti_no": 38,
            "perc_si": "56,82",
            "perc_no": "43,18",
            "dt_agg": 20250609162425
        }
    ]
}