{
    "int": {
        "st": "ESERCIZIO",
        "t_ele": "Referendum",
        "t_ref": "ABROGATIVO",
        "f_elet": "SCRUTINI",
        "dt_ele": 20250608000000,
        "l_terr": "COMUNE",
        "area": "I",
        "cod_com": 250,
        "desc_com": "MOSCUFO",
        "cod_prov": 60,
        "desc_prov": "PESCARA",
        "cod_reg": 13,
        "desc_reg": "ABRUZZO",
        "ele_m": 1279,
        "ele_f": 1251,
        "ele_t": 2530,
        "sz_tot": 3,
        "tipo_tras": "CO"
    },
    "note": null,
    "scheda": [
        {
            "cod": 1,
            "desc": null,
            "sz_perv": 3,
            "vot_m": 335,
            "vot_f": 373,
            "vot_t": 708,
            "perc_vot": "27,98",
            "sk_bianche": 21,
            "sk_nulle": 8,
            "sk_contestate": 0,
            "voti_si": 620,
            "voti_no": 59,
            "perc_si": "91,31",
            "perc_no": "8,69",
            "dt_agg": 20250609164625
        },
        {
            "cod": 2,
            "desc": null,
            "sz_perv": 3,
            "vot_m": 335,
            "vot_f": 373,
            "vot_t": 708,
            "perc_vot": "27,98",
            "sk_bianche": 20,
            "sk_nulle": 7,
            "sk_contestate": 0,
            "voti_si": 620,
            "voti_no": 61,
            "perc_si": "91,04",
            "perc_no": "8,96",
            "dt_agg": 20250609164638
        },
        {
            "cod": 3,
            "desc": null,
            "sz_perv": 3,
            "vot_m": 335,
            "vot_f": 373,
            "vot_t": 708,
            "perc_vot": "27,98",
            "sk_bianche": 23,
            "sk_nulle": 8,
            "sk_contestate": 0,
            "voti_si": 623,
            "voti_no": 54,
            "perc_si": "92,02",
            "perc_no": "7,98",
            "dt_agg": 20250609164656
        },
        {
            "cod": 4,
            "desc": null,
            "sz_perv": 3,
            "vot_m": 335,
            "vot_f": 373,
            "vot_t": 708,
            "perc_vot": "27,98",
            "sk_bianche": 21,
            "sk_nulle": 8,
            "sk_contestate": 0,
            "voti_si": 608,
            "voti_no": 71,
            "perc_si": "89,54",
            "perc_no": "10,46",
            "dt_agg": 20250609164712
        },
        {
            "cod": 5,
            "desc": null,
            "sz_perv": 3,
            "vot_m": 335,
            "vot_f": 373,
            "vot_t": 708,
            "perc_vot": "27,98",
            "sk_bianche": 19,
            "sk_nulle": 7,
            "sk_contestate": 0,
            "voti_si": 436,
            "voti_no": 246,
            "perc_si": "63,93",
            "perc_no": "36,07",
            "dt_agg": 20250609164758
        }
    ]
}