{
    "int": {
        "st": "ESERCIZIO",
        "t_ele": "Referendum",
        "t_ref": "ABROGATIVO",
        "f_elet": "SCRUTINI",
        "dt_ele": 20250608000000,
        "l_terr": "COMUNE",
        "area": "I",
        "cod_com": 60,
        "desc_com": "CAPPELLE SUL TAVO",
        "cod_prov": 60,
        "desc_prov": "PESCARA",
        "cod_reg": 13,
        "desc_reg": "ABRUZZO",
        "ele_m": 1565,
        "ele_f": 1620,
        "ele_t": 3185,
        "sz_tot": 3,
        "tipo_tras": "CO"
    },
    "note": null,
    "scheda": [
        {
            "cod": 1,
            "desc": null,
            "sz_perv": 3,
            "vot_m": 415,
            "vot_f": 452,
            "vot_t": 867,
            "perc_vot": "27,22",
            "sk_bianche": 15,
            "sk_nulle": 7,
            "sk_contestate": 0,
            "voti_si": 775,
            "voti_no": 70,
            "perc_si": "91,72",
            "perc_no": "8,28",
            "dt_agg": 20250609184105
        },
        {
            "cod": 2,
            "desc": null,
            "sz_perv": 3,
            "vot_m": 415,
            "vot_f": 453,
            "vot_t": 868,
            "perc_vot": "27,25",
            "sk_bianche": 14,
            "sk_nulle": 6,
            "sk_contestate": 0,
            "voti_si": 751,
            "voti_no": 97,
            "perc_si": "88,56",
            "perc_no": "11,44",
            "dt_agg": 20250609184127
        },
        {
            "cod": 3,
            "desc": null,
            "sz_perv": 3,
            "vot_m": 415,
            "vot_f": 453,
            "vot_t": 868,
            "perc_vot": "27,25",
            "sk_bianche": 17,
            "sk_nulle": 8,
            "sk_contestate": 0,
            "voti_si": 773,
            "voti_no": 70,
            "perc_si": "91,70",
            "perc_no": "8,30",
            "dt_agg": 20250609184147
        },
        {
            "cod": 4,
            "desc": null,
            "sz_perv": 3,
            "vot_m": 415,
            "vot_f": 453,
            "vot_t": 868,
            "perc_vot": "27,25",
            "sk_bianche": 12,
            "sk_nulle": 7,
            "sk_contestate": 0,
            "voti_si": 739,
            "voti_no": 110,
            "perc_si": "87,04",
            "perc_no": "12,96",
            "dt_agg": 20250609184210
        },
        {
            "cod": 5,
            "desc": null,
            "sz_perv": 3,
            "vot_m": 414,
            "vot_f": 452,
            "vot_t": 866,
            "perc_vot": "27,19",
            "sk_bianche": 17,
            "sk_nulle": 6,
            "sk_contestate": 0,
            "voti_si": 539,
            "voti_no": 304,
            "perc_si": "63,94",
            "perc_no": "36,06",
            "dt_agg": 20250609184235
        }
    ]
}