{
    "int": {
        "st": "ESERCIZIO",
        "t_ele": "Referendum",
        "t_ref": "ABROGATIVO",
        "f_elet": "SCRUTINI",
        "dt_ele": 20250608000000,
        "l_terr": "COMUNE",
        "area": "I",
        "cod_com": 230,
        "desc_com": "MONTEBELLO DI BERTONA",
        "cod_prov": 60,
        "desc_prov": "PESCARA",
        "cod_reg": 13,
        "desc_reg": "ABRUZZO",
        "ele_m": 303,
        "ele_f": 288,
        "ele_t": 591,
        "sz_tot": 2,
        "tipo_tras": "CO"
    },
    "note": null,
    "scheda": [
        {
            "cod": 1,
            "desc": null,
            "sz_perv": 2,
            "vot_m": 102,
            "vot_f": 104,
            "vot_t": 206,
            "perc_vot": "34,86",
            "sk_bianche": 8,
            "sk_nulle": 3,
            "sk_contestate": 0,
            "voti_si": 170,
            "voti_no": 25,
            "perc_si": "87,18",
            "perc_no": "12,82",
            "dt_agg": 20250609165906
        },
        {
            "cod": 2,
            "desc": null,
            "sz_perv": 2,
            "vot_m": 102,
            "vot_f": 104,
            "vot_t": 206,
            "perc_vot": "34,86",
            "sk_bianche": 8,
            "sk_nulle": 3,
            "sk_contestate": 0,
            "voti_si": 168,
            "voti_no": 27,
            "perc_si": "86,15",
            "perc_no": "13,85",
            "dt_agg": 20250609165927
        },
        {
            "cod": 3,
            "desc": null,
            "sz_perv": 2,
            "vot_m": 102,
            "vot_f": 104,
            "vot_t": 206,
            "perc_vot": "34,86",
            "sk_bianche": 10,
            "sk_nulle": 3,
            "sk_contestate": 0,
            "voti_si": 168,
            "voti_no": 25,
            "perc_si": "87,05",
            "perc_no": "12,95",
            "dt_agg": 20250609165948
        },
        {
            "cod": 4,
            "desc": null,
            "sz_perv": 2,
            "vot_m": 102,
            "vot_f": 104,
            "vot_t": 206,
            "perc_vot": "34,86",
            "sk_bianche": 8,
            "sk_nulle": 4,
            "sk_contestate": 0,
            "voti_si": 163,
            "voti_no": 31,
            "perc_si": "84,02",
            "perc_no": "15,98",
            "dt_agg": 20250609170010
        },
        {
            "cod": 5,
            "desc": null,
            "sz_perv": 2,
            "vot_m": 102,
            "vot_f": 104,
            "vot_t": 206,
            "perc_vot": "34,86",
            "sk_bianche": 10,
            "sk_nulle": 5,
            "sk_contestate": 0,
            "voti_si": 125,
            "voti_no": 66,
            "perc_si": "65,45",
            "perc_no": "34,55",
            "dt_agg": 20250609170038
        }
    ]
}