{
    "int": {
        "st": "ESERCIZIO",
        "t_ele": "Referendum",
        "t_ref": "ABROGATIVO",
        "f_elet": "SCRUTINI",
        "dt_ele": 20250608000000,
        "l_terr": "COMUNE",
        "area": "I",
        "cod_com": 440,
        "desc_com": "TURRIVALIGNANI",
        "cod_prov": 60,
        "desc_prov": "PESCARA",
        "cod_reg": 13,
        "desc_reg": "ABRUZZO",
        "ele_m": 314,
        "ele_f": 324,
        "ele_t": 638,
        "sz_tot": 2,
        "tipo_tras": "CO"
    },
    "note": null,
    "scheda": [
        {
            "cod": 1,
            "desc": null,
            "sz_perv": 2,
            "vot_m": 94,
            "vot_f": 108,
            "vot_t": 202,
            "perc_vot": "31,66",
            "sk_bianche": 10,
            "sk_nulle": 2,
            "sk_contestate": 0,
            "voti_si": 171,
            "voti_no": 19,
            "perc_si": "90,00",
            "perc_no": "10,00",
            "dt_agg": 20250609171831
        },
        {
            "cod": 2,
            "desc": null,
            "sz_perv": 2,
            "vot_m": 94,
            "vot_f": 108,
            "vot_t": 202,
            "perc_vot": "31,66",
            "sk_bianche": 9,
            "sk_nulle": 3,
            "sk_contestate": 0,
            "voti_si": 171,
            "voti_no": 19,
            "perc_si": "90,00",
            "perc_no": "10,00",
            "dt_agg": 20250609171857
        },
        {
            "cod": 3,
            "desc": null,
            "sz_perv": 2,
            "vot_m": 94,
            "vot_f": 108,
            "vot_t": 202,
            "perc_vot": "31,66",
            "sk_bianche": 11,
            "sk_nulle": 3,
            "sk_contestate": 0,
            "voti_si": 170,
            "voti_no": 18,
            "perc_si": "90,43",
            "perc_no": "9,57",
            "dt_agg": 20250609171912
        },
        {
            "cod": 4,
            "desc": null,
            "sz_perv": 2,
            "vot_m": 94,
            "vot_f": 108,
            "vot_t": 202,
            "perc_vot": "31,66",
            "sk_bianche": 10,
            "sk_nulle": 2,
            "sk_contestate": 0,
            "voti_si": 168,
            "voti_no": 22,
            "perc_si": "88,42",
            "perc_no": "11,58",
            "dt_agg": 20250609171926
        },
        {
            "cod": 5,
            "desc": null,
            "sz_perv": 2,
            "vot_m": 92,
            "vot_f": 107,
            "vot_t": 199,
            "perc_vot": "31,19",
            "sk_bianche": 9,
            "sk_nulle": 5,
            "sk_contestate": 0,
            "voti_si": 105,
            "voti_no": 80,
            "perc_si": "56,76",
            "perc_no": "43,24",
            "dt_agg": 20250609171943
        }
    ]
}