{
    "int": {
        "st": "ESERCIZIO",
        "t_ele": "Referendum",
        "t_ref": "ABROGATIVO",
        "f_elet": "SCRUTINI",
        "dt_ele": 20250608000000,
        "l_terr": "COMUNE",
        "area": "I",
        "cod_com": 350,
        "desc_com": "ROSCIANO",
        "cod_prov": 60,
        "desc_prov": "PESCARA",
        "cod_reg": 13,
        "desc_reg": "ABRUZZO",
        "ele_m": 1622,
        "ele_f": 1672,
        "ele_t": 3294,
        "sz_tot": 6,
        "tipo_tras": "CO"
    },
    "note": null,
    "scheda": [
        {
            "cod": 1,
            "desc": null,
            "sz_perv": 6,
            "vot_m": 425,
            "vot_f": 448,
            "vot_t": 873,
            "perc_vot": "26,50",
            "sk_bianche": 26,
            "sk_nulle": 9,
            "sk_contestate": 0,
            "voti_si": 749,
            "voti_no": 89,
            "perc_si": "89,38",
            "perc_no": "10,62",
            "dt_agg": 20250609171237
        },
        {
            "cod": 2,
            "desc": null,
            "sz_perv": 6,
            "vot_m": 425,
            "vot_f": 448,
            "vot_t": 873,
            "perc_vot": "26,50",
            "sk_bianche": 19,
            "sk_nulle": 11,
            "sk_contestate": 0,
            "voti_si": 742,
            "voti_no": 101,
            "perc_si": "88,02",
            "perc_no": "11,98",
            "dt_agg": 20250609171250
        },
        {
            "cod": 3,
            "desc": null,
            "sz_perv": 6,
            "vot_m": 425,
            "vot_f": 448,
            "vot_t": 873,
            "perc_vot": "26,50",
            "sk_bianche": 26,
            "sk_nulle": 6,
            "sk_contestate": 0,
            "voti_si": 751,
            "voti_no": 90,
            "perc_si": "89,30",
            "perc_no": "10,70",
            "dt_agg": 20250609171304
        },
        {
            "cod": 4,
            "desc": null,
            "sz_perv": 6,
            "vot_m": 425,
            "vot_f": 448,
            "vot_t": 873,
            "perc_vot": "26,50",
            "sk_bianche": 27,
            "sk_nulle": 8,
            "sk_contestate": 0,
            "voti_si": 728,
            "voti_no": 110,
            "perc_si": "86,87",
            "perc_no": "13,13",
            "dt_agg": 20250609171317
        },
        {
            "cod": 5,
            "desc": null,
            "sz_perv": 6,
            "vot_m": 424,
            "vot_f": 448,
            "vot_t": 872,
            "perc_vot": "26,47",
            "sk_bianche": 24,
            "sk_nulle": 14,
            "sk_contestate": 0,
            "voti_si": 468,
            "voti_no": 366,
            "perc_si": "56,12",
            "perc_no": "43,88",
            "dt_agg": 20250609171340
        }
    ]
}