{
    "int": {
        "st": "ESERCIZIO",
        "t_ele": "Referendum",
        "t_ref": "ABROGATIVO",
        "f_elet": "SCRUTINI",
        "dt_ele": 20250608000000,
        "l_terr": "COMUNE",
        "area": "I",
        "cod_com": 450,
        "desc_com": "VICOLI",
        "cod_prov": 60,
        "desc_prov": "PESCARA",
        "cod_reg": 13,
        "desc_reg": "ABRUZZO",
        "ele_m": 150,
        "ele_f": 156,
        "ele_t": 306,
        "sz_tot": 1,
        "tipo_tras": "CO"
    },
    "note": null,
    "scheda": [
        {
            "cod": 1,
            "desc": null,
            "sz_perv": 1,
            "vot_m": 36,
            "vot_f": 50,
            "vot_t": 86,
            "perc_vot": "28,10",
            "sk_bianche": 3,
            "sk_nulle": 0,
            "sk_contestate": 0,
            "voti_si": 79,
            "voti_no": 4,
            "perc_si": "95,18",
            "perc_no": "4,82",
            "dt_agg": 20250609164909
        },
        {
            "cod": 2,
            "desc": null,
            "sz_perv": 1,
            "vot_m": 36,
            "vot_f": 50,
            "vot_t": 86,
            "perc_vot": "28,10",
            "sk_bianche": 3,
            "sk_nulle": 0,
            "sk_contestate": 0,
            "voti_si": 79,
            "voti_no": 4,
            "perc_si": "95,18",
            "perc_no": "4,82",
            "dt_agg": 20250609164923
        },
        {
            "cod": 3,
            "desc": null,
            "sz_perv": 1,
            "vot_m": 36,
            "vot_f": 50,
            "vot_t": 86,
            "perc_vot": "28,10",
            "sk_bianche": 3,
            "sk_nulle": 0,
            "sk_contestate": 0,
            "voti_si": 79,
            "voti_no": 4,
            "perc_si": "95,18",
            "perc_no": "4,82",
            "dt_agg": 20250609164933
        },
        {
            "cod": 4,
            "desc": null,
            "sz_perv": 1,
            "vot_m": 36,
            "vot_f": 50,
            "vot_t": 86,
            "perc_vot": "28,10",
            "sk_bianche": 2,
            "sk_nulle": 1,
            "sk_contestate": 0,
            "voti_si": 78,
            "voti_no": 5,
            "perc_si": "93,98",
            "perc_no": "6,02",
            "dt_agg": 20250609164947
        },
        {
            "cod": 5,
            "desc": null,
            "sz_perv": 1,
            "vot_m": 36,
            "vot_f": 50,
            "vot_t": 86,
            "perc_vot": "28,10",
            "sk_bianche": 2,
            "sk_nulle": 1,
            "sk_contestate": 0,
            "voti_si": 59,
            "voti_no": 24,
            "perc_si": "71,08",
            "perc_no": "28,92",
            "dt_agg": 20250609165013
        }
    ]
}