{
    "int": {
        "st": "ESERCIZIO",
        "t_ele": "Referendum",
        "t_ref": "ABROGATIVO",
        "f_elet": "SCRUTINI",
        "dt_ele": 20250608000000,
        "l_terr": "COMUNE",
        "area": "I",
        "cod_com": 110,
        "desc_com": "CEPAGATTI",
        "cod_prov": 60,
        "desc_prov": "PESCARA",
        "cod_reg": 13,
        "desc_reg": "ABRUZZO",
        "ele_m": 4232,
        "ele_f": 4517,
        "ele_t": 8749,
        "sz_tot": 12,
        "tipo_tras": "CO"
    },
    "note": null,
    "scheda": [
        {
            "cod": 1,
            "desc": null,
            "sz_perv": 12,
            "vot_m": 1221,
            "vot_f": 1484,
            "vot_t": 2705,
            "perc_vot": "30,92",
            "sk_bianche": 21,
            "sk_nulle": 60,
            "sk_contestate": 0,
            "voti_si": 2372,
            "voti_no": 252,
            "perc_si": "90,40",
            "perc_no": "9,60",
            "dt_agg": 20250609192127
        },
        {
            "cod": 2,
            "desc": null,
            "sz_perv": 12,
            "vot_m": 1222,
            "vot_f": 1484,
            "vot_t": 2706,
            "perc_vot": "30,93",
            "sk_bianche": 59,
            "sk_nulle": 25,
            "sk_contestate": 0,
            "voti_si": 2303,
            "voti_no": 319,
            "perc_si": "87,83",
            "perc_no": "12,17",
            "dt_agg": 20250609192203
        },
        {
            "cod": 3,
            "desc": null,
            "sz_perv": 12,
            "vot_m": 1222,
            "vot_f": 1484,
            "vot_t": 2706,
            "perc_vot": "30,93",
            "sk_bianche": 59,
            "sk_nulle": 20,
            "sk_contestate": 0,
            "voti_si": 2370,
            "voti_no": 257,
            "perc_si": "90,22",
            "perc_no": "9,78",
            "dt_agg": 20250609192227
        },
        {
            "cod": 4,
            "desc": null,
            "sz_perv": 12,
            "vot_m": 1222,
            "vot_f": 1484,
            "vot_t": 2706,
            "perc_vot": "30,93",
            "sk_bianche": 58,
            "sk_nulle": 23,
            "sk_contestate": 0,
            "voti_si": 2301,
            "voti_no": 324,
            "perc_si": "87,66",
            "perc_no": "12,34",
            "dt_agg": 20250609192249
        },
        {
            "cod": 5,
            "desc": null,
            "sz_perv": 12,
            "vot_m": 1222,
            "vot_f": 1484,
            "vot_t": 2706,
            "perc_vot": "30,93",
            "sk_bianche": 51,
            "sk_nulle": 27,
            "sk_contestate": 0,
            "voti_si": 1624,
            "voti_no": 1004,
            "perc_si": "61,80",
            "perc_no": "38,20",
            "dt_agg": 20250609192311
        }
    ]
}