{
    "int": {
        "st": "ESERCIZIO",
        "t_ele": "Referendum",
        "t_ref": "ABROGATIVO",
        "f_elet": "SCRUTINI",
        "dt_ele": 20250608000000,
        "l_terr": "COMUNE",
        "area": "I",
        "cod_com": 70,
        "desc_com": "CARAMANICO TERME",
        "cod_prov": 60,
        "desc_prov": "PESCARA",
        "cod_reg": 13,
        "desc_reg": "ABRUZZO",
        "ele_m": 756,
        "ele_f": 738,
        "ele_t": 1494,
        "sz_tot": 3,
        "tipo_tras": "CO"
    },
    "note": null,
    "scheda": [
        {
            "cod": 1,
            "desc": null,
            "sz_perv": 3,
            "vot_m": 232,
            "vot_f": 243,
            "vot_t": 475,
            "perc_vot": "31,79",
            "sk_bianche": 16,
            "sk_nulle": 5,
            "sk_contestate": 0,
            "voti_si": 405,
            "voti_no": 49,
            "perc_si": "89,21",
            "perc_no": "10,79",
            "dt_agg": 20250609194350
        },
        {
            "cod": 2,
            "desc": null,
            "sz_perv": 3,
            "vot_m": 232,
            "vot_f": 242,
            "vot_t": 474,
            "perc_vot": "31,73",
            "sk_bianche": 15,
            "sk_nulle": 5,
            "sk_contestate": 0,
            "voti_si": 398,
            "voti_no": 56,
            "perc_si": "87,67",
            "perc_no": "12,33",
            "dt_agg": 20250609194413
        },
        {
            "cod": 3,
            "desc": null,
            "sz_perv": 3,
            "vot_m": 232,
            "vot_f": 242,
            "vot_t": 474,
            "perc_vot": "31,73",
            "sk_bianche": 22,
            "sk_nulle": 7,
            "sk_contestate": 0,
            "voti_si": 402,
            "voti_no": 43,
            "perc_si": "90,34",
            "perc_no": "9,66",
            "dt_agg": 20250609195329
        },
        {
            "cod": 4,
            "desc": null,
            "sz_perv": 3,
            "vot_m": 231,
            "vot_f": 241,
            "vot_t": 472,
            "perc_vot": "31,59",
            "sk_bianche": 12,
            "sk_nulle": 7,
            "sk_contestate": 0,
            "voti_si": 399,
            "voti_no": 54,
            "perc_si": "88,08",
            "perc_no": "11,92",
            "dt_agg": 20250609194557
        },
        {
            "cod": 5,
            "desc": null,
            "sz_perv": 3,
            "vot_m": 232,
            "vot_f": 240,
            "vot_t": 472,
            "perc_vot": "31,59",
            "sk_bianche": 11,
            "sk_nulle": 6,
            "sk_contestate": 0,
            "voti_si": 307,
            "voti_no": 148,
            "perc_si": "67,47",
            "perc_no": "32,53",
            "dt_agg": 20250609194644
        }
    ]
}