{
    "int": {
        "st": "ESERCIZIO",
        "t_ele": "Referendum",
        "t_ref": "ABROGATIVO",
        "f_elet": "SCRUTINI",
        "dt_ele": 20250608000000,
        "l_terr": "COMUNE",
        "area": "I",
        "cod_com": 140,
        "desc_com": "CIVITELLA CASANOVA",
        "cod_prov": 60,
        "desc_prov": "PESCARA",
        "cod_reg": 13,
        "desc_reg": "ABRUZZO",
        "ele_m": 661,
        "ele_f": 656,
        "ele_t": 1317,
        "sz_tot": 3,
        "tipo_tras": "CO"
    },
    "note": null,
    "scheda": [
        {
            "cod": 1,
            "desc": null,
            "sz_perv": 3,
            "vot_m": 145,
            "vot_f": 159,
            "vot_t": 304,
            "perc_vot": "23,08",
            "sk_bianche": 15,
            "sk_nulle": 12,
            "sk_contestate": 0,
            "voti_si": 242,
            "voti_no": 35,
            "perc_si": "87,36",
            "perc_no": "12,64",
            "dt_agg": 20250609195452
        },
        {
            "cod": 2,
            "desc": null,
            "sz_perv": 3,
            "vot_m": 145,
            "vot_f": 159,
            "vot_t": 304,
            "perc_vot": "23,08",
            "sk_bianche": 15,
            "sk_nulle": 12,
            "sk_contestate": 0,
            "voti_si": 235,
            "voti_no": 42,
            "perc_si": "84,84",
            "perc_no": "15,16",
            "dt_agg": 20250609195511
        },
        {
            "cod": 3,
            "desc": null,
            "sz_perv": 3,
            "vot_m": 145,
            "vot_f": 159,
            "vot_t": 304,
            "perc_vot": "23,08",
            "sk_bianche": 15,
            "sk_nulle": 12,
            "sk_contestate": 0,
            "voti_si": 238,
            "voti_no": 39,
            "perc_si": "85,92",
            "perc_no": "14,08",
            "dt_agg": 20250609195526
        },
        {
            "cod": 4,
            "desc": null,
            "sz_perv": 3,
            "vot_m": 145,
            "vot_f": 159,
            "vot_t": 304,
            "perc_vot": "23,08",
            "sk_bianche": 14,
            "sk_nulle": 14,
            "sk_contestate": 0,
            "voti_si": 234,
            "voti_no": 42,
            "perc_si": "84,78",
            "perc_no": "15,22",
            "dt_agg": 20250609195541
        },
        {
            "cod": 5,
            "desc": null,
            "sz_perv": 3,
            "vot_m": 145,
            "vot_f": 159,
            "vot_t": 304,
            "perc_vot": "23,08",
            "sk_bianche": 14,
            "sk_nulle": 14,
            "sk_contestate": 0,
            "voti_si": 234,
            "voti_no": 42,
            "perc_si": "84,78",
            "perc_no": "15,22",
            "dt_agg": 20250609195555
        }
    ]
}