{
    "int": {
        "st": "ESERCIZIO",
        "t_ele": "Referendum",
        "t_ref": "ABROGATIVO",
        "f_elet": "SCRUTINI",
        "dt_ele": 20250608000000,
        "l_terr": "COMUNE",
        "area": "I",
        "cod_com": 290,
        "desc_com": "PESCOSANSONESCO",
        "cod_prov": 60,
        "desc_prov": "PESCARA",
        "cod_reg": 13,
        "desc_reg": "ABRUZZO",
        "ele_m": 180,
        "ele_f": 187,
        "ele_t": 367,
        "sz_tot": 2,
        "tipo_tras": "CO"
    },
    "note": null,
    "scheda": [
        {
            "cod": 1,
            "desc": null,
            "sz_perv": 2,
            "vot_m": 48,
            "vot_f": 48,
            "vot_t": 96,
            "perc_vot": "26,16",
            "sk_bianche": 3,
            "sk_nulle": 1,
            "sk_contestate": 0,
            "voti_si": 86,
            "voti_no": 6,
            "perc_si": "93,48",
            "perc_no": "6,52",
            "dt_agg": 20250609161711
        },
        {
            "cod": 2,
            "desc": null,
            "sz_perv": 2,
            "vot_m": 48,
            "vot_f": 48,
            "vot_t": 96,
            "perc_vot": "26,16",
            "sk_bianche": 4,
            "sk_nulle": 1,
            "sk_contestate": 0,
            "voti_si": 80,
            "voti_no": 11,
            "perc_si": "87,91",
            "perc_no": "12,09",
            "dt_agg": 20250609161833
        },
        {
            "cod": 3,
            "desc": null,
            "sz_perv": 2,
            "vot_m": 48,
            "vot_f": 48,
            "vot_t": 96,
            "perc_vot": "26,16",
            "sk_bianche": 3,
            "sk_nulle": 1,
            "sk_contestate": 0,
            "voti_si": 83,
            "voti_no": 9,
            "perc_si": "90,22",
            "perc_no": "9,78",
            "dt_agg": 20250609161906
        },
        {
            "cod": 4,
            "desc": null,
            "sz_perv": 2,
            "vot_m": 48,
            "vot_f": 48,
            "vot_t": 96,
            "perc_vot": "26,16",
            "sk_bianche": 4,
            "sk_nulle": 1,
            "sk_contestate": 0,
            "voti_si": 79,
            "voti_no": 12,
            "perc_si": "86,81",
            "perc_no": "13,19",
            "dt_agg": 20250609161949
        },
        {
            "cod": 5,
            "desc": null,
            "sz_perv": 2,
            "vot_m": 48,
            "vot_f": 48,
            "vot_t": 96,
            "perc_vot": "26,16",
            "sk_bianche": 2,
            "sk_nulle": 1,
            "sk_contestate": 0,
            "voti_si": 39,
            "voti_no": 54,
            "perc_si": "41,94",
            "perc_no": "58,06",
            "dt_agg": 20250609162052
        }
    ]
}