{
    "int": {
        "st": "ESERCIZIO",
        "t_ele": "Referendum",
        "t_ref": "ABROGATIVO",
        "f_elet": "SCRUTINI",
        "dt_ele": 20250608000000,
        "l_terr": "COMUNE",
        "area": "I",
        "cod_com": 370,
        "desc_com": "SANT'EUFEMIA A MAIELLA",
        "cod_prov": 60,
        "desc_prov": "PESCARA",
        "cod_reg": 13,
        "desc_reg": "ABRUZZO",
        "ele_m": 108,
        "ele_f": 95,
        "ele_t": 203,
        "sz_tot": 1,
        "tipo_tras": "CO"
    },
    "note": null,
    "scheda": [
        {
            "cod": 1,
            "desc": null,
            "sz_perv": 1,
            "vot_m": 28,
            "vot_f": 24,
            "vot_t": 52,
            "perc_vot": "25,62",
            "sk_bianche": 1,
            "sk_nulle": 1,
            "sk_contestate": 0,
            "voti_si": 42,
            "voti_no": 8,
            "perc_si": "84,00",
            "perc_no": "16,00",
            "dt_agg": 20250609175307
        },
        {
            "cod": 2,
            "desc": null,
            "sz_perv": 1,
            "vot_m": 28,
            "vot_f": 24,
            "vot_t": 52,
            "perc_vot": "25,62",
            "sk_bianche": 1,
            "sk_nulle": 1,
            "sk_contestate": 0,
            "voti_si": 41,
            "voti_no": 9,
            "perc_si": "82,00",
            "perc_no": "18,00",
            "dt_agg": 20250609175327
        },
        {
            "cod": 3,
            "desc": null,
            "sz_perv": 1,
            "vot_m": 28,
            "vot_f": 24,
            "vot_t": 52,
            "perc_vot": "25,62",
            "sk_bianche": 0,
            "sk_nulle": 1,
            "sk_contestate": 0,
            "voti_si": 41,
            "voti_no": 10,
            "perc_si": "80,39",
            "perc_no": "19,61",
            "dt_agg": 20250609175348
        },
        {
            "cod": 4,
            "desc": null,
            "sz_perv": 1,
            "vot_m": 28,
            "vot_f": 24,
            "vot_t": 52,
            "perc_vot": "25,62",
            "sk_bianche": 1,
            "sk_nulle": 1,
            "sk_contestate": 0,
            "voti_si": 41,
            "voti_no": 9,
            "perc_si": "82,00",
            "perc_no": "18,00",
            "dt_agg": 20250609175410
        },
        {
            "cod": 5,
            "desc": null,
            "sz_perv": 1,
            "vot_m": 28,
            "vot_f": 24,
            "vot_t": 52,
            "perc_vot": "25,62",
            "sk_bianche": 1,
            "sk_nulle": 1,
            "sk_contestate": 0,
            "voti_si": 29,
            "voti_no": 21,
            "perc_si": "58,00",
            "perc_no": "42,00",
            "dt_agg": 20250609175430
        }
    ]
}