{
    "int": {
        "st": "ESERCIZIO",
        "t_ele": "Referendum",
        "t_ref": "ABROGATIVO",
        "f_elet": "SCRUTINI",
        "dt_ele": 20250608000000,
        "l_terr": "COMUNE",
        "area": "I",
        "cod_com": 330,
        "desc_com": "POPOLI TERME",
        "cod_prov": 60,
        "desc_prov": "PESCARA",
        "cod_reg": 13,
        "desc_reg": "ABRUZZO",
        "ele_m": 1888,
        "ele_f": 1990,
        "ele_t": 3878,
        "sz_tot": 7,
        "tipo_tras": "CO"
    },
    "note": null,
    "scheda": [
        {
            "cod": 1,
            "desc": null,
            "sz_perv": 7,
            "vot_m": 658,
            "vot_f": 701,
            "vot_t": 1359,
            "perc_vot": "35,04",
            "sk_bianche": 36,
            "sk_nulle": 15,
            "sk_contestate": 0,
            "voti_si": 1186,
            "voti_no": 122,
            "perc_si": "90,67",
            "perc_no": "9,33",
            "dt_agg": 20250609191834
        },
        {
            "cod": 2,
            "desc": null,
            "sz_perv": 7,
            "vot_m": 658,
            "vot_f": 701,
            "vot_t": 1359,
            "perc_vot": "35,04",
            "sk_bianche": 33,
            "sk_nulle": 14,
            "sk_contestate": 0,
            "voti_si": 1177,
            "voti_no": 135,
            "perc_si": "89,71",
            "perc_no": "10,29",
            "dt_agg": 20250609191857
        },
        {
            "cod": 3,
            "desc": null,
            "sz_perv": 7,
            "vot_m": 658,
            "vot_f": 701,
            "vot_t": 1359,
            "perc_vot": "35,04",
            "sk_bianche": 40,
            "sk_nulle": 13,
            "sk_contestate": 0,
            "voti_si": 1185,
            "voti_no": 121,
            "perc_si": "90,74",
            "perc_no": "9,26",
            "dt_agg": 20250609191920
        },
        {
            "cod": 4,
            "desc": null,
            "sz_perv": 7,
            "vot_m": 656,
            "vot_f": 701,
            "vot_t": 1357,
            "perc_vot": "34,99",
            "sk_bianche": 30,
            "sk_nulle": 13,
            "sk_contestate": 0,
            "voti_si": 1167,
            "voti_no": 147,
            "perc_si": "88,81",
            "perc_no": "11,19",
            "dt_agg": 20250609191940
        },
        {
            "cod": 5,
            "desc": null,
            "sz_perv": 7,
            "vot_m": 654,
            "vot_f": 703,
            "vot_t": 1357,
            "perc_vot": "34,99",
            "sk_bianche": 24,
            "sk_nulle": 13,
            "sk_contestate": 0,
            "voti_si": 820,
            "voti_no": 500,
            "perc_si": "62,12",
            "perc_no": "37,88",
            "dt_agg": 20250609192000
        }
    ]
}