{
    "int": {
        "st": "ESERCIZIO",
        "t_ele": "Referendum",
        "t_ref": "ABROGATIVO",
        "f_elet": "SCRUTINI",
        "dt_ele": 20250608000000,
        "l_terr": "COMUNE",
        "area": "I",
        "cod_com": 380,
        "desc_com": "SAN VALENTINO IN ABRUZZO CITERIORE",
        "cod_prov": 60,
        "desc_prov": "PESCARA",
        "cod_reg": 13,
        "desc_reg": "ABRUZZO",
        "ele_m": 729,
        "ele_f": 780,
        "ele_t": 1509,
        "sz_tot": 3,
        "tipo_tras": "CO"
    },
    "note": null,
    "scheda": [
        {
            "cod": 1,
            "desc": null,
            "sz_perv": 3,
            "vot_m": 258,
            "vot_f": 302,
            "vot_t": 560,
            "perc_vot": "37,11",
            "sk_bianche": 17,
            "sk_nulle": 11,
            "sk_contestate": 0,
            "voti_si": 498,
            "voti_no": 34,
            "perc_si": "93,61",
            "perc_no": "6,39",
            "dt_agg": 20250609192342
        },
        {
            "cod": 2,
            "desc": null,
            "sz_perv": 3,
            "vot_m": 258,
            "vot_f": 303,
            "vot_t": 561,
            "perc_vot": "37,18",
            "sk_bianche": 14,
            "sk_nulle": 11,
            "sk_contestate": 0,
            "voti_si": 496,
            "voti_no": 40,
            "perc_si": "92,54",
            "perc_no": "7,46",
            "dt_agg": 20250609192403
        },
        {
            "cod": 3,
            "desc": null,
            "sz_perv": 3,
            "vot_m": 258,
            "vot_f": 303,
            "vot_t": 561,
            "perc_vot": "37,18",
            "sk_bianche": 16,
            "sk_nulle": 9,
            "sk_contestate": 0,
            "voti_si": 499,
            "voti_no": 37,
            "perc_si": "93,10",
            "perc_no": "6,90",
            "dt_agg": 20250609192424
        },
        {
            "cod": 4,
            "desc": null,
            "sz_perv": 3,
            "vot_m": 257,
            "vot_f": 302,
            "vot_t": 559,
            "perc_vot": "37,04",
            "sk_bianche": 12,
            "sk_nulle": 8,
            "sk_contestate": 0,
            "voti_si": 481,
            "voti_no": 58,
            "perc_si": "89,24",
            "perc_no": "10,76",
            "dt_agg": 20250609192448
        },
        {
            "cod": 5,
            "desc": null,
            "sz_perv": 3,
            "vot_m": 258,
            "vot_f": 302,
            "vot_t": 560,
            "perc_vot": "37,11",
            "sk_bianche": 11,
            "sk_nulle": 9,
            "sk_contestate": 0,
            "voti_si": 356,
            "voti_no": 184,
            "perc_si": "65,93",
            "perc_no": "34,07",
            "dt_agg": 20250609192511
        }
    ]
}