{
    "int": {
        "st": "ESERCIZIO",
        "t_ele": "Referendum",
        "t_ref": "ABROGATIVO",
        "f_elet": "SCRUTINI",
        "dt_ele": 20250608000000,
        "l_terr": "COMUNE",
        "area": "I",
        "cod_com": 280,
        "desc_com": "PESCARA",
        "cod_prov": 60,
        "desc_prov": "PESCARA",
        "cod_reg": 13,
        "desc_reg": "ABRUZZO",
        "ele_m": 44673,
        "ele_f": 50925,
        "ele_t": 95598,
        "sz_tot": 170,
        "tipo_tras": "CO"
    },
    "note": null,
    "scheda": [
        {
            "cod": 1,
            "desc": null,
            "sz_perv": 170,
            "vot_m": 13339,
            "vot_f": 16525,
            "vot_t": 29864,
            "perc_vot": "31,24",
            "sk_bianche": 421,
            "sk_nulle": 153,
            "sk_contestate": 0,
            "voti_si": 26813,
            "voti_no": 2477,
            "perc_si": "91,54",
            "perc_no": "8,46",
            "dt_agg": 20250609183401
        },
        {
            "cod": 2,
            "desc": null,
            "sz_perv": 170,
            "vot_m": 13331,
            "vot_f": 16523,
            "vot_t": 29854,
            "perc_vot": "31,23",
            "sk_bianche": 437,
            "sk_nulle": 156,
            "sk_contestate": 0,
            "voti_si": 26257,
            "voti_no": 3004,
            "perc_si": "89,73",
            "perc_no": "10,27",
            "dt_agg": 20250609183401
        },
        {
            "cod": 3,
            "desc": null,
            "sz_perv": 170,
            "vot_m": 13336,
            "vot_f": 16521,
            "vot_t": 29857,
            "perc_vot": "31,23",
            "sk_bianche": 456,
            "sk_nulle": 160,
            "sk_contestate": 0,
            "voti_si": 26657,
            "voti_no": 2584,
            "perc_si": "91,16",
            "perc_no": "8,84",
            "dt_agg": 20250609183401
        },
        {
            "cod": 4,
            "desc": null,
            "sz_perv": 170,
            "vot_m": 13349,
            "vot_f": 16511,
            "vot_t": 29860,
            "perc_vot": "31,23",
            "sk_bianche": 427,
            "sk_nulle": 151,
            "sk_contestate": 0,
            "voti_si": 26126,
            "voti_no": 3156,
            "perc_si": "89,22",
            "perc_no": "10,78",
            "dt_agg": 20250609183401
        },
        {
            "cod": 5,
            "desc": null,
            "sz_perv": 170,
            "vot_m": 13335,
            "vot_f": 16507,
            "vot_t": 29842,
            "perc_vot": "31,22",
            "sk_bianche": 377,
            "sk_nulle": 169,
            "sk_contestate": 4,
            "voti_si": 20428,
            "voti_no": 8864,
            "perc_si": "69,74",
            "perc_no": "30,26",
            "dt_agg": 20250609183401
        }
    ]
}