{
    "int": {
        "st": "ESERCIZIO",
        "t_ele": "Referendum",
        "t_ref": "ABROGATIVO",
        "f_elet": "SCRUTINI",
        "dt_ele": 20250608000000,
        "l_terr": "COMUNE",
        "area": "I",
        "cod_com": 240,
        "desc_com": "MONTESILVANO",
        "cod_prov": 60,
        "desc_prov": "PESCARA",
        "cod_reg": 13,
        "desc_reg": "ABRUZZO",
        "ele_m": 20052,
        "ele_f": 21812,
        "ele_t": 41864,
        "sz_tot": 52,
        "tipo_tras": "CO"
    },
    "note": null,
    "scheda": [
        {
            "cod": 1,
            "desc": null,
            "sz_perv": 52,
            "vot_m": 5272,
            "vot_f": 6324,
            "vot_t": 11596,
            "perc_vot": "27,70",
            "sk_bianche": 152,
            "sk_nulle": 62,
            "sk_contestate": 0,
            "voti_si": 10369,
            "voti_no": 1013,
            "perc_si": "91,10",
            "perc_no": "8,90",
            "dt_agg": 20250609190317
        },
        {
            "cod": 2,
            "desc": null,
            "sz_perv": 52,
            "vot_m": 5272,
            "vot_f": 6324,
            "vot_t": 11596,
            "perc_vot": "27,70",
            "sk_bianche": 171,
            "sk_nulle": 52,
            "sk_contestate": 1,
            "voti_si": 10154,
            "voti_no": 1218,
            "perc_si": "89,29",
            "perc_no": "10,71",
            "dt_agg": 20250609190344
        },
        {
            "cod": 3,
            "desc": null,
            "sz_perv": 52,
            "vot_m": 5273,
            "vot_f": 6325,
            "vot_t": 11598,
            "perc_vot": "27,70",
            "sk_bianche": 173,
            "sk_nulle": 58,
            "sk_contestate": 0,
            "voti_si": 10333,
            "voti_no": 1034,
            "perc_si": "90,90",
            "perc_no": "9,10",
            "dt_agg": 20250609190413
        },
        {
            "cod": 4,
            "desc": null,
            "sz_perv": 52,
            "vot_m": 5272,
            "vot_f": 6326,
            "vot_t": 11598,
            "perc_vot": "27,70",
            "sk_bianche": 152,
            "sk_nulle": 61,
            "sk_contestate": 0,
            "voti_si": 10079,
            "voti_no": 1306,
            "perc_si": "88,53",
            "perc_no": "11,47",
            "dt_agg": 20250609190447
        },
        {
            "cod": 5,
            "desc": null,
            "sz_perv": 52,
            "vot_m": 5266,
            "vot_f": 6322,
            "vot_t": 11588,
            "perc_vot": "27,68",
            "sk_bianche": 144,
            "sk_nulle": 60,
            "sk_contestate": 0,
            "voti_si": 7231,
            "voti_no": 4153,
            "perc_si": "63,52",
            "perc_no": "36,48",
            "dt_agg": 20250609190514
        }
    ]
}