{
    "int": {
        "st": "ESERCIZIO",
        "t_ele": "Referendum",
        "t_ref": "ABROGATIVO",
        "f_elet": "SCRUTINI",
        "dt_ele": 20250608000000,
        "l_terr": "COMUNE",
        "area": "I",
        "cod_com": 430,
        "desc_com": "TORRE DE' PASSERI",
        "cod_prov": 60,
        "desc_prov": "PESCARA",
        "cod_reg": 13,
        "desc_reg": "ABRUZZO",
        "ele_m": 1058,
        "ele_f": 1167,
        "ele_t": 2225,
        "sz_tot": 3,
        "tipo_tras": "CO"
    },
    "note": null,
    "scheda": [
        {
            "cod": 1,
            "desc": null,
            "sz_perv": 3,
            "vot_m": 351,
            "vot_f": 410,
            "vot_t": 761,
            "perc_vot": "34,20",
            "sk_bianche": 14,
            "sk_nulle": 3,
            "sk_contestate": 0,
            "voti_si": 675,
            "voti_no": 69,
            "perc_si": "90,73",
            "perc_no": "9,27",
            "dt_agg": 20250609183909
        },
        {
            "cod": 2,
            "desc": null,
            "sz_perv": 3,
            "vot_m": 351,
            "vot_f": 410,
            "vot_t": 761,
            "perc_vot": "34,20",
            "sk_bianche": 16,
            "sk_nulle": 2,
            "sk_contestate": 0,
            "voti_si": 659,
            "voti_no": 84,
            "perc_si": "88,69",
            "perc_no": "11,31",
            "dt_agg": 20250609183928
        },
        {
            "cod": 3,
            "desc": null,
            "sz_perv": 3,
            "vot_m": 351,
            "vot_f": 410,
            "vot_t": 761,
            "perc_vot": "34,20",
            "sk_bianche": 22,
            "sk_nulle": 2,
            "sk_contestate": 0,
            "voti_si": 666,
            "voti_no": 71,
            "perc_si": "90,37",
            "perc_no": "9,63",
            "dt_agg": 20250609183952
        },
        {
            "cod": 4,
            "desc": null,
            "sz_perv": 3,
            "vot_m": 351,
            "vot_f": 410,
            "vot_t": 761,
            "perc_vot": "34,20",
            "sk_bianche": 19,
            "sk_nulle": 4,
            "sk_contestate": 0,
            "voti_si": 650,
            "voti_no": 88,
            "perc_si": "88,08",
            "perc_no": "11,92",
            "dt_agg": 20250609184015
        },
        {
            "cod": 5,
            "desc": null,
            "sz_perv": 3,
            "vot_m": 351,
            "vot_f": 410,
            "vot_t": 761,
            "perc_vot": "34,20",
            "sk_bianche": 16,
            "sk_nulle": 5,
            "sk_contestate": 0,
            "voti_si": 426,
            "voti_no": 314,
            "perc_si": "57,57",
            "perc_no": "42,43",
            "dt_agg": 20250609184037
        }
    ]
}