{
    "int": {
        "st": "ESERCIZIO",
        "t_ele": "Referendum",
        "t_ref": "ABROGATIVO",
        "f_elet": "SCRUTINI",
        "dt_ele": 20250608000000,
        "l_terr": "COMUNE",
        "area": "I",
        "cod_com": 360,
        "desc_com": "SALLE",
        "cod_prov": 60,
        "desc_prov": "PESCARA",
        "cod_reg": 13,
        "desc_reg": "ABRUZZO",
        "ele_m": 110,
        "ele_f": 105,
        "ele_t": 215,
        "sz_tot": 1,
        "tipo_tras": "CO"
    },
    "note": null,
    "scheda": [
        {
            "cod": 1,
            "desc": null,
            "sz_perv": 1,
            "vot_m": 41,
            "vot_f": 40,
            "vot_t": 81,
            "perc_vot": "37,67",
            "sk_bianche": 4,
            "sk_nulle": 1,
            "sk_contestate": 0,
            "voti_si": 69,
            "voti_no": 7,
            "perc_si": "90,79",
            "perc_no": "9,21",
            "dt_agg": 20250609162506
        },
        {
            "cod": 2,
            "desc": null,
            "sz_perv": 1,
            "vot_m": 42,
            "vot_f": 40,
            "vot_t": 82,
            "perc_vot": "38,14",
            "sk_bianche": 4,
            "sk_nulle": 0,
            "sk_contestate": 0,
            "voti_si": 69,
            "voti_no": 9,
            "perc_si": "88,46",
            "perc_no": "11,54",
            "dt_agg": 20250609162532
        },
        {
            "cod": 3,
            "desc": null,
            "sz_perv": 1,
            "vot_m": 41,
            "vot_f": 40,
            "vot_t": 81,
            "perc_vot": "37,67",
            "sk_bianche": 4,
            "sk_nulle": 0,
            "sk_contestate": 0,
            "voti_si": 67,
            "voti_no": 10,
            "perc_si": "87,01",
            "perc_no": "12,99",
            "dt_agg": 20250609162602
        },
        {
            "cod": 4,
            "desc": null,
            "sz_perv": 1,
            "vot_m": 41,
            "vot_f": 40,
            "vot_t": 81,
            "perc_vot": "37,67",
            "sk_bianche": 4,
            "sk_nulle": 0,
            "sk_contestate": 0,
            "voti_si": 69,
            "voti_no": 8,
            "perc_si": "89,61",
            "perc_no": "10,39",
            "dt_agg": 20250609162626
        },
        {
            "cod": 5,
            "desc": null,
            "sz_perv": 1,
            "vot_m": 39,
            "vot_f": 39,
            "vot_t": 78,
            "perc_vot": "36,28",
            "sk_bianche": 2,
            "sk_nulle": 0,
            "sk_contestate": 0,
            "voti_si": 46,
            "voti_no": 30,
            "perc_si": "60,53",
            "perc_no": "39,47",
            "dt_agg": 20250609162648
        }
    ]
}