{
    "int": {
        "st": "ESERCIZIO",
        "t_ele": "Referendum",
        "t_ref": "ABROGATIVO",
        "f_elet": "SCRUTINI",
        "dt_ele": 20250608000000,
        "l_terr": "COMUNE",
        "area": "I",
        "cod_com": 40,
        "desc_com": "BRITTOLI",
        "cod_prov": 60,
        "desc_prov": "PESCARA",
        "cod_reg": 13,
        "desc_reg": "ABRUZZO",
        "ele_m": 108,
        "ele_f": 98,
        "ele_t": 206,
        "sz_tot": 1,
        "tipo_tras": "CO"
    },
    "note": null,
    "scheda": [
        {
            "cod": 1,
            "desc": null,
            "sz_perv": 1,
            "vot_m": 28,
            "vot_f": 20,
            "vot_t": 48,
            "perc_vot": "23,30",
            "sk_bianche": 1,
            "sk_nulle": 1,
            "sk_contestate": 0,
            "voti_si": 42,
            "voti_no": 4,
            "perc_si": "91,30",
            "perc_no": "8,70",
            "dt_agg": 20250609155221
        },
        {
            "cod": 2,
            "desc": null,
            "sz_perv": 1,
            "vot_m": 28,
            "vot_f": 20,
            "vot_t": 48,
            "perc_vot": "23,30",
            "sk_bianche": 3,
            "sk_nulle": 1,
            "sk_contestate": 0,
            "voti_si": 40,
            "voti_no": 4,
            "perc_si": "90,91",
            "perc_no": "9,09",
            "dt_agg": 20250609155236
        },
        {
            "cod": 3,
            "desc": null,
            "sz_perv": 1,
            "vot_m": 28,
            "vot_f": 20,
            "vot_t": 48,
            "perc_vot": "23,30",
            "sk_bianche": 1,
            "sk_nulle": 1,
            "sk_contestate": 0,
            "voti_si": 42,
            "voti_no": 4,
            "perc_si": "91,30",
            "perc_no": "8,70",
            "dt_agg": 20250609155248
        },
        {
            "cod": 4,
            "desc": null,
            "sz_perv": 1,
            "vot_m": 28,
            "vot_f": 20,
            "vot_t": 48,
            "perc_vot": "23,30",
            "sk_bianche": 4,
            "sk_nulle": 1,
            "sk_contestate": 0,
            "voti_si": 38,
            "voti_no": 5,
            "perc_si": "88,37",
            "perc_no": "11,63",
            "dt_agg": 20250609155305
        },
        {
            "cod": 5,
            "desc": null,
            "sz_perv": 1,
            "vot_m": 28,
            "vot_f": 20,
            "vot_t": 48,
            "perc_vot": "23,30",
            "sk_bianche": 1,
            "sk_nulle": 1,
            "sk_contestate": 0,
            "voti_si": 22,
            "voti_no": 24,
            "perc_si": "47,83",
            "perc_no": "52,17",
            "dt_agg": 20250609155317
        }
    ]
}