{
    "int": {
        "st": "ESERCIZIO",
        "t_ele": "Referendum",
        "t_ref": "ABROGATIVO",
        "f_elet": "SCRUTINI",
        "dt_ele": 20250608000000,
        "l_terr": "COMUNE",
        "area": "I",
        "cod_com": 260,
        "desc_com": "NOCCIANO",
        "cod_prov": 60,
        "desc_prov": "PESCARA",
        "cod_reg": 13,
        "desc_reg": "ABRUZZO",
        "ele_m": 739,
        "ele_f": 699,
        "ele_t": 1438,
        "sz_tot": 2,
        "tipo_tras": "CO"
    },
    "note": null,
    "scheda": [
        {
            "cod": 1,
            "desc": null,
            "sz_perv": 2,
            "vot_m": 166,
            "vot_f": 186,
            "vot_t": 352,
            "perc_vot": "24,48",
            "sk_bianche": 12,
            "sk_nulle": 1,
            "sk_contestate": 0,
            "voti_si": 291,
            "voti_no": 48,
            "perc_si": "85,84",
            "perc_no": "14,16",
            "dt_agg": 20250609190730
        },
        {
            "cod": 2,
            "desc": null,
            "sz_perv": 2,
            "vot_m": 166,
            "vot_f": 186,
            "vot_t": 352,
            "perc_vot": "24,48",
            "sk_bianche": 13,
            "sk_nulle": 1,
            "sk_contestate": 0,
            "voti_si": 289,
            "voti_no": 49,
            "perc_si": "85,50",
            "perc_no": "14,50",
            "dt_agg": 20250609190809
        },
        {
            "cod": 3,
            "desc": null,
            "sz_perv": 2,
            "vot_m": 166,
            "vot_f": 186,
            "vot_t": 352,
            "perc_vot": "24,48",
            "sk_bianche": 15,
            "sk_nulle": 1,
            "sk_contestate": 0,
            "voti_si": 291,
            "voti_no": 45,
            "perc_si": "86,61",
            "perc_no": "13,39",
            "dt_agg": 20250609190839
        },
        {
            "cod": 4,
            "desc": null,
            "sz_perv": 2,
            "vot_m": 166,
            "vot_f": 186,
            "vot_t": 352,
            "perc_vot": "24,48",
            "sk_bianche": 14,
            "sk_nulle": 0,
            "sk_contestate": 0,
            "voti_si": 279,
            "voti_no": 59,
            "perc_si": "82,54",
            "perc_no": "17,46",
            "dt_agg": 20250609190919
        },
        {
            "cod": 5,
            "desc": null,
            "sz_perv": 2,
            "vot_m": 166,
            "vot_f": 186,
            "vot_t": 352,
            "perc_vot": "24,48",
            "sk_bianche": 5,
            "sk_nulle": 3,
            "sk_contestate": 0,
            "voti_si": 183,
            "voti_no": 161,
            "perc_si": "53,20",
            "perc_no": "46,80",
            "dt_agg": 20250609191035
        }
    ]
}