{
    "int": {
        "st": "ESERCIZIO",
        "t_ele": "Referendum",
        "t_ref": "ABROGATIVO",
        "f_elet": "SCRUTINI",
        "dt_ele": 20250608000000,
        "l_terr": "COMUNE",
        "area": "I",
        "cod_com": 100,
        "desc_com": "CATIGNANO",
        "cod_prov": 60,
        "desc_prov": "PESCARA",
        "cod_reg": 13,
        "desc_reg": "ABRUZZO",
        "ele_m": 523,
        "ele_f": 503,
        "ele_t": 1026,
        "sz_tot": 2,
        "tipo_tras": "CO"
    },
    "note": null,
    "scheda": [
        {
            "cod": 1,
            "desc": null,
            "sz_perv": 2,
            "vot_m": 182,
            "vot_f": 167,
            "vot_t": 349,
            "perc_vot": "34,02",
            "sk_bianche": 11,
            "sk_nulle": 3,
            "sk_contestate": 0,
            "voti_si": 300,
            "voti_no": 35,
            "perc_si": "89,55",
            "perc_no": "10,45",
            "dt_agg": 20250609172642
        },
        {
            "cod": 2,
            "desc": null,
            "sz_perv": 2,
            "vot_m": 182,
            "vot_f": 167,
            "vot_t": 349,
            "perc_vot": "34,02",
            "sk_bianche": 13,
            "sk_nulle": 3,
            "sk_contestate": 0,
            "voti_si": 298,
            "voti_no": 35,
            "perc_si": "89,49",
            "perc_no": "10,51",
            "dt_agg": 20250609172700
        },
        {
            "cod": 3,
            "desc": null,
            "sz_perv": 2,
            "vot_m": 182,
            "vot_f": 167,
            "vot_t": 349,
            "perc_vot": "34,02",
            "sk_bianche": 11,
            "sk_nulle": 4,
            "sk_contestate": 0,
            "voti_si": 299,
            "voti_no": 35,
            "perc_si": "89,52",
            "perc_no": "10,48",
            "dt_agg": 20250609172712
        },
        {
            "cod": 4,
            "desc": null,
            "sz_perv": 2,
            "vot_m": 182,
            "vot_f": 167,
            "vot_t": 349,
            "perc_vot": "34,02",
            "sk_bianche": 11,
            "sk_nulle": 3,
            "sk_contestate": 0,
            "voti_si": 304,
            "voti_no": 31,
            "perc_si": "90,75",
            "perc_no": "9,25",
            "dt_agg": 20250609172724
        },
        {
            "cod": 5,
            "desc": null,
            "sz_perv": 2,
            "vot_m": 182,
            "vot_f": 167,
            "vot_t": 349,
            "perc_vot": "34,02",
            "sk_bianche": 8,
            "sk_nulle": 3,
            "sk_contestate": 0,
            "voti_si": 207,
            "voti_no": 131,
            "perc_si": "61,24",
            "perc_no": "38,76",
            "dt_agg": 20250609172737
        }
    ]
}