{
    "int": {
        "st": "ESERCIZIO",
        "t_ele": "Referendum",
        "t_ref": "ABROGATIVO",
        "f_elet": "SCRUTINI",
        "dt_ele": 20250608000000,
        "l_terr": "COMUNE",
        "area": "I",
        "cod_com": 300,
        "desc_com": "PIANELLA",
        "cod_prov": 60,
        "desc_prov": "PESCARA",
        "cod_reg": 13,
        "desc_reg": "ABRUZZO",
        "ele_m": 3398,
        "ele_f": 3458,
        "ele_t": 6856,
        "sz_tot": 8,
        "tipo_tras": "CO"
    },
    "note": null,
    "scheda": [
        {
            "cod": 1,
            "desc": null,
            "sz_perv": 8,
            "vot_m": 881,
            "vot_f": 1041,
            "vot_t": 1922,
            "perc_vot": "28,03",
            "sk_bianche": 49,
            "sk_nulle": 13,
            "sk_contestate": 0,
            "voti_si": 1681,
            "voti_no": 179,
            "perc_si": "90,38",
            "perc_no": "9,62",
            "dt_agg": 20250609182857
        },
        {
            "cod": 2,
            "desc": null,
            "sz_perv": 8,
            "vot_m": 881,
            "vot_f": 1041,
            "vot_t": 1922,
            "perc_vot": "28,03",
            "sk_bianche": 53,
            "sk_nulle": 15,
            "sk_contestate": 0,
            "voti_si": 1657,
            "voti_no": 197,
            "perc_si": "89,37",
            "perc_no": "10,63",
            "dt_agg": 20250609183002
        },
        {
            "cod": 3,
            "desc": null,
            "sz_perv": 8,
            "vot_m": 881,
            "vot_f": 1041,
            "vot_t": 1922,
            "perc_vot": "28,03",
            "sk_bianche": 57,
            "sk_nulle": 14,
            "sk_contestate": 0,
            "voti_si": 1667,
            "voti_no": 184,
            "perc_si": "90,06",
            "perc_no": "9,94",
            "dt_agg": 20250609183033
        },
        {
            "cod": 4,
            "desc": null,
            "sz_perv": 8,
            "vot_m": 882,
            "vot_f": 1040,
            "vot_t": 1922,
            "perc_vot": "28,03",
            "sk_bianche": 43,
            "sk_nulle": 14,
            "sk_contestate": 0,
            "voti_si": 1634,
            "voti_no": 231,
            "perc_si": "87,61",
            "perc_no": "12,39",
            "dt_agg": 20250609183055
        },
        {
            "cod": 5,
            "desc": null,
            "sz_perv": 8,
            "vot_m": 883,
            "vot_f": 1040,
            "vot_t": 1923,
            "perc_vot": "28,05",
            "sk_bianche": 43,
            "sk_nulle": 18,
            "sk_contestate": 0,
            "voti_si": 1155,
            "voti_no": 707,
            "perc_si": "62,03",
            "perc_no": "37,97",
            "dt_agg": 20250609183120
        }
    ]
}