{
    "int": {
        "st": "ESERCIZIO",
        "t_ele": "Referendum",
        "t_ref": "ABROGATIVO",
        "f_elet": "SCRUTINI",
        "dt_ele": 20250608000000,
        "l_terr": "COMUNE",
        "area": "I",
        "cod_com": 210,
        "desc_com": "LORETO APRUTINO",
        "cod_prov": 60,
        "desc_prov": "PESCARA",
        "cod_reg": 13,
        "desc_reg": "ABRUZZO",
        "ele_m": 2833,
        "ele_f": 2923,
        "ele_t": 5756,
        "sz_tot": 7,
        "tipo_tras": "CO"
    },
    "note": null,
    "scheda": [
        {
            "cod": 1,
            "desc": null,
            "sz_perv": 7,
            "vot_m": 840,
            "vot_f": 973,
            "vot_t": 1813,
            "perc_vot": "31,50",
            "sk_bianche": 31,
            "sk_nulle": 17,
            "sk_contestate": 0,
            "voti_si": 1580,
            "voti_no": 185,
            "perc_si": "89,52",
            "perc_no": "10,48",
            "dt_agg": 20250609190025
        },
        {
            "cod": 2,
            "desc": null,
            "sz_perv": 7,
            "vot_m": 840,
            "vot_f": 973,
            "vot_t": 1813,
            "perc_vot": "31,50",
            "sk_bianche": 31,
            "sk_nulle": 18,
            "sk_contestate": 0,
            "voti_si": 1550,
            "voti_no": 214,
            "perc_si": "87,87",
            "perc_no": "12,13",
            "dt_agg": 20250609190051
        },
        {
            "cod": 3,
            "desc": null,
            "sz_perv": 7,
            "vot_m": 839,
            "vot_f": 973,
            "vot_t": 1812,
            "perc_vot": "31,48",
            "sk_bianche": 40,
            "sk_nulle": 16,
            "sk_contestate": 0,
            "voti_si": 1559,
            "voti_no": 197,
            "perc_si": "88,78",
            "perc_no": "11,22",
            "dt_agg": 20250609190145
        },
        {
            "cod": 4,
            "desc": null,
            "sz_perv": 7,
            "vot_m": 839,
            "vot_f": 973,
            "vot_t": 1812,
            "perc_vot": "31,48",
            "sk_bianche": 39,
            "sk_nulle": 13,
            "sk_contestate": 0,
            "voti_si": 1520,
            "voti_no": 240,
            "perc_si": "86,36",
            "perc_no": "13,64",
            "dt_agg": 20250609190205
        },
        {
            "cod": 5,
            "desc": null,
            "sz_perv": 7,
            "vot_m": 839,
            "vot_f": 974,
            "vot_t": 1813,
            "perc_vot": "31,50",
            "sk_bianche": 34,
            "sk_nulle": 23,
            "sk_contestate": 0,
            "voti_si": 1056,
            "voti_no": 700,
            "perc_si": "60,14",
            "perc_no": "39,86",
            "dt_agg": 20250609190228
        }
    ]
}