{
    "int": {
        "st": "ESERCIZIO",
        "t_ele": "Referendum",
        "t_ref": "ABROGATIVO",
        "f_elet": "SCRUTINI",
        "dt_ele": 20250608000000,
        "l_terr": "COMUNE",
        "area": "I",
        "cod_com": 400,
        "desc_com": "SERRAMONACESCA",
        "cod_prov": 60,
        "desc_prov": "PESCARA",
        "cod_reg": 13,
        "desc_reg": "ABRUZZO",
        "ele_m": 210,
        "ele_f": 201,
        "ele_t": 411,
        "sz_tot": 1,
        "tipo_tras": "CO"
    },
    "note": null,
    "scheda": [
        {
            "cod": 1,
            "desc": null,
            "sz_perv": 1,
            "vot_m": 46,
            "vot_f": 41,
            "vot_t": 87,
            "perc_vot": "21,17",
            "sk_bianche": 1,
            "sk_nulle": 0,
            "sk_contestate": 0,
            "voti_si": 77,
            "voti_no": 9,
            "perc_si": "89,53",
            "perc_no": "10,47",
            "dt_agg": 20250609165648
        },
        {
            "cod": 2,
            "desc": null,
            "sz_perv": 1,
            "vot_m": 46,
            "vot_f": 41,
            "vot_t": 87,
            "perc_vot": "21,17",
            "sk_bianche": 1,
            "sk_nulle": 0,
            "sk_contestate": 0,
            "voti_si": 77,
            "voti_no": 9,
            "perc_si": "89,53",
            "perc_no": "10,47",
            "dt_agg": 20250609165709
        },
        {
            "cod": 3,
            "desc": null,
            "sz_perv": 1,
            "vot_m": 46,
            "vot_f": 41,
            "vot_t": 87,
            "perc_vot": "21,17",
            "sk_bianche": 1,
            "sk_nulle": 0,
            "sk_contestate": 0,
            "voti_si": 79,
            "voti_no": 7,
            "perc_si": "91,86",
            "perc_no": "8,14",
            "dt_agg": 20250609165732
        },
        {
            "cod": 4,
            "desc": null,
            "sz_perv": 1,
            "vot_m": 47,
            "vot_f": 41,
            "vot_t": 88,
            "perc_vot": "21,41",
            "sk_bianche": 1,
            "sk_nulle": 0,
            "sk_contestate": 0,
            "voti_si": 79,
            "voti_no": 8,
            "perc_si": "90,80",
            "perc_no": "9,20",
            "dt_agg": 20250609165751
        },
        {
            "cod": 5,
            "desc": null,
            "sz_perv": 1,
            "vot_m": 48,
            "vot_f": 41,
            "vot_t": 89,
            "perc_vot": "21,65",
            "sk_bianche": 3,
            "sk_nulle": 0,
            "sk_contestate": 0,
            "voti_si": 60,
            "voti_no": 26,
            "perc_si": "69,77",
            "perc_no": "30,23",
            "dt_agg": 20250609165813
        }
    ]
}