{
    "int": {
        "st": "ESERCIZIO",
        "t_ele": "Referendum",
        "t_ref": "ABROGATIVO",
        "f_elet": "SCRUTINI",
        "dt_ele": 20250608000000,
        "l_terr": "COMUNE",
        "area": "I",
        "cod_com": 150,
        "desc_com": "COLLECORVINO",
        "cod_prov": 60,
        "desc_prov": "PESCARA",
        "cod_reg": 13,
        "desc_reg": "ABRUZZO",
        "ele_m": 2395,
        "ele_f": 2382,
        "ele_t": 4777,
        "sz_tot": 6,
        "tipo_tras": "CO"
    },
    "note": null,
    "scheda": [
        {
            "cod": 1,
            "desc": null,
            "sz_perv": 6,
            "vot_m": 523,
            "vot_f": 593,
            "vot_t": 1116,
            "perc_vot": "23,36",
            "sk_bianche": 20,
            "sk_nulle": 11,
            "sk_contestate": 0,
            "voti_si": 978,
            "voti_no": 107,
            "perc_si": "90,14",
            "perc_no": "9,86",
            "dt_agg": 20250609180048
        },
        {
            "cod": 2,
            "desc": null,
            "sz_perv": 6,
            "vot_m": 522,
            "vot_f": 593,
            "vot_t": 1115,
            "perc_vot": "23,34",
            "sk_bianche": 24,
            "sk_nulle": 8,
            "sk_contestate": 0,
            "voti_si": 958,
            "voti_no": 125,
            "perc_si": "88,46",
            "perc_no": "11,54",
            "dt_agg": 20250609180217
        },
        {
            "cod": 3,
            "desc": null,
            "sz_perv": 6,
            "vot_m": 523,
            "vot_f": 593,
            "vot_t": 1116,
            "perc_vot": "23,36",
            "sk_bianche": 26,
            "sk_nulle": 12,
            "sk_contestate": 0,
            "voti_si": 971,
            "voti_no": 107,
            "perc_si": "90,07",
            "perc_no": "9,93",
            "dt_agg": 20250609180231
        },
        {
            "cod": 4,
            "desc": null,
            "sz_perv": 6,
            "vot_m": 523,
            "vot_f": 593,
            "vot_t": 1116,
            "perc_vot": "23,36",
            "sk_bianche": 29,
            "sk_nulle": 11,
            "sk_contestate": 0,
            "voti_si": 946,
            "voti_no": 130,
            "perc_si": "87,92",
            "perc_no": "12,08",
            "dt_agg": 20250609180242
        },
        {
            "cod": 5,
            "desc": null,
            "sz_perv": 6,
            "vot_m": 522,
            "vot_f": 593,
            "vot_t": 1115,
            "perc_vot": "23,34",
            "sk_bianche": 22,
            "sk_nulle": 12,
            "sk_contestate": 0,
            "voti_si": 642,
            "voti_no": 439,
            "perc_si": "59,39",
            "perc_no": "40,61",
            "dt_agg": 20250609180300
        }
    ]
}