{
    "int": {
        "st": "ESERCIZIO",
        "t_ele": "Referendum",
        "t_ref": "ABROGATIVO",
        "f_elet": "SCRUTINI",
        "dt_ele": 20250608000000,
        "l_terr": "COMUNE",
        "area": "I",
        "cod_com": 270,
        "desc_com": "PENNE",
        "cod_prov": 60,
        "desc_prov": "PESCARA",
        "cod_reg": 13,
        "desc_reg": "ABRUZZO",
        "ele_m": 4499,
        "ele_f": 4655,
        "ele_t": 9154,
        "sz_tot": 14,
        "tipo_tras": "CO"
    },
    "note": null,
    "scheda": [
        {
            "cod": 1,
            "desc": null,
            "sz_perv": 14,
            "vot_m": 1268,
            "vot_f": 1516,
            "vot_t": 2784,
            "perc_vot": "30,41",
            "sk_bianche": 56,
            "sk_nulle": 41,
            "sk_contestate": 0,
            "voti_si": 2427,
            "voti_no": 260,
            "perc_si": "90,32",
            "perc_no": "9,68",
            "dt_agg": 20250609181749
        },
        {
            "cod": 2,
            "desc": null,
            "sz_perv": 14,
            "vot_m": 1268,
            "vot_f": 1515,
            "vot_t": 2783,
            "perc_vot": "30,40",
            "sk_bianche": 64,
            "sk_nulle": 37,
            "sk_contestate": 0,
            "voti_si": 2372,
            "voti_no": 310,
            "perc_si": "88,44",
            "perc_no": "11,56",
            "dt_agg": 20250609182919
        },
        {
            "cod": 3,
            "desc": null,
            "sz_perv": 14,
            "vot_m": 1268,
            "vot_f": 1515,
            "vot_t": 2783,
            "perc_vot": "30,40",
            "sk_bianche": 65,
            "sk_nulle": 39,
            "sk_contestate": 0,
            "voti_si": 2411,
            "voti_no": 268,
            "perc_si": "90,00",
            "perc_no": "10,00",
            "dt_agg": 20250609181904
        },
        {
            "cod": 4,
            "desc": null,
            "sz_perv": 14,
            "vot_m": 1271,
            "vot_f": 1514,
            "vot_t": 2785,
            "perc_vot": "30,42",
            "sk_bianche": 64,
            "sk_nulle": 42,
            "sk_contestate": 0,
            "voti_si": 2360,
            "voti_no": 319,
            "perc_si": "88,09",
            "perc_no": "11,91",
            "dt_agg": 20250609181922
        },
        {
            "cod": 5,
            "desc": null,
            "sz_perv": 14,
            "vot_m": 1271,
            "vot_f": 1513,
            "vot_t": 2784,
            "perc_vot": "30,41",
            "sk_bianche": 62,
            "sk_nulle": 41,
            "sk_contestate": 0,
            "voti_si": 1713,
            "voti_no": 968,
            "perc_si": "63,89",
            "perc_no": "36,11",
            "dt_agg": 20250609181941
        }
    ]
}