{
    "int": {
        "st": "ESERCIZIO",
        "t_ele": "Referendum",
        "t_ref": "ABROGATIVO",
        "f_elet": "SCRUTINI",
        "dt_ele": 20250608000000,
        "l_terr": "COMUNE",
        "area": "I",
        "cod_com": 90,
        "desc_com": "CASTIGLIONE A CASAURIA",
        "cod_prov": 60,
        "desc_prov": "PESCARA",
        "cod_reg": 13,
        "desc_reg": "ABRUZZO",
        "ele_m": 295,
        "ele_f": 278,
        "ele_t": 573,
        "sz_tot": 1,
        "tipo_tras": "CO"
    },
    "note": null,
    "scheda": [
        {
            "cod": 1,
            "desc": null,
            "sz_perv": 1,
            "vot_m": 95,
            "vot_f": 82,
            "vot_t": 177,
            "perc_vot": "30,89",
            "sk_bianche": 1,
            "sk_nulle": 1,
            "sk_contestate": 0,
            "voti_si": 160,
            "voti_no": 15,
            "perc_si": "91,43",
            "perc_no": "8,57",
            "dt_agg": 20250609183721
        },
        {
            "cod": 2,
            "desc": null,
            "sz_perv": 1,
            "vot_m": 95,
            "vot_f": 82,
            "vot_t": 177,
            "perc_vot": "30,89",
            "sk_bianche": 1,
            "sk_nulle": 1,
            "sk_contestate": 0,
            "voti_si": 159,
            "voti_no": 16,
            "perc_si": "90,86",
            "perc_no": "9,14",
            "dt_agg": 20250609183741
        },
        {
            "cod": 3,
            "desc": null,
            "sz_perv": 1,
            "vot_m": 95,
            "vot_f": 82,
            "vot_t": 177,
            "perc_vot": "30,89",
            "sk_bianche": 1,
            "sk_nulle": 1,
            "sk_contestate": 0,
            "voti_si": 161,
            "voti_no": 14,
            "perc_si": "92,00",
            "perc_no": "8,00",
            "dt_agg": 20250609183758
        },
        {
            "cod": 4,
            "desc": null,
            "sz_perv": 1,
            "vot_m": 95,
            "vot_f": 82,
            "vot_t": 177,
            "perc_vot": "30,89",
            "sk_bianche": 0,
            "sk_nulle": 1,
            "sk_contestate": 0,
            "voti_si": 154,
            "voti_no": 22,
            "perc_si": "87,50",
            "perc_no": "12,50",
            "dt_agg": 20250609183822
        },
        {
            "cod": 5,
            "desc": null,
            "sz_perv": 1,
            "vot_m": 95,
            "vot_f": 82,
            "vot_t": 177,
            "perc_vot": "30,89",
            "sk_bianche": 1,
            "sk_nulle": 1,
            "sk_contestate": 0,
            "voti_si": 108,
            "voti_no": 67,
            "perc_si": "61,71",
            "perc_no": "38,29",
            "dt_agg": 20250609183840
        }
    ]
}