{
    "int": {
        "st": "ESERCIZIO",
        "t_ele": "Referendum",
        "t_ref": "ABROGATIVO",
        "f_elet": "SCRUTINI",
        "dt_ele": 20250608000000,
        "l_terr": "COMUNE",
        "area": "I",
        "cod_com": 10,
        "desc_com": "ABBATEGGIO",
        "cod_prov": 60,
        "desc_prov": "PESCARA",
        "cod_reg": 13,
        "desc_reg": "ABRUZZO",
        "ele_m": 157,
        "ele_f": 153,
        "ele_t": 310,
        "sz_tot": 1,
        "tipo_tras": "CO"
    },
    "note": null,
    "scheda": [
        {
            "cod": 1,
            "desc": null,
            "sz_perv": 1,
            "vot_m": 55,
            "vot_f": 70,
            "vot_t": 125,
            "perc_vot": "40,32",
            "sk_bianche": 4,
            "sk_nulle": 0,
            "sk_contestate": 0,
            "voti_si": 111,
            "voti_no": 10,
            "perc_si": "91,74",
            "perc_no": "8,26",
            "dt_agg": 20250609174254
        },
        {
            "cod": 2,
            "desc": null,
            "sz_perv": 1,
            "vot_m": 55,
            "vot_f": 70,
            "vot_t": 125,
            "perc_vot": "40,32",
            "sk_bianche": 5,
            "sk_nulle": 0,
            "sk_contestate": 0,
            "voti_si": 106,
            "voti_no": 14,
            "perc_si": "88,33",
            "perc_no": "11,67",
            "dt_agg": 20250609174305
        },
        {
            "cod": 3,
            "desc": null,
            "sz_perv": 1,
            "vot_m": 55,
            "vot_f": 70,
            "vot_t": 125,
            "perc_vot": "40,32",
            "sk_bianche": 6,
            "sk_nulle": 0,
            "sk_contestate": 0,
            "voti_si": 107,
            "voti_no": 12,
            "perc_si": "89,92",
            "perc_no": "10,08",
            "dt_agg": 20250609174316
        },
        {
            "cod": 4,
            "desc": null,
            "sz_perv": 1,
            "vot_m": 55,
            "vot_f": 70,
            "vot_t": 125,
            "perc_vot": "40,32",
            "sk_bianche": 6,
            "sk_nulle": 0,
            "sk_contestate": 0,
            "voti_si": 105,
            "voti_no": 14,
            "perc_si": "88,24",
            "perc_no": "11,76",
            "dt_agg": 20250609174328
        },
        {
            "cod": 5,
            "desc": null,
            "sz_perv": 1,
            "vot_m": 55,
            "vot_f": 71,
            "vot_t": 126,
            "perc_vot": "40,65",
            "sk_bianche": 5,
            "sk_nulle": 0,
            "sk_contestate": 0,
            "voti_si": 84,
            "voti_no": 37,
            "perc_si": "69,42",
            "perc_no": "30,58",
            "dt_agg": 20250609174340
        }
    ]
}