{
    "int": {
        "st": "ESERCIZIO",
        "t_ele": "Referendum",
        "t_ref": "ABROGATIVO",
        "f_elet": "SCRUTINI",
        "dt_ele": 20250608000000,
        "l_terr": "COMUNE",
        "area": "I",
        "cod_com": 320,
        "desc_com": "PIETRANICO",
        "cod_prov": 60,
        "desc_prov": "PESCARA",
        "cod_reg": 13,
        "desc_reg": "ABRUZZO",
        "ele_m": 181,
        "ele_f": 193,
        "ele_t": 374,
        "sz_tot": 1,
        "tipo_tras": "CO"
    },
    "note": null,
    "scheda": [
        {
            "cod": 1,
            "desc": null,
            "sz_perv": 1,
            "vot_m": 43,
            "vot_f": 54,
            "vot_t": 97,
            "perc_vot": "25,94",
            "sk_bianche": 4,
            "sk_nulle": 1,
            "sk_contestate": 0,
            "voti_si": 86,
            "voti_no": 6,
            "perc_si": "93,48",
            "perc_no": "6,52",
            "dt_agg": 20250609164252
        },
        {
            "cod": 2,
            "desc": null,
            "sz_perv": 1,
            "vot_m": 43,
            "vot_f": 54,
            "vot_t": 97,
            "perc_vot": "25,94",
            "sk_bianche": 5,
            "sk_nulle": 2,
            "sk_contestate": 0,
            "voti_si": 85,
            "voti_no": 5,
            "perc_si": "94,44",
            "perc_no": "5,56",
            "dt_agg": 20250609164302
        },
        {
            "cod": 3,
            "desc": null,
            "sz_perv": 1,
            "vot_m": 43,
            "vot_f": 54,
            "vot_t": 97,
            "perc_vot": "25,94",
            "sk_bianche": 4,
            "sk_nulle": 1,
            "sk_contestate": 0,
            "voti_si": 87,
            "voti_no": 5,
            "perc_si": "94,57",
            "perc_no": "5,43",
            "dt_agg": 20250609164318
        },
        {
            "cod": 4,
            "desc": null,
            "sz_perv": 1,
            "vot_m": 43,
            "vot_f": 54,
            "vot_t": 97,
            "perc_vot": "25,94",
            "sk_bianche": 5,
            "sk_nulle": 0,
            "sk_contestate": 0,
            "voti_si": 86,
            "voti_no": 6,
            "perc_si": "93,48",
            "perc_no": "6,52",
            "dt_agg": 20250609164334
        },
        {
            "cod": 5,
            "desc": null,
            "sz_perv": 1,
            "vot_m": 43,
            "vot_f": 54,
            "vot_t": 97,
            "perc_vot": "25,94",
            "sk_bianche": 5,
            "sk_nulle": 1,
            "sk_contestate": 0,
            "voti_si": 48,
            "voti_no": 43,
            "perc_si": "52,75",
            "perc_no": "47,25",
            "dt_agg": 20250609164346
        }
    ]
}