{
    "int": {
        "st": "ESERCIZIO",
        "t_ele": "Referendum",
        "t_ref": "ABROGATIVO",
        "f_elet": "SCRUTINI",
        "dt_ele": 20250608000000,
        "l_terr": "COMUNE",
        "area": "I",
        "cod_com": 20,
        "desc_com": "ALANNO",
        "cod_prov": 60,
        "desc_prov": "PESCARA",
        "cod_reg": 13,
        "desc_reg": "ABRUZZO",
        "ele_m": 1345,
        "ele_f": 1409,
        "ele_t": 2754,
        "sz_tot": 4,
        "tipo_tras": "CO"
    },
    "note": null,
    "scheda": [
        {
            "cod": 1,
            "desc": null,
            "sz_perv": 4,
            "vot_m": 331,
            "vot_f": 392,
            "vot_t": 723,
            "perc_vot": "26,25",
            "sk_bianche": 23,
            "sk_nulle": 6,
            "sk_contestate": 0,
            "voti_si": 633,
            "voti_no": 61,
            "perc_si": "91,21",
            "perc_no": "8,79",
            "dt_agg": 20250609173828
        },
        {
            "cod": 2,
            "desc": null,
            "sz_perv": 4,
            "vot_m": 331,
            "vot_f": 392,
            "vot_t": 723,
            "perc_vot": "26,25",
            "sk_bianche": 21,
            "sk_nulle": 6,
            "sk_contestate": 0,
            "voti_si": 622,
            "voti_no": 74,
            "perc_si": "89,37",
            "perc_no": "10,63",
            "dt_agg": 20250609173850
        },
        {
            "cod": 3,
            "desc": null,
            "sz_perv": 4,
            "vot_m": 331,
            "vot_f": 392,
            "vot_t": 723,
            "perc_vot": "26,25",
            "sk_bianche": 23,
            "sk_nulle": 5,
            "sk_contestate": 0,
            "voti_si": 628,
            "voti_no": 67,
            "perc_si": "90,36",
            "perc_no": "9,64",
            "dt_agg": 20250609173910
        },
        {
            "cod": 4,
            "desc": null,
            "sz_perv": 4,
            "vot_m": 331,
            "vot_f": 391,
            "vot_t": 722,
            "perc_vot": "26,22",
            "sk_bianche": 22,
            "sk_nulle": 4,
            "sk_contestate": 0,
            "voti_si": 614,
            "voti_no": 82,
            "perc_si": "88,22",
            "perc_no": "11,78",
            "dt_agg": 20250609173931
        },
        {
            "cod": 5,
            "desc": null,
            "sz_perv": 4,
            "vot_m": 331,
            "vot_f": 390,
            "vot_t": 721,
            "perc_vot": "26,18",
            "sk_bianche": 21,
            "sk_nulle": 8,
            "sk_contestate": 0,
            "voti_si": 419,
            "voti_no": 273,
            "perc_si": "60,55",
            "perc_no": "39,45",
            "dt_agg": 20250609173956
        }
    ]
}