{
    "int": {
        "st": "ESERCIZIO",
        "t_ele": "Referendum",
        "t_ref": "ABROGATIVO",
        "f_elet": "SCRUTINI",
        "dt_ele": 20250608000000,
        "l_terr": "COMUNE",
        "area": "I",
        "cod_com": 160,
        "desc_com": "CORVARA",
        "cod_prov": 60,
        "desc_prov": "PESCARA",
        "cod_reg": 13,
        "desc_reg": "ABRUZZO",
        "ele_m": 83,
        "ele_f": 80,
        "ele_t": 163,
        "sz_tot": 1,
        "tipo_tras": "CO"
    },
    "note": null,
    "scheda": [
        {
            "cod": 1,
            "desc": null,
            "sz_perv": 1,
            "vot_m": 19,
            "vot_f": 23,
            "vot_t": 42,
            "perc_vot": "25,77",
            "sk_bianche": 3,
            "sk_nulle": 1,
            "sk_contestate": 0,
            "voti_si": 32,
            "voti_no": 6,
            "perc_si": "84,21",
            "perc_no": "15,79",
            "dt_agg": 20250609160246
        },
        {
            "cod": 2,
            "desc": null,
            "sz_perv": 1,
            "vot_m": 19,
            "vot_f": 23,
            "vot_t": 42,
            "perc_vot": "25,77",
            "sk_bianche": 2,
            "sk_nulle": 1,
            "sk_contestate": 0,
            "voti_si": 31,
            "voti_no": 8,
            "perc_si": "79,49",
            "perc_no": "20,51",
            "dt_agg": 20250609160300
        },
        {
            "cod": 3,
            "desc": null,
            "sz_perv": 1,
            "vot_m": 19,
            "vot_f": 23,
            "vot_t": 42,
            "perc_vot": "25,77",
            "sk_bianche": 3,
            "sk_nulle": 0,
            "sk_contestate": 0,
            "voti_si": 32,
            "voti_no": 7,
            "perc_si": "82,05",
            "perc_no": "17,95",
            "dt_agg": 20250609160311
        },
        {
            "cod": 4,
            "desc": null,
            "sz_perv": 1,
            "vot_m": 19,
            "vot_f": 23,
            "vot_t": 42,
            "perc_vot": "25,77",
            "sk_bianche": 4,
            "sk_nulle": 0,
            "sk_contestate": 0,
            "voti_si": 32,
            "voti_no": 6,
            "perc_si": "84,21",
            "perc_no": "15,79",
            "dt_agg": 20250609160322
        },
        {
            "cod": 5,
            "desc": null,
            "sz_perv": 1,
            "vot_m": 19,
            "vot_f": 23,
            "vot_t": 42,
            "perc_vot": "25,77",
            "sk_bianche": 2,
            "sk_nulle": 0,
            "sk_contestate": 0,
            "voti_si": 21,
            "voti_no": 19,
            "perc_si": "52,50",
            "perc_no": "47,50",
            "dt_agg": 20250609160336
        }
    ]
}