{
    "int": {
        "st": "ESERCIZIO",
        "t_ele": "Referendum",
        "t_ref": "ABROGATIVO",
        "f_elet": "SCRUTINI",
        "dt_ele": 20250608000000,
        "l_terr": "COMUNE",
        "area": "I",
        "cod_com": 200,
        "desc_com": "LETTOMANOPPELLO",
        "cod_prov": 60,
        "desc_prov": "PESCARA",
        "cod_reg": 13,
        "desc_reg": "ABRUZZO",
        "ele_m": 1119,
        "ele_f": 1139,
        "ele_t": 2258,
        "sz_tot": 3,
        "tipo_tras": "CO"
    },
    "note": null,
    "scheda": [
        {
            "cod": 1,
            "desc": null,
            "sz_perv": 3,
            "vot_m": 377,
            "vot_f": 368,
            "vot_t": 745,
            "perc_vot": "32,99",
            "sk_bianche": 16,
            "sk_nulle": 5,
            "sk_contestate": 0,
            "voti_si": 675,
            "voti_no": 49,
            "perc_si": "93,23",
            "perc_no": "6,77",
            "dt_agg": 20250609182655
        },
        {
            "cod": 2,
            "desc": null,
            "sz_perv": 3,
            "vot_m": 377,
            "vot_f": 368,
            "vot_t": 745,
            "perc_vot": "32,99",
            "sk_bianche": 16,
            "sk_nulle": 3,
            "sk_contestate": 0,
            "voti_si": 672,
            "voti_no": 54,
            "perc_si": "92,56",
            "perc_no": "7,44",
            "dt_agg": 20250609182718
        },
        {
            "cod": 3,
            "desc": null,
            "sz_perv": 3,
            "vot_m": 377,
            "vot_f": 368,
            "vot_t": 745,
            "perc_vot": "32,99",
            "sk_bianche": 14,
            "sk_nulle": 5,
            "sk_contestate": 0,
            "voti_si": 676,
            "voti_no": 50,
            "perc_si": "93,11",
            "perc_no": "6,89",
            "dt_agg": 20250609182737
        },
        {
            "cod": 4,
            "desc": null,
            "sz_perv": 3,
            "vot_m": 377,
            "vot_f": 368,
            "vot_t": 745,
            "perc_vot": "32,99",
            "sk_bianche": 18,
            "sk_nulle": 4,
            "sk_contestate": 0,
            "voti_si": 655,
            "voti_no": 68,
            "perc_si": "90,59",
            "perc_no": "9,41",
            "dt_agg": 20250609182803
        },
        {
            "cod": 5,
            "desc": null,
            "sz_perv": 3,
            "vot_m": 377,
            "vot_f": 368,
            "vot_t": 745,
            "perc_vot": "32,99",
            "sk_bianche": 13,
            "sk_nulle": 3,
            "sk_contestate": 0,
            "voti_si": 438,
            "voti_no": 291,
            "perc_si": "60,08",
            "perc_no": "39,92",
            "dt_agg": 20250609182829
        }
    ]
}