{
    "int": {
        "st": "ESERCIZIO",
        "t_ele": "Referendum",
        "t_ref": "ABROGATIVO",
        "f_elet": "SCRUTINI",
        "dt_ele": 20250608000000,
        "l_terr": "COMUNE",
        "area": "I",
        "cod_com": 220,
        "desc_com": "MANOPPELLO",
        "cod_prov": 60,
        "desc_prov": "PESCARA",
        "cod_reg": 13,
        "desc_reg": "ABRUZZO",
        "ele_m": 2678,
        "ele_f": 2786,
        "ele_t": 5464,
        "sz_tot": 8,
        "tipo_tras": "CO"
    },
    "note": null,
    "scheda": [
        {
            "cod": 1,
            "desc": null,
            "sz_perv": 8,
            "vot_m": 838,
            "vot_f": 909,
            "vot_t": 1747,
            "perc_vot": "31,97",
            "sk_bianche": 27,
            "sk_nulle": 11,
            "sk_contestate": 0,
            "voti_si": 1583,
            "voti_no": 126,
            "perc_si": "92,63",
            "perc_no": "7,37",
            "dt_agg": 20250609191416
        },
        {
            "cod": 2,
            "desc": null,
            "sz_perv": 8,
            "vot_m": 838,
            "vot_f": 909,
            "vot_t": 1747,
            "perc_vot": "31,97",
            "sk_bianche": 32,
            "sk_nulle": 10,
            "sk_contestate": 0,
            "voti_si": 1562,
            "voti_no": 143,
            "perc_si": "91,61",
            "perc_no": "8,39",
            "dt_agg": 20250609191510
        },
        {
            "cod": 3,
            "desc": null,
            "sz_perv": 8,
            "vot_m": 838,
            "vot_f": 909,
            "vot_t": 1747,
            "perc_vot": "31,97",
            "sk_bianche": 34,
            "sk_nulle": 13,
            "sk_contestate": 0,
            "voti_si": 1575,
            "voti_no": 125,
            "perc_si": "92,65",
            "perc_no": "7,35",
            "dt_agg": 20250609191537
        },
        {
            "cod": 4,
            "desc": null,
            "sz_perv": 8,
            "vot_m": 838,
            "vot_f": 909,
            "vot_t": 1747,
            "perc_vot": "31,97",
            "sk_bianche": 31,
            "sk_nulle": 10,
            "sk_contestate": 0,
            "voti_si": 1550,
            "voti_no": 156,
            "perc_si": "90,86",
            "perc_no": "9,14",
            "dt_agg": 20250609191609
        },
        {
            "cod": 5,
            "desc": null,
            "sz_perv": 8,
            "vot_m": 835,
            "vot_f": 908,
            "vot_t": 1743,
            "perc_vot": "31,90",
            "sk_bianche": 43,
            "sk_nulle": 11,
            "sk_contestate": 0,
            "voti_si": 1030,
            "voti_no": 659,
            "perc_si": "60,98",
            "perc_no": "39,02",
            "dt_agg": 20250609191643
        }
    ]
}