{
    "int": {
        "st": "ESERCIZIO",
        "t_ele": "Referendum",
        "t_ref": "ABROGATIVO",
        "f_elet": "SCRUTINI",
        "dt_ele": 20250608000000,
        "l_terr": "COMUNE",
        "area": "I",
        "cod_com": 120,
        "desc_com": "CITTA' SANT'ANGELO",
        "cod_prov": 60,
        "desc_prov": "PESCARA",
        "cod_reg": 13,
        "desc_reg": "ABRUZZO",
        "ele_m": 5792,
        "ele_f": 5961,
        "ele_t": 11753,
        "sz_tot": 13,
        "tipo_tras": "CO"
    },
    "note": null,
    "scheda": [
        {
            "cod": 1,
            "desc": null,
            "sz_perv": 13,
            "vot_m": 1740,
            "vot_f": 1902,
            "vot_t": 3642,
            "perc_vot": "30,99",
            "sk_bianche": 68,
            "sk_nulle": 23,
            "sk_contestate": 0,
            "voti_si": 3224,
            "voti_no": 327,
            "perc_si": "90,79",
            "perc_no": "9,21",
            "dt_agg": 20250609194131
        },
        {
            "cod": 2,
            "desc": null,
            "sz_perv": 13,
            "vot_m": 1739,
            "vot_f": 1902,
            "vot_t": 3641,
            "perc_vot": "30,98",
            "sk_bianche": 61,
            "sk_nulle": 26,
            "sk_contestate": 0,
            "voti_si": 3145,
            "voti_no": 409,
            "perc_si": "88,49",
            "perc_no": "11,51",
            "dt_agg": 20250609194154
        },
        {
            "cod": 3,
            "desc": null,
            "sz_perv": 13,
            "vot_m": 1739,
            "vot_f": 1902,
            "vot_t": 3641,
            "perc_vot": "30,98",
            "sk_bianche": 64,
            "sk_nulle": 25,
            "sk_contestate": 0,
            "voti_si": 3213,
            "voti_no": 339,
            "perc_si": "90,46",
            "perc_no": "9,54",
            "dt_agg": 20250609194214
        },
        {
            "cod": 4,
            "desc": null,
            "sz_perv": 13,
            "vot_m": 1739,
            "vot_f": 1902,
            "vot_t": 3641,
            "perc_vot": "30,98",
            "sk_bianche": 55,
            "sk_nulle": 26,
            "sk_contestate": 0,
            "voti_si": 3151,
            "voti_no": 409,
            "perc_si": "88,51",
            "perc_no": "11,49",
            "dt_agg": 20250609194239
        },
        {
            "cod": 5,
            "desc": null,
            "sz_perv": 13,
            "vot_m": 1739,
            "vot_f": 1901,
            "vot_t": 3640,
            "perc_vot": "30,97",
            "sk_bianche": 52,
            "sk_nulle": 24,
            "sk_contestate": 0,
            "voti_si": 2242,
            "voti_no": 1322,
            "perc_si": "62,91",
            "perc_no": "37,09",
            "dt_agg": 20250609194302
        }
    ]
}