{
    "int": {
        "st": "ESERCIZIO",
        "t_ele": "Referendum",
        "t_ref": "ABROGATIVO",
        "f_elet": "SCRUTINI",
        "dt_ele": 20250608000000,
        "l_terr": "COMUNE",
        "area": "I",
        "cod_com": 420,
        "desc_com": "TOCCO DA CASAURIA",
        "cod_prov": 60,
        "desc_prov": "PESCARA",
        "cod_reg": 13,
        "desc_reg": "ABRUZZO",
        "ele_m": 954,
        "ele_f": 956,
        "ele_t": 1910,
        "sz_tot": 3,
        "tipo_tras": "CO"
    },
    "note": null,
    "scheda": [
        {
            "cod": 1,
            "desc": null,
            "sz_perv": 3,
            "vot_m": 339,
            "vot_f": 333,
            "vot_t": 672,
            "perc_vot": "35,18",
            "sk_bianche": 16,
            "sk_nulle": 5,
            "sk_contestate": 0,
            "voti_si": 597,
            "voti_no": 54,
            "perc_si": "91,71",
            "perc_no": "8,29",
            "dt_agg": 20250609190556
        },
        {
            "cod": 2,
            "desc": null,
            "sz_perv": 3,
            "vot_m": 339,
            "vot_f": 333,
            "vot_t": 672,
            "perc_vot": "35,18",
            "sk_bianche": 16,
            "sk_nulle": 6,
            "sk_contestate": 0,
            "voti_si": 585,
            "voti_no": 65,
            "perc_si": "90,00",
            "perc_no": "10,00",
            "dt_agg": 20250609190607
        },
        {
            "cod": 3,
            "desc": null,
            "sz_perv": 3,
            "vot_m": 339,
            "vot_f": 333,
            "vot_t": 672,
            "perc_vot": "35,18",
            "sk_bianche": 17,
            "sk_nulle": 7,
            "sk_contestate": 0,
            "voti_si": 589,
            "voti_no": 59,
            "perc_si": "90,90",
            "perc_no": "9,10",
            "dt_agg": 20250609190621
        },
        {
            "cod": 4,
            "desc": null,
            "sz_perv": 3,
            "vot_m": 339,
            "vot_f": 333,
            "vot_t": 672,
            "perc_vot": "35,18",
            "sk_bianche": 15,
            "sk_nulle": 7,
            "sk_contestate": 0,
            "voti_si": 572,
            "voti_no": 78,
            "perc_si": "88,00",
            "perc_no": "12,00",
            "dt_agg": 20250609190638
        },
        {
            "cod": 5,
            "desc": null,
            "sz_perv": 3,
            "vot_m": 337,
            "vot_f": 332,
            "vot_t": 669,
            "perc_vot": "35,03",
            "sk_bianche": 15,
            "sk_nulle": 4,
            "sk_contestate": 0,
            "voti_si": 426,
            "voti_no": 224,
            "perc_si": "65,54",
            "perc_no": "34,46",
            "dt_agg": 20250609190650
        }
    ]
}