{
    "int": {
        "st": "ESERCIZIO",
        "t_ele": "Referendum",
        "t_ref": "ABROGATIVO",
        "f_elet": "SCRUTINI",
        "dt_ele": 20250608000000,
        "l_terr": "COMUNE",
        "area": "I",
        "cod_com": 180,
        "desc_com": "ELICE",
        "cod_prov": 60,
        "desc_prov": "PESCARA",
        "cod_reg": 13,
        "desc_reg": "ABRUZZO",
        "ele_m": 639,
        "ele_f": 664,
        "ele_t": 1303,
        "sz_tot": 2,
        "tipo_tras": "CO"
    },
    "note": null,
    "scheda": [
        {
            "cod": 1,
            "desc": null,
            "sz_perv": 2,
            "vot_m": 137,
            "vot_f": 166,
            "vot_t": 303,
            "perc_vot": "23,25",
            "sk_bianche": 11,
            "sk_nulle": 1,
            "sk_contestate": 0,
            "voti_si": 259,
            "voti_no": 32,
            "perc_si": "89,00",
            "perc_no": "11,00",
            "dt_agg": 20250609181736
        },
        {
            "cod": 2,
            "desc": null,
            "sz_perv": 2,
            "vot_m": 137,
            "vot_f": 166,
            "vot_t": 303,
            "perc_vot": "23,25",
            "sk_bianche": 9,
            "sk_nulle": 1,
            "sk_contestate": 0,
            "voti_si": 264,
            "voti_no": 29,
            "perc_si": "90,10",
            "perc_no": "9,90",
            "dt_agg": 20250609181756
        },
        {
            "cod": 3,
            "desc": null,
            "sz_perv": 2,
            "vot_m": 137,
            "vot_f": 166,
            "vot_t": 303,
            "perc_vot": "23,25",
            "sk_bianche": 9,
            "sk_nulle": 4,
            "sk_contestate": 0,
            "voti_si": 265,
            "voti_no": 25,
            "perc_si": "91,38",
            "perc_no": "8,62",
            "dt_agg": 20250609181817
        },
        {
            "cod": 4,
            "desc": null,
            "sz_perv": 2,
            "vot_m": 137,
            "vot_f": 166,
            "vot_t": 303,
            "perc_vot": "23,25",
            "sk_bianche": 9,
            "sk_nulle": 1,
            "sk_contestate": 0,
            "voti_si": 258,
            "voti_no": 35,
            "perc_si": "88,05",
            "perc_no": "11,95",
            "dt_agg": 20250609181838
        },
        {
            "cod": 5,
            "desc": null,
            "sz_perv": 2,
            "vot_m": 134,
            "vot_f": 166,
            "vot_t": 300,
            "perc_vot": "23,02",
            "sk_bianche": 5,
            "sk_nulle": 2,
            "sk_contestate": 0,
            "voti_si": 196,
            "voti_no": 97,
            "perc_si": "66,89",
            "perc_no": "33,11",
            "dt_agg": 20250609181900
        }
    ]
}