{
    "int": {
        "st": "ESERCIZIO",
        "t_ele": "Referendum",
        "t_ref": "ABROGATIVO",
        "f_elet": "SCRUTINI",
        "dt_ele": 20250608000000,
        "l_terr": "COMUNE",
        "area": "I",
        "cod_com": 30,
        "desc_com": "BOLOGNANO",
        "cod_prov": 60,
        "desc_prov": "PESCARA",
        "cod_reg": 13,
        "desc_reg": "ABRUZZO",
        "ele_m": 392,
        "ele_f": 408,
        "ele_t": 800,
        "sz_tot": 3,
        "tipo_tras": "CO"
    },
    "note": null,
    "scheda": [
        {
            "cod": 1,
            "desc": null,
            "sz_perv": 3,
            "vot_m": 150,
            "vot_f": 167,
            "vot_t": 317,
            "perc_vot": "39,63",
            "sk_bianche": 1,
            "sk_nulle": 2,
            "sk_contestate": 1,
            "voti_si": 278,
            "voti_no": 35,
            "perc_si": "88,82",
            "perc_no": "11,18",
            "dt_agg": 20250609184355
        },
        {
            "cod": 2,
            "desc": null,
            "sz_perv": 3,
            "vot_m": 150,
            "vot_f": 167,
            "vot_t": 317,
            "perc_vot": "39,63",
            "sk_bianche": 3,
            "sk_nulle": 2,
            "sk_contestate": 0,
            "voti_si": 277,
            "voti_no": 35,
            "perc_si": "88,78",
            "perc_no": "11,22",
            "dt_agg": 20250609184416
        },
        {
            "cod": 3,
            "desc": null,
            "sz_perv": 3,
            "vot_m": 150,
            "vot_f": 167,
            "vot_t": 317,
            "perc_vot": "39,63",
            "sk_bianche": 4,
            "sk_nulle": 3,
            "sk_contestate": 0,
            "voti_si": 277,
            "voti_no": 33,
            "perc_si": "89,35",
            "perc_no": "10,65",
            "dt_agg": 20250609184438
        },
        {
            "cod": 4,
            "desc": null,
            "sz_perv": 3,
            "vot_m": 149,
            "vot_f": 167,
            "vot_t": 316,
            "perc_vot": "39,50",
            "sk_bianche": 5,
            "sk_nulle": 2,
            "sk_contestate": 0,
            "voti_si": 267,
            "voti_no": 42,
            "perc_si": "86,41",
            "perc_no": "13,59",
            "dt_agg": 20250609184457
        },
        {
            "cod": 5,
            "desc": null,
            "sz_perv": 3,
            "vot_m": 150,
            "vot_f": 167,
            "vot_t": 317,
            "perc_vot": "39,63",
            "sk_bianche": 7,
            "sk_nulle": 4,
            "sk_contestate": 0,
            "voti_si": 188,
            "voti_no": 118,
            "perc_si": "61,44",
            "perc_no": "38,56",
            "dt_agg": 20250609184519
        }
    ]
}