{
    "int": {
        "st": "ESERCIZIO",
        "t_ele": "Referendum",
        "t_ref": "ABROGATIVO",
        "f_elet": "SCRUTINI",
        "dt_ele": 20250608000000,
        "l_terr": "COMUNE",
        "area": "I",
        "cod_com": 170,
        "desc_com": "CUGNOLI",
        "cod_prov": 60,
        "desc_prov": "PESCARA",
        "cod_reg": 13,
        "desc_reg": "ABRUZZO",
        "ele_m": 551,
        "ele_f": 548,
        "ele_t": 1099,
        "sz_tot": 2,
        "tipo_tras": "CO"
    },
    "note": null,
    "scheda": [
        {
            "cod": 1,
            "desc": null,
            "sz_perv": 2,
            "vot_m": 80,
            "vot_f": 99,
            "vot_t": 179,
            "perc_vot": "16,29",
            "sk_bianche": 5,
            "sk_nulle": 2,
            "sk_contestate": 0,
            "voti_si": 148,
            "voti_no": 24,
            "perc_si": "86,05",
            "perc_no": "13,95",
            "dt_agg": 20250609183931
        },
        {
            "cod": 2,
            "desc": null,
            "sz_perv": 2,
            "vot_m": 80,
            "vot_f": 99,
            "vot_t": 179,
            "perc_vot": "16,29",
            "sk_bianche": 5,
            "sk_nulle": 1,
            "sk_contestate": 0,
            "voti_si": 147,
            "voti_no": 26,
            "perc_si": "84,97",
            "perc_no": "15,03",
            "dt_agg": 20250609183947
        },
        {
            "cod": 3,
            "desc": null,
            "sz_perv": 2,
            "vot_m": 80,
            "vot_f": 99,
            "vot_t": 179,
            "perc_vot": "16,29",
            "sk_bianche": 6,
            "sk_nulle": 1,
            "sk_contestate": 0,
            "voti_si": 149,
            "voti_no": 23,
            "perc_si": "86,63",
            "perc_no": "13,37",
            "dt_agg": 20250609183958
        },
        {
            "cod": 4,
            "desc": null,
            "sz_perv": 2,
            "vot_m": 80,
            "vot_f": 99,
            "vot_t": 179,
            "perc_vot": "16,29",
            "sk_bianche": 7,
            "sk_nulle": 1,
            "sk_contestate": 0,
            "voti_si": 144,
            "voti_no": 27,
            "perc_si": "84,21",
            "perc_no": "15,79",
            "dt_agg": 20250609184010
        },
        {
            "cod": 5,
            "desc": null,
            "sz_perv": 2,
            "vot_m": 80,
            "vot_f": 99,
            "vot_t": 179,
            "perc_vot": "16,29",
            "sk_bianche": 3,
            "sk_nulle": 1,
            "sk_contestate": 0,
            "voti_si": 99,
            "voti_no": 76,
            "perc_si": "56,57",
            "perc_no": "43,43",
            "dt_agg": 20250609184022
        }
    ]
}