{
    "int": {
        "st": "ESERCIZIO",
        "t_ele": "Referendum",
        "t_ref": "ABROGATIVO",
        "f_elet": "SCRUTINI",
        "dt_ele": 20250608000000,
        "l_terr": "COMUNE",
        "area": "I",
        "cod_com": 460,
        "desc_com": "VILLA CELIERA",
        "cod_prov": 60,
        "desc_prov": "PESCARA",
        "cod_reg": 13,
        "desc_reg": "ABRUZZO",
        "ele_m": 222,
        "ele_f": 236,
        "ele_t": 458,
        "sz_tot": 1,
        "tipo_tras": "CO"
    },
    "note": null,
    "scheda": [
        {
            "cod": 1,
            "desc": null,
            "sz_perv": 1,
            "vot_m": 108,
            "vot_f": 111,
            "vot_t": 219,
            "perc_vot": "47,82",
            "sk_bianche": 21,
            "sk_nulle": 6,
            "sk_contestate": 0,
            "voti_si": 152,
            "voti_no": 40,
            "perc_si": "79,17",
            "perc_no": "20,83",
            "dt_agg": 20250609155633
        },
        {
            "cod": 2,
            "desc": null,
            "sz_perv": 1,
            "vot_m": 108,
            "vot_f": 111,
            "vot_t": 219,
            "perc_vot": "47,82",
            "sk_bianche": 20,
            "sk_nulle": 6,
            "sk_contestate": 0,
            "voti_si": 147,
            "voti_no": 46,
            "perc_si": "76,17",
            "perc_no": "23,83",
            "dt_agg": 20250609155652
        },
        {
            "cod": 3,
            "desc": null,
            "sz_perv": 1,
            "vot_m": 108,
            "vot_f": 111,
            "vot_t": 219,
            "perc_vot": "47,82",
            "sk_bianche": 25,
            "sk_nulle": 5,
            "sk_contestate": 0,
            "voti_si": 152,
            "voti_no": 37,
            "perc_si": "80,42",
            "perc_no": "19,58",
            "dt_agg": 20250609162949
        },
        {
            "cod": 4,
            "desc": null,
            "sz_perv": 1,
            "vot_m": 108,
            "vot_f": 111,
            "vot_t": 219,
            "perc_vot": "47,82",
            "sk_bianche": 20,
            "sk_nulle": 8,
            "sk_contestate": 0,
            "voti_si": 148,
            "voti_no": 43,
            "perc_si": "77,49",
            "perc_no": "22,51",
            "dt_agg": 20250609163020
        },
        {
            "cod": 5,
            "desc": null,
            "sz_perv": 1,
            "vot_m": 108,
            "vot_f": 111,
            "vot_t": 219,
            "perc_vot": "47,82",
            "sk_bianche": 17,
            "sk_nulle": 7,
            "sk_contestate": 0,
            "voti_si": 99,
            "voti_no": 96,
            "perc_si": "50,77",
            "perc_no": "49,23",
            "dt_agg": 20250609163045
        }
    ]
}