{
    "int": {
        "st": "ESERCIZIO",
        "t_ele": "Referendum",
        "t_ref": "ABROGATIVO",
        "f_elet": "SCRUTINI",
        "dt_ele": 20250608000000,
        "l_terr": "COMUNE",
        "area": "I",
        "cod_com": 50,
        "desc_com": "BUSSI SUL TIRINO",
        "cod_prov": 60,
        "desc_prov": "PESCARA",
        "cod_reg": 13,
        "desc_reg": "ABRUZZO",
        "ele_m": 973,
        "ele_f": 991,
        "ele_t": 1964,
        "sz_tot": 4,
        "tipo_tras": "CO"
    },
    "note": null,
    "scheda": [
        {
            "cod": 1,
            "desc": null,
            "sz_perv": 4,
            "vot_m": 395,
            "vot_f": 389,
            "vot_t": 784,
            "perc_vot": "39,92",
            "sk_bianche": 21,
            "sk_nulle": 2,
            "sk_contestate": 0,
            "voti_si": 716,
            "voti_no": 45,
            "perc_si": "94,09",
            "perc_no": "5,91",
            "dt_agg": 20250609174110
        },
        {
            "cod": 2,
            "desc": null,
            "sz_perv": 4,
            "vot_m": 395,
            "vot_f": 389,
            "vot_t": 784,
            "perc_vot": "39,92",
            "sk_bianche": 16,
            "sk_nulle": 2,
            "sk_contestate": 0,
            "voti_si": 715,
            "voti_no": 51,
            "perc_si": "93,34",
            "perc_no": "6,66",
            "dt_agg": 20250609175147
        },
        {
            "cod": 3,
            "desc": null,
            "sz_perv": 4,
            "vot_m": 395,
            "vot_f": 389,
            "vot_t": 784,
            "perc_vot": "39,92",
            "sk_bianche": 16,
            "sk_nulle": 2,
            "sk_contestate": 0,
            "voti_si": 723,
            "voti_no": 43,
            "perc_si": "94,39",
            "perc_no": "5,61",
            "dt_agg": 20250609174329
        },
        {
            "cod": 4,
            "desc": null,
            "sz_perv": 4,
            "vot_m": 395,
            "vot_f": 389,
            "vot_t": 784,
            "perc_vot": "39,92",
            "sk_bianche": 15,
            "sk_nulle": 2,
            "sk_contestate": 0,
            "voti_si": 719,
            "voti_no": 48,
            "perc_si": "93,74",
            "perc_no": "6,26",
            "dt_agg": 20250609174355
        },
        {
            "cod": 5,
            "desc": null,
            "sz_perv": 4,
            "vot_m": 392,
            "vot_f": 390,
            "vot_t": 782,
            "perc_vot": "39,82",
            "sk_bianche": 19,
            "sk_nulle": 1,
            "sk_contestate": 0,
            "voti_si": 530,
            "voti_no": 232,
            "perc_si": "69,55",
            "perc_no": "30,45",
            "dt_agg": 20250609174420
        }
    ]
}