{
    "int": {
        "st": "ESERCIZIO",
        "t_ele": "Referendum",
        "t_ref": "ABROGATIVO",
        "f_elet": "SCRUTINI",
        "dt_ele": 20250608000000,
        "l_terr": "COMUNE",
        "area": "I",
        "cod_com": 820,
        "desc_com": "ROCCA DI MEZZO",
        "cod_prov": 38,
        "desc_prov": "L'AQUILA",
        "cod_reg": 13,
        "desc_reg": "ABRUZZO",
        "ele_m": 589,
        "ele_f": 523,
        "ele_t": 1112,
        "sz_tot": 4,
        "tipo_tras": "SZ"
    },
    "note": null,
    "scheda": [
        {
            "cod": 1,
            "desc": null,
            "sz_perv": 4,
            "vot_m": 147,
            "vot_f": 125,
            "vot_t": 272,
            "perc_vot": "24,46",
            "sk_bianche": 5,
            "sk_nulle": 3,
            "sk_contestate": 0,
            "voti_si": 225,
            "voti_no": 39,
            "perc_si": "85,23",
            "perc_no": "14,77",
            "dt_agg": 20250609185001
        },
        {
            "cod": 2,
            "desc": null,
            "sz_perv": 4,
            "vot_m": 147,
            "vot_f": 125,
            "vot_t": 272,
            "perc_vot": "24,46",
            "sk_bianche": 3,
            "sk_nulle": 3,
            "sk_contestate": 0,
            "voti_si": 216,
            "voti_no": 50,
            "perc_si": "81,20",
            "perc_no": "18,80",
            "dt_agg": 20250609185225
        },
        {
            "cod": 3,
            "desc": null,
            "sz_perv": 4,
            "vot_m": 147,
            "vot_f": 125,
            "vot_t": 272,
            "perc_vot": "24,46",
            "sk_bianche": 4,
            "sk_nulle": 3,
            "sk_contestate": 0,
            "voti_si": 228,
            "voti_no": 37,
            "perc_si": "86,04",
            "perc_no": "13,96",
            "dt_agg": 20250609185502
        },
        {
            "cod": 4,
            "desc": null,
            "sz_perv": 4,
            "vot_m": 147,
            "vot_f": 125,
            "vot_t": 272,
            "perc_vot": "24,46",
            "sk_bianche": 3,
            "sk_nulle": 2,
            "sk_contestate": 0,
            "voti_si": 220,
            "voti_no": 47,
            "perc_si": "82,40",
            "perc_no": "17,60",
            "dt_agg": 20250609185634
        },
        {
            "cod": 5,
            "desc": null,
            "sz_perv": 4,
            "vot_m": 147,
            "vot_f": 125,
            "vot_t": 272,
            "perc_vot": "24,46",
            "sk_bianche": 5,
            "sk_nulle": 3,
            "sk_contestate": 0,
            "voti_si": 167,
            "voti_no": 97,
            "perc_si": "63,26",
            "perc_no": "36,74",
            "dt_agg": 20250609185825
        }
    ]
}