{
    "int": {
        "st": "ESERCIZIO",
        "t_ele": "Referendum",
        "t_ref": "ABROGATIVO",
        "f_elet": "SCRUTINI",
        "dt_ele": 20250608000000,
        "l_terr": "COMUNE",
        "area": "I",
        "cod_com": 230,
        "desc_com": "CAPPADOCIA",
        "cod_prov": 38,
        "desc_prov": "L'AQUILA",
        "cod_reg": 13,
        "desc_reg": "ABRUZZO",
        "ele_m": 292,
        "ele_f": 211,
        "ele_t": 503,
        "sz_tot": 1,
        "tipo_tras": "SZ"
    },
    "note": null,
    "scheda": [
        {
            "cod": 1,
            "desc": null,
            "sz_perv": 1,
            "vot_m": 40,
            "vot_f": 25,
            "vot_t": 65,
            "perc_vot": "12,92",
            "sk_bianche": 3,
            "sk_nulle": 0,
            "sk_contestate": 0,
            "voti_si": 51,
            "voti_no": 11,
            "perc_si": "82,26",
            "perc_no": "17,74",
            "dt_agg": 20250609153120
        },
        {
            "cod": 2,
            "desc": null,
            "sz_perv": 1,
            "vot_m": 40,
            "vot_f": 25,
            "vot_t": 65,
            "perc_vot": "12,92",
            "sk_bianche": 2,
            "sk_nulle": 0,
            "sk_contestate": 0,
            "voti_si": 48,
            "voti_no": 15,
            "perc_si": "76,19",
            "perc_no": "23,81",
            "dt_agg": 20250609153121
        },
        {
            "cod": 3,
            "desc": null,
            "sz_perv": 1,
            "vot_m": 40,
            "vot_f": 25,
            "vot_t": 65,
            "perc_vot": "12,92",
            "sk_bianche": 2,
            "sk_nulle": 0,
            "sk_contestate": 0,
            "voti_si": 51,
            "voti_no": 12,
            "perc_si": "80,95",
            "perc_no": "19,05",
            "dt_agg": 20250609154435
        },
        {
            "cod": 4,
            "desc": null,
            "sz_perv": 1,
            "vot_m": 40,
            "vot_f": 25,
            "vot_t": 65,
            "perc_vot": "12,92",
            "sk_bianche": 2,
            "sk_nulle": 0,
            "sk_contestate": 0,
            "voti_si": 49,
            "voti_no": 14,
            "perc_si": "77,78",
            "perc_no": "22,22",
            "dt_agg": 20250609155035
        },
        {
            "cod": 5,
            "desc": null,
            "sz_perv": 1,
            "vot_m": 40,
            "vot_f": 25,
            "vot_t": 65,
            "perc_vot": "12,92",
            "sk_bianche": 2,
            "sk_nulle": 0,
            "sk_contestate": 0,
            "voti_si": 35,
            "voti_no": 28,
            "perc_si": "55,56",
            "perc_no": "44,44",
            "dt_agg": 20250609155824
        }
    ]
}