{
    "int": {
        "st": "ESERCIZIO",
        "t_ele": "Referendum",
        "t_ref": "ABROGATIVO",
        "f_elet": "SCRUTINI",
        "dt_ele": 20250608000000,
        "l_terr": "COMUNE",
        "area": "I",
        "cod_com": 1020,
        "desc_com": "VILLALAGO",
        "cod_prov": 38,
        "desc_prov": "L'AQUILA",
        "cod_reg": 13,
        "desc_reg": "ABRUZZO",
        "ele_m": 246,
        "ele_f": 209,
        "ele_t": 455,
        "sz_tot": 1,
        "tipo_tras": "SZ"
    },
    "note": null,
    "scheda": [
        {
            "cod": 1,
            "desc": null,
            "sz_perv": 1,
            "vot_m": 61,
            "vot_f": 70,
            "vot_t": 131,
            "perc_vot": "28,79",
            "sk_bianche": 6,
            "sk_nulle": 2,
            "sk_contestate": 0,
            "voti_si": 107,
            "voti_no": 16,
            "perc_si": "86,99",
            "perc_no": "13,01",
            "dt_agg": 20250609175728
        },
        {
            "cod": 2,
            "desc": null,
            "sz_perv": 1,
            "vot_m": 61,
            "vot_f": 70,
            "vot_t": 131,
            "perc_vot": "28,79",
            "sk_bianche": 6,
            "sk_nulle": 1,
            "sk_contestate": 0,
            "voti_si": 112,
            "voti_no": 12,
            "perc_si": "90,32",
            "perc_no": "9,68",
            "dt_agg": 20250609180037
        },
        {
            "cod": 3,
            "desc": null,
            "sz_perv": 1,
            "vot_m": 61,
            "vot_f": 70,
            "vot_t": 131,
            "perc_vot": "28,79",
            "sk_bianche": 7,
            "sk_nulle": 1,
            "sk_contestate": 0,
            "voti_si": 108,
            "voti_no": 15,
            "perc_si": "87,80",
            "perc_no": "12,20",
            "dt_agg": 20250609180518
        },
        {
            "cod": 4,
            "desc": null,
            "sz_perv": 1,
            "vot_m": 61,
            "vot_f": 70,
            "vot_t": 131,
            "perc_vot": "28,79",
            "sk_bianche": 8,
            "sk_nulle": 1,
            "sk_contestate": 0,
            "voti_si": 102,
            "voti_no": 20,
            "perc_si": "83,61",
            "perc_no": "16,39",
            "dt_agg": 20250609181252
        },
        {
            "cod": 5,
            "desc": null,
            "sz_perv": 1,
            "vot_m": 60,
            "vot_f": 69,
            "vot_t": 129,
            "perc_vot": "28,35",
            "sk_bianche": 4,
            "sk_nulle": 2,
            "sk_contestate": 0,
            "voti_si": 84,
            "voti_no": 39,
            "perc_si": "68,29",
            "perc_no": "31,71",
            "dt_agg": 20250609181317
        }
    ]
}