{
    "int": {
        "st": "ESERCIZIO",
        "t_ele": "Referendum",
        "t_ref": "ABROGATIVO",
        "f_elet": "SCRUTINI",
        "dt_ele": 20250608000000,
        "l_terr": "COMUNE",
        "area": "I",
        "cod_com": 1060,
        "desc_com": "VITTORITO",
        "cod_prov": 38,
        "desc_prov": "L'AQUILA",
        "cod_reg": 13,
        "desc_reg": "ABRUZZO",
        "ele_m": 315,
        "ele_f": 359,
        "ele_t": 674,
        "sz_tot": 1,
        "tipo_tras": "SZ"
    },
    "note": null,
    "scheda": [
        {
            "cod": 1,
            "desc": null,
            "sz_perv": 1,
            "vot_m": 110,
            "vot_f": 113,
            "vot_t": 223,
            "perc_vot": "33,09",
            "sk_bianche": 2,
            "sk_nulle": 2,
            "sk_contestate": 0,
            "voti_si": 201,
            "voti_no": 18,
            "perc_si": "91,78",
            "perc_no": "8,22",
            "dt_agg": 20250609175531
        },
        {
            "cod": 2,
            "desc": null,
            "sz_perv": 1,
            "vot_m": 110,
            "vot_f": 113,
            "vot_t": 223,
            "perc_vot": "33,09",
            "sk_bianche": 4,
            "sk_nulle": 2,
            "sk_contestate": 0,
            "voti_si": 196,
            "voti_no": 21,
            "perc_si": "90,32",
            "perc_no": "9,68",
            "dt_agg": 20250609175601
        },
        {
            "cod": 3,
            "desc": null,
            "sz_perv": 1,
            "vot_m": 110,
            "vot_f": 113,
            "vot_t": 223,
            "perc_vot": "33,09",
            "sk_bianche": 3,
            "sk_nulle": 3,
            "sk_contestate": 0,
            "voti_si": 196,
            "voti_no": 21,
            "perc_si": "90,32",
            "perc_no": "9,68",
            "dt_agg": 20250609175655
        },
        {
            "cod": 4,
            "desc": null,
            "sz_perv": 1,
            "vot_m": 110,
            "vot_f": 113,
            "vot_t": 223,
            "perc_vot": "33,09",
            "sk_bianche": 6,
            "sk_nulle": 2,
            "sk_contestate": 0,
            "voti_si": 188,
            "voti_no": 27,
            "perc_si": "87,44",
            "perc_no": "12,56",
            "dt_agg": 20250609175728
        },
        {
            "cod": 5,
            "desc": null,
            "sz_perv": 1,
            "vot_m": 110,
            "vot_f": 113,
            "vot_t": 223,
            "perc_vot": "33,09",
            "sk_bianche": 7,
            "sk_nulle": 2,
            "sk_contestate": 0,
            "voti_si": 130,
            "voti_no": 84,
            "perc_si": "60,75",
            "perc_no": "39,25",
            "dt_agg": 20250609175819
        }
    ]
}