{
    "int": {
        "st": "ESERCIZIO",
        "t_ele": "Referendum",
        "t_ref": "ABROGATIVO",
        "f_elet": "SCRUTINI",
        "dt_ele": 20250608000000,
        "l_terr": "COMUNE",
        "area": "I",
        "cod_com": 700,
        "desc_com": "PESCOCOSTANZO",
        "cod_prov": 38,
        "desc_prov": "L'AQUILA",
        "cod_reg": 13,
        "desc_reg": "ABRUZZO",
        "ele_m": 499,
        "ele_f": 448,
        "ele_t": 947,
        "sz_tot": 2,
        "tipo_tras": "SZ"
    },
    "note": null,
    "scheda": [
        {
            "cod": 1,
            "desc": null,
            "sz_perv": 2,
            "vot_m": 103,
            "vot_f": 110,
            "vot_t": 213,
            "perc_vot": "22,49",
            "sk_bianche": 12,
            "sk_nulle": 2,
            "sk_contestate": 0,
            "voti_si": 166,
            "voti_no": 33,
            "perc_si": "83,42",
            "perc_no": "16,58",
            "dt_agg": 20250611100054
        },
        {
            "cod": 2,
            "desc": null,
            "sz_perv": 2,
            "vot_m": 103,
            "vot_f": 110,
            "vot_t": 213,
            "perc_vot": "22,49",
            "sk_bianche": 8,
            "sk_nulle": 3,
            "sk_contestate": 0,
            "voti_si": 171,
            "voti_no": 31,
            "perc_si": "84,65",
            "perc_no": "15,35",
            "dt_agg": 20250611100054
        },
        {
            "cod": 3,
            "desc": null,
            "sz_perv": 2,
            "vot_m": 103,
            "vot_f": 110,
            "vot_t": 213,
            "perc_vot": "22,49",
            "sk_bianche": 8,
            "sk_nulle": 4,
            "sk_contestate": 0,
            "voti_si": 164,
            "voti_no": 37,
            "perc_si": "81,59",
            "perc_no": "18,41",
            "dt_agg": 20250611100054
        },
        {
            "cod": 4,
            "desc": null,
            "sz_perv": 2,
            "vot_m": 103,
            "vot_f": 110,
            "vot_t": 213,
            "perc_vot": "22,49",
            "sk_bianche": 9,
            "sk_nulle": 2,
            "sk_contestate": 0,
            "voti_si": 166,
            "voti_no": 36,
            "perc_si": "82,18",
            "perc_no": "17,82",
            "dt_agg": 20250611100054
        },
        {
            "cod": 5,
            "desc": null,
            "sz_perv": 2,
            "vot_m": 103,
            "vot_f": 111,
            "vot_t": 214,
            "perc_vot": "22,60",
            "sk_bianche": 10,
            "sk_nulle": 3,
            "sk_contestate": 0,
            "voti_si": 111,
            "voti_no": 90,
            "perc_si": "55,22",
            "perc_no": "44,78",
            "dt_agg": 20250611100054
        }
    ]
}