{
    "int": {
        "st": "ESERCIZIO",
        "t_ele": "Referendum",
        "t_ref": "ABROGATIVO",
        "f_elet": "SCRUTINI",
        "dt_ele": 20250608000000,
        "l_terr": "COMUNE",
        "area": "I",
        "cod_com": 1000,
        "desc_com": "TORNIMPARTE",
        "cod_prov": 38,
        "desc_prov": "L'AQUILA",
        "cod_reg": 13,
        "desc_reg": "ABRUZZO",
        "ele_m": 1107,
        "ele_f": 1076,
        "ele_t": 2183,
        "sz_tot": 4,
        "tipo_tras": "SZ"
    },
    "note": null,
    "scheda": [
        {
            "cod": 1,
            "desc": null,
            "sz_perv": 4,
            "vot_m": 301,
            "vot_f": 327,
            "vot_t": 628,
            "perc_vot": "28,77",
            "sk_bianche": 10,
            "sk_nulle": 9,
            "sk_contestate": 0,
            "voti_si": 558,
            "voti_no": 51,
            "perc_si": "91,63",
            "perc_no": "8,37",
            "dt_agg": 20250609172710
        },
        {
            "cod": 2,
            "desc": null,
            "sz_perv": 4,
            "vot_m": 301,
            "vot_f": 327,
            "vot_t": 628,
            "perc_vot": "28,77",
            "sk_bianche": 11,
            "sk_nulle": 8,
            "sk_contestate": 0,
            "voti_si": 549,
            "voti_no": 60,
            "perc_si": "90,15",
            "perc_no": "9,85",
            "dt_agg": 20250609172735
        },
        {
            "cod": 3,
            "desc": null,
            "sz_perv": 4,
            "vot_m": 301,
            "vot_f": 327,
            "vot_t": 628,
            "perc_vot": "28,77",
            "sk_bianche": 10,
            "sk_nulle": 9,
            "sk_contestate": 0,
            "voti_si": 554,
            "voti_no": 55,
            "perc_si": "90,97",
            "perc_no": "9,03",
            "dt_agg": 20250609172915
        },
        {
            "cod": 4,
            "desc": null,
            "sz_perv": 4,
            "vot_m": 301,
            "vot_f": 327,
            "vot_t": 628,
            "perc_vot": "28,77",
            "sk_bianche": 10,
            "sk_nulle": 9,
            "sk_contestate": 0,
            "voti_si": 546,
            "voti_no": 63,
            "perc_si": "89,66",
            "perc_no": "10,34",
            "dt_agg": 20250609172917
        },
        {
            "cod": 5,
            "desc": null,
            "sz_perv": 4,
            "vot_m": 300,
            "vot_f": 327,
            "vot_t": 627,
            "perc_vot": "28,72",
            "sk_bianche": 12,
            "sk_nulle": 7,
            "sk_contestate": 0,
            "voti_si": 386,
            "voti_no": 222,
            "perc_si": "63,49",
            "perc_no": "36,51",
            "dt_agg": 20250609181204
        }
    ]
}