{
    "int": {
        "st": "ESERCIZIO",
        "t_ele": "Referendum",
        "t_ref": "ABROGATIVO",
        "f_elet": "SCRUTINI",
        "dt_ele": 20250608000000,
        "l_terr": "COMUNE",
        "area": "I",
        "cod_com": 170,
        "desc_com": "CANISTRO",
        "cod_prov": 38,
        "desc_prov": "L'AQUILA",
        "cod_reg": 13,
        "desc_reg": "ABRUZZO",
        "ele_m": 348,
        "ele_f": 394,
        "ele_t": 742,
        "sz_tot": 2,
        "tipo_tras": "SZ"
    },
    "note": null,
    "scheda": [
        {
            "cod": 1,
            "desc": null,
            "sz_perv": 2,
            "vot_m": 119,
            "vot_f": 136,
            "vot_t": 255,
            "perc_vot": "34,37",
            "sk_bianche": 9,
            "sk_nulle": 1,
            "sk_contestate": 0,
            "voti_si": 221,
            "voti_no": 24,
            "perc_si": "90,20",
            "perc_no": "9,80",
            "dt_agg": 20250609175255
        },
        {
            "cod": 2,
            "desc": null,
            "sz_perv": 2,
            "vot_m": 119,
            "vot_f": 136,
            "vot_t": 255,
            "perc_vot": "34,37",
            "sk_bianche": 7,
            "sk_nulle": 1,
            "sk_contestate": 0,
            "voti_si": 225,
            "voti_no": 22,
            "perc_si": "91,09",
            "perc_no": "8,91",
            "dt_agg": 20250609175445
        },
        {
            "cod": 3,
            "desc": null,
            "sz_perv": 2,
            "vot_m": 119,
            "vot_f": 136,
            "vot_t": 255,
            "perc_vot": "34,37",
            "sk_bianche": 9,
            "sk_nulle": 1,
            "sk_contestate": 0,
            "voti_si": 228,
            "voti_no": 17,
            "perc_si": "93,06",
            "perc_no": "6,94",
            "dt_agg": 20250609175542
        },
        {
            "cod": 4,
            "desc": null,
            "sz_perv": 2,
            "vot_m": 119,
            "vot_f": 136,
            "vot_t": 255,
            "perc_vot": "34,37",
            "sk_bianche": 10,
            "sk_nulle": 1,
            "sk_contestate": 0,
            "voti_si": 215,
            "voti_no": 29,
            "perc_si": "88,11",
            "perc_no": "11,89",
            "dt_agg": 20250609175728
        },
        {
            "cod": 5,
            "desc": null,
            "sz_perv": 2,
            "vot_m": 119,
            "vot_f": 136,
            "vot_t": 255,
            "perc_vot": "34,37",
            "sk_bianche": 9,
            "sk_nulle": 1,
            "sk_contestate": 0,
            "voti_si": 145,
            "voti_no": 100,
            "perc_si": "59,18",
            "perc_no": "40,82",
            "dt_agg": 20250609175829
        }
    ]
}