{
    "int": {
        "st": "ESERCIZIO",
        "t_ele": "Referendum",
        "t_ref": "ABROGATIVO",
        "f_elet": "SCRUTINI",
        "dt_ele": 20250608000000,
        "l_terr": "COMUNE",
        "area": "I",
        "cod_com": 270,
        "desc_com": "CASTEL DI IERI",
        "cod_prov": 38,
        "desc_prov": "L'AQUILA",
        "cod_reg": 13,
        "desc_reg": "ABRUZZO",
        "ele_m": 117,
        "ele_f": 126,
        "ele_t": 243,
        "sz_tot": 1,
        "tipo_tras": "SZ"
    },
    "note": null,
    "scheda": [
        {
            "cod": 1,
            "desc": null,
            "sz_perv": 1,
            "vot_m": 48,
            "vot_f": 51,
            "vot_t": 99,
            "perc_vot": "40,74",
            "sk_bianche": 2,
            "sk_nulle": 2,
            "sk_contestate": 0,
            "voti_si": 90,
            "voti_no": 5,
            "perc_si": "94,74",
            "perc_no": "5,26",
            "dt_agg": 20250609162750
        },
        {
            "cod": 2,
            "desc": null,
            "sz_perv": 1,
            "vot_m": 48,
            "vot_f": 51,
            "vot_t": 99,
            "perc_vot": "40,74",
            "sk_bianche": 2,
            "sk_nulle": 2,
            "sk_contestate": 0,
            "voti_si": 87,
            "voti_no": 8,
            "perc_si": "91,58",
            "perc_no": "8,42",
            "dt_agg": 20250609162750
        },
        {
            "cod": 3,
            "desc": null,
            "sz_perv": 1,
            "vot_m": 48,
            "vot_f": 51,
            "vot_t": 99,
            "perc_vot": "40,74",
            "sk_bianche": 3,
            "sk_nulle": 2,
            "sk_contestate": 0,
            "voti_si": 85,
            "voti_no": 9,
            "perc_si": "90,43",
            "perc_no": "9,57",
            "dt_agg": 20250609163900
        },
        {
            "cod": 4,
            "desc": null,
            "sz_perv": 1,
            "vot_m": 48,
            "vot_f": 51,
            "vot_t": 99,
            "perc_vot": "40,74",
            "sk_bianche": 5,
            "sk_nulle": 2,
            "sk_contestate": 0,
            "voti_si": 79,
            "voti_no": 13,
            "perc_si": "85,87",
            "perc_no": "14,13",
            "dt_agg": 20250609163901
        },
        {
            "cod": 5,
            "desc": null,
            "sz_perv": 1,
            "vot_m": 48,
            "vot_f": 51,
            "vot_t": 99,
            "perc_vot": "40,74",
            "sk_bianche": 3,
            "sk_nulle": 2,
            "sk_contestate": 0,
            "voti_si": 53,
            "voti_no": 41,
            "perc_si": "56,38",
            "perc_no": "43,62",
            "dt_agg": 20250609164021
        }
    ]
}