{
    "int": {
        "st": "ESERCIZIO",
        "t_ele": "Referendum",
        "t_ref": "ABROGATIVO",
        "f_elet": "SCRUTINI",
        "dt_ele": 20250608000000,
        "l_terr": "COMUNE",
        "area": "I",
        "cod_com": 460,
        "desc_com": "GIOIA DEI MARSI",
        "cod_prov": 38,
        "desc_prov": "L'AQUILA",
        "cod_reg": 13,
        "desc_reg": "ABRUZZO",
        "ele_m": 641,
        "ele_f": 596,
        "ele_t": 1237,
        "sz_tot": 3,
        "tipo_tras": "SZ"
    },
    "note": null,
    "scheda": [
        {
            "cod": 1,
            "desc": null,
            "sz_perv": 3,
            "vot_m": 166,
            "vot_f": 150,
            "vot_t": 316,
            "perc_vot": "25,55",
            "sk_bianche": 11,
            "sk_nulle": 5,
            "sk_contestate": 0,
            "voti_si": 260,
            "voti_no": 40,
            "perc_si": "86,67",
            "perc_no": "13,33",
            "dt_agg": 20250609161755
        },
        {
            "cod": 2,
            "desc": null,
            "sz_perv": 3,
            "vot_m": 166,
            "vot_f": 150,
            "vot_t": 316,
            "perc_vot": "25,55",
            "sk_bianche": 10,
            "sk_nulle": 4,
            "sk_contestate": 0,
            "voti_si": 249,
            "voti_no": 53,
            "perc_si": "82,45",
            "perc_no": "17,55",
            "dt_agg": 20250609161907
        },
        {
            "cod": 3,
            "desc": null,
            "sz_perv": 3,
            "vot_m": 166,
            "vot_f": 150,
            "vot_t": 316,
            "perc_vot": "25,55",
            "sk_bianche": 11,
            "sk_nulle": 5,
            "sk_contestate": 0,
            "voti_si": 260,
            "voti_no": 40,
            "perc_si": "86,67",
            "perc_no": "13,33",
            "dt_agg": 20250609161908
        },
        {
            "cod": 4,
            "desc": null,
            "sz_perv": 3,
            "vot_m": 166,
            "vot_f": 150,
            "vot_t": 316,
            "perc_vot": "25,55",
            "sk_bianche": 17,
            "sk_nulle": 7,
            "sk_contestate": 0,
            "voti_si": 247,
            "voti_no": 45,
            "perc_si": "84,59",
            "perc_no": "15,41",
            "dt_agg": 20250609172703
        },
        {
            "cod": 5,
            "desc": null,
            "sz_perv": 3,
            "vot_m": 166,
            "vot_f": 150,
            "vot_t": 316,
            "perc_vot": "25,55",
            "sk_bianche": 13,
            "sk_nulle": 3,
            "sk_contestate": 0,
            "voti_si": 172,
            "voti_no": 128,
            "perc_si": "57,33",
            "perc_no": "42,67",
            "dt_agg": 20250609172657
        }
    ]
}