{
    "int": {
        "st": "ESERCIZIO",
        "t_ele": "Referendum",
        "t_ref": "ABROGATIVO",
        "f_elet": "SCRUTINI",
        "dt_ele": 20250608000000,
        "l_terr": "COMUNE",
        "area": "I",
        "cod_com": 640,
        "desc_com": "ORTUCCHIO",
        "cod_prov": 38,
        "desc_prov": "L'AQUILA",
        "cod_reg": 13,
        "desc_reg": "ABRUZZO",
        "ele_m": 657,
        "ele_f": 653,
        "ele_t": 1310,
        "sz_tot": 2,
        "tipo_tras": "SZ"
    },
    "note": null,
    "scheda": [
        {
            "cod": 1,
            "desc": null,
            "sz_perv": 2,
            "vot_m": 134,
            "vot_f": 137,
            "vot_t": 271,
            "perc_vot": "20,69",
            "sk_bianche": 7,
            "sk_nulle": 3,
            "sk_contestate": 0,
            "voti_si": 225,
            "voti_no": 36,
            "perc_si": "86,21",
            "perc_no": "13,79",
            "dt_agg": 20250609160950
        },
        {
            "cod": 2,
            "desc": null,
            "sz_perv": 2,
            "vot_m": 134,
            "vot_f": 137,
            "vot_t": 271,
            "perc_vot": "20,69",
            "sk_bianche": 9,
            "sk_nulle": 3,
            "sk_contestate": 0,
            "voti_si": 220,
            "voti_no": 39,
            "perc_si": "84,94",
            "perc_no": "15,06",
            "dt_agg": 20250609161032
        },
        {
            "cod": 3,
            "desc": null,
            "sz_perv": 2,
            "vot_m": 134,
            "vot_f": 137,
            "vot_t": 271,
            "perc_vot": "20,69",
            "sk_bianche": 9,
            "sk_nulle": 3,
            "sk_contestate": 0,
            "voti_si": 231,
            "voti_no": 28,
            "perc_si": "89,19",
            "perc_no": "10,81",
            "dt_agg": 20250609161106
        },
        {
            "cod": 4,
            "desc": null,
            "sz_perv": 2,
            "vot_m": 134,
            "vot_f": 137,
            "vot_t": 271,
            "perc_vot": "20,69",
            "sk_bianche": 8,
            "sk_nulle": 5,
            "sk_contestate": 0,
            "voti_si": 206,
            "voti_no": 52,
            "perc_si": "79,84",
            "perc_no": "20,16",
            "dt_agg": 20250609161140
        },
        {
            "cod": 5,
            "desc": null,
            "sz_perv": 2,
            "vot_m": 134,
            "vot_f": 137,
            "vot_t": 271,
            "perc_vot": "20,69",
            "sk_bianche": 7,
            "sk_nulle": 4,
            "sk_contestate": 0,
            "voti_si": 121,
            "voti_no": 139,
            "perc_si": "46,54",
            "perc_no": "53,46",
            "dt_agg": 20250609161308
        }
    ]
}