{
    "int": {
        "st": "ESERCIZIO",
        "t_ele": "Referendum",
        "t_ref": "ABROGATIVO",
        "f_elet": "SCRUTINI",
        "dt_ele": 20250608000000,
        "l_terr": "COMUNE",
        "area": "I",
        "cod_com": 810,
        "desc_com": "ROCCA DI CAMBIO",
        "cod_prov": 38,
        "desc_prov": "L'AQUILA",
        "cod_reg": 13,
        "desc_reg": "ABRUZZO",
        "ele_m": 216,
        "ele_f": 177,
        "ele_t": 393,
        "sz_tot": 1,
        "tipo_tras": "SZ"
    },
    "note": null,
    "scheda": [
        {
            "cod": 1,
            "desc": null,
            "sz_perv": 1,
            "vot_m": 46,
            "vot_f": 56,
            "vot_t": 102,
            "perc_vot": "25,95",
            "sk_bianche": 7,
            "sk_nulle": 2,
            "sk_contestate": 0,
            "voti_si": 78,
            "voti_no": 15,
            "perc_si": "83,87",
            "perc_no": "16,13",
            "dt_agg": 20250609171207
        },
        {
            "cod": 2,
            "desc": null,
            "sz_perv": 1,
            "vot_m": 46,
            "vot_f": 56,
            "vot_t": 102,
            "perc_vot": "25,95",
            "sk_bianche": 5,
            "sk_nulle": 2,
            "sk_contestate": 0,
            "voti_si": 75,
            "voti_no": 20,
            "perc_si": "78,95",
            "perc_no": "21,05",
            "dt_agg": 20250609171207
        },
        {
            "cod": 3,
            "desc": null,
            "sz_perv": 1,
            "vot_m": 46,
            "vot_f": 56,
            "vot_t": 102,
            "perc_vot": "25,95",
            "sk_bianche": 5,
            "sk_nulle": 2,
            "sk_contestate": 0,
            "voti_si": 77,
            "voti_no": 18,
            "perc_si": "81,05",
            "perc_no": "18,95",
            "dt_agg": 20250609171254
        },
        {
            "cod": 4,
            "desc": null,
            "sz_perv": 1,
            "vot_m": 46,
            "vot_f": 58,
            "vot_t": 104,
            "perc_vot": "26,46",
            "sk_bianche": 7,
            "sk_nulle": 3,
            "sk_contestate": 0,
            "voti_si": 76,
            "voti_no": 18,
            "perc_si": "80,85",
            "perc_no": "19,15",
            "dt_agg": 20250609171412
        },
        {
            "cod": 5,
            "desc": null,
            "sz_perv": 1,
            "vot_m": 46,
            "vot_f": 57,
            "vot_t": 103,
            "perc_vot": "26,21",
            "sk_bianche": 4,
            "sk_nulle": 2,
            "sk_contestate": 0,
            "voti_si": 53,
            "voti_no": 44,
            "perc_si": "54,64",
            "perc_no": "45,36",
            "dt_agg": 20250609171429
        }
    ]
}