{
    "int": {
        "st": "ESERCIZIO",
        "t_ele": "Referendum",
        "t_ref": "ABROGATIVO",
        "f_elet": "SCRUTINI",
        "dt_ele": 20250608000000,
        "l_terr": "COMUNE",
        "area": "I",
        "cod_com": 40,
        "desc_com": "ANVERSA DEGLI ABRUZZI",
        "cod_prov": 38,
        "desc_prov": "L'AQUILA",
        "cod_reg": 13,
        "desc_reg": "ABRUZZO",
        "ele_m": 117,
        "ele_f": 120,
        "ele_t": 237,
        "sz_tot": 1,
        "tipo_tras": "SZ"
    },
    "note": null,
    "scheda": [
        {
            "cod": 1,
            "desc": null,
            "sz_perv": 1,
            "vot_m": 32,
            "vot_f": 44,
            "vot_t": 76,
            "perc_vot": "32,07",
            "sk_bianche": 1,
            "sk_nulle": 0,
            "sk_contestate": 0,
            "voti_si": 67,
            "voti_no": 8,
            "perc_si": "89,33",
            "perc_no": "10,67",
            "dt_agg": 20250609164329
        },
        {
            "cod": 2,
            "desc": null,
            "sz_perv": 1,
            "vot_m": 32,
            "vot_f": 44,
            "vot_t": 76,
            "perc_vot": "32,07",
            "sk_bianche": 1,
            "sk_nulle": 0,
            "sk_contestate": 0,
            "voti_si": 62,
            "voti_no": 13,
            "perc_si": "82,67",
            "perc_no": "17,33",
            "dt_agg": 20250609164329
        },
        {
            "cod": 3,
            "desc": null,
            "sz_perv": 1,
            "vot_m": 32,
            "vot_f": 44,
            "vot_t": 76,
            "perc_vot": "32,07",
            "sk_bianche": 2,
            "sk_nulle": 0,
            "sk_contestate": 0,
            "voti_si": 64,
            "voti_no": 10,
            "perc_si": "86,49",
            "perc_no": "13,51",
            "dt_agg": 20250609164405
        },
        {
            "cod": 4,
            "desc": null,
            "sz_perv": 1,
            "vot_m": 32,
            "vot_f": 44,
            "vot_t": 76,
            "perc_vot": "32,07",
            "sk_bianche": 2,
            "sk_nulle": 0,
            "sk_contestate": 0,
            "voti_si": 62,
            "voti_no": 12,
            "perc_si": "83,78",
            "perc_no": "16,22",
            "dt_agg": 20250609164500
        },
        {
            "cod": 5,
            "desc": null,
            "sz_perv": 1,
            "vot_m": 32,
            "vot_f": 44,
            "vot_t": 76,
            "perc_vot": "32,07",
            "sk_bianche": 1,
            "sk_nulle": 0,
            "sk_contestate": 0,
            "voti_si": 41,
            "voti_no": 34,
            "perc_si": "54,67",
            "perc_no": "45,33",
            "dt_agg": 20250609164455
        }
    ]
}