{
    "int": {
        "st": "ESERCIZIO",
        "t_ele": "Referendum",
        "t_ref": "ABROGATIVO",
        "f_elet": "SCRUTINI",
        "dt_ele": 20250608000000,
        "l_terr": "COMUNE",
        "area": "I",
        "cod_com": 50,
        "desc_com": "ATELETA",
        "cod_prov": 38,
        "desc_prov": "L'AQUILA",
        "cod_reg": 13,
        "desc_reg": "ABRUZZO",
        "ele_m": 484,
        "ele_f": 461,
        "ele_t": 945,
        "sz_tot": 2,
        "tipo_tras": "SZ"
    },
    "note": null,
    "scheda": [
        {
            "cod": 1,
            "desc": null,
            "sz_perv": 2,
            "vot_m": 78,
            "vot_f": 96,
            "vot_t": 174,
            "perc_vot": "18,41",
            "sk_bianche": 12,
            "sk_nulle": 6,
            "sk_contestate": 0,
            "voti_si": 123,
            "voti_no": 33,
            "perc_si": "78,85",
            "perc_no": "21,15",
            "dt_agg": 20250609170938
        },
        {
            "cod": 2,
            "desc": null,
            "sz_perv": 2,
            "vot_m": 78,
            "vot_f": 96,
            "vot_t": 174,
            "perc_vot": "18,41",
            "sk_bianche": 13,
            "sk_nulle": 7,
            "sk_contestate": 0,
            "voti_si": 122,
            "voti_no": 32,
            "perc_si": "79,22",
            "perc_no": "20,78",
            "dt_agg": 20250609170950
        },
        {
            "cod": 3,
            "desc": null,
            "sz_perv": 2,
            "vot_m": 78,
            "vot_f": 96,
            "vot_t": 174,
            "perc_vot": "18,41",
            "sk_bianche": 16,
            "sk_nulle": 6,
            "sk_contestate": 0,
            "voti_si": 123,
            "voti_no": 29,
            "perc_si": "80,92",
            "perc_no": "19,08",
            "dt_agg": 20250609171144
        },
        {
            "cod": 4,
            "desc": null,
            "sz_perv": 2,
            "vot_m": 78,
            "vot_f": 96,
            "vot_t": 174,
            "perc_vot": "18,41",
            "sk_bianche": 14,
            "sk_nulle": 6,
            "sk_contestate": 0,
            "voti_si": 117,
            "voti_no": 37,
            "perc_si": "75,97",
            "perc_no": "24,03",
            "dt_agg": 20250609171144
        },
        {
            "cod": 5,
            "desc": null,
            "sz_perv": 2,
            "vot_m": 78,
            "vot_f": 96,
            "vot_t": 174,
            "perc_vot": "18,41",
            "sk_bianche": 12,
            "sk_nulle": 6,
            "sk_contestate": 0,
            "voti_si": 67,
            "voti_no": 89,
            "perc_si": "42,95",
            "perc_no": "57,05",
            "dt_agg": 20250609171158
        }
    ]
}