{
    "int": {
        "st": "ESERCIZIO",
        "t_ele": "Referendum",
        "t_ref": "ABROGATIVO",
        "f_elet": "SCRUTINI",
        "dt_ele": 20250608000000,
        "l_terr": "COMUNE",
        "area": "I",
        "cod_com": 550,
        "desc_com": "MOLINA ATERNO",
        "cod_prov": 38,
        "desc_prov": "L'AQUILA",
        "cod_reg": 13,
        "desc_reg": "ABRUZZO",
        "ele_m": 146,
        "ele_f": 152,
        "ele_t": 298,
        "sz_tot": 1,
        "tipo_tras": "SZ"
    },
    "note": null,
    "scheda": [
        {
            "cod": 1,
            "desc": null,
            "sz_perv": 1,
            "vot_m": 53,
            "vot_f": 49,
            "vot_t": 102,
            "perc_vot": "34,23",
            "sk_bianche": 2,
            "sk_nulle": 1,
            "sk_contestate": 0,
            "voti_si": 85,
            "voti_no": 14,
            "perc_si": "85,86",
            "perc_no": "14,14",
            "dt_agg": 20250609161308
        },
        {
            "cod": 2,
            "desc": null,
            "sz_perv": 1,
            "vot_m": 53,
            "vot_f": 49,
            "vot_t": 102,
            "perc_vot": "34,23",
            "sk_bianche": 1,
            "sk_nulle": 2,
            "sk_contestate": 0,
            "voti_si": 84,
            "voti_no": 15,
            "perc_si": "84,85",
            "perc_no": "15,15",
            "dt_agg": 20250609161329
        },
        {
            "cod": 3,
            "desc": null,
            "sz_perv": 1,
            "vot_m": 53,
            "vot_f": 49,
            "vot_t": 102,
            "perc_vot": "34,23",
            "sk_bianche": 1,
            "sk_nulle": 2,
            "sk_contestate": 0,
            "voti_si": 85,
            "voti_no": 14,
            "perc_si": "85,86",
            "perc_no": "14,14",
            "dt_agg": 20250609161421
        },
        {
            "cod": 4,
            "desc": null,
            "sz_perv": 1,
            "vot_m": 53,
            "vot_f": 49,
            "vot_t": 102,
            "perc_vot": "34,23",
            "sk_bianche": 2,
            "sk_nulle": 2,
            "sk_contestate": 0,
            "voti_si": 84,
            "voti_no": 14,
            "perc_si": "85,71",
            "perc_no": "14,29",
            "dt_agg": 20250609161546
        },
        {
            "cod": 5,
            "desc": null,
            "sz_perv": 1,
            "vot_m": 53,
            "vot_f": 49,
            "vot_t": 102,
            "perc_vot": "34,23",
            "sk_bianche": 1,
            "sk_nulle": 3,
            "sk_contestate": 0,
            "voti_si": 60,
            "voti_no": 38,
            "perc_si": "61,22",
            "perc_no": "38,78",
            "dt_agg": 20250609161707
        }
    ]
}