{
    "int": {
        "st": "ESERCIZIO",
        "t_ele": "Referendum",
        "t_ref": "ABROGATIVO",
        "f_elet": "SCRUTINI",
        "dt_ele": 20250608000000,
        "l_terr": "COMUNE",
        "area": "I",
        "cod_com": 1050,
        "desc_com": "VILLETTA BARREA",
        "cod_prov": 38,
        "desc_prov": "L'AQUILA",
        "cod_reg": 13,
        "desc_reg": "ABRUZZO",
        "ele_m": 266,
        "ele_f": 240,
        "ele_t": 506,
        "sz_tot": 1,
        "tipo_tras": "SZ"
    },
    "note": null,
    "scheda": [
        {
            "cod": 1,
            "desc": null,
            "sz_perv": 1,
            "vot_m": 70,
            "vot_f": 73,
            "vot_t": 143,
            "perc_vot": "28,26",
            "sk_bianche": 7,
            "sk_nulle": 1,
            "sk_contestate": 0,
            "voti_si": 115,
            "voti_no": 20,
            "perc_si": "85,19",
            "perc_no": "14,81",
            "dt_agg": 20250609174424
        },
        {
            "cod": 2,
            "desc": null,
            "sz_perv": 1,
            "vot_m": 70,
            "vot_f": 73,
            "vot_t": 143,
            "perc_vot": "28,26",
            "sk_bianche": 7,
            "sk_nulle": 1,
            "sk_contestate": 0,
            "voti_si": 114,
            "voti_no": 21,
            "perc_si": "84,44",
            "perc_no": "15,56",
            "dt_agg": 20250609174815
        },
        {
            "cod": 3,
            "desc": null,
            "sz_perv": 1,
            "vot_m": 70,
            "vot_f": 73,
            "vot_t": 143,
            "perc_vot": "28,26",
            "sk_bianche": 8,
            "sk_nulle": 2,
            "sk_contestate": 0,
            "voti_si": 111,
            "voti_no": 22,
            "perc_si": "83,46",
            "perc_no": "16,54",
            "dt_agg": 20250609174955
        },
        {
            "cod": 4,
            "desc": null,
            "sz_perv": 1,
            "vot_m": 70,
            "vot_f": 73,
            "vot_t": 143,
            "perc_vot": "28,26",
            "sk_bianche": 7,
            "sk_nulle": 2,
            "sk_contestate": 0,
            "voti_si": 111,
            "voti_no": 23,
            "perc_si": "82,84",
            "perc_no": "17,16",
            "dt_agg": 20250609175030
        },
        {
            "cod": 5,
            "desc": null,
            "sz_perv": 1,
            "vot_m": 70,
            "vot_f": 73,
            "vot_t": 143,
            "perc_vot": "28,26",
            "sk_bianche": 5,
            "sk_nulle": 1,
            "sk_contestate": 0,
            "voti_si": 94,
            "voti_no": 43,
            "perc_si": "68,61",
            "perc_no": "31,39",
            "dt_agg": 20250609175134
        }
    ]
}