{
    "int": {
        "st": "ESERCIZIO",
        "t_ele": "Referendum",
        "t_ref": "ABROGATIVO",
        "f_elet": "SCRUTINI",
        "dt_ele": 20250608000000,
        "l_terr": "COMUNE",
        "area": "I",
        "cod_com": 770,
        "desc_com": "RAIANO",
        "cod_prov": 38,
        "desc_prov": "L'AQUILA",
        "cod_reg": 13,
        "desc_reg": "ABRUZZO",
        "ele_m": 971,
        "ele_f": 1108,
        "ele_t": 2079,
        "sz_tot": 3,
        "tipo_tras": "SZ"
    },
    "note": null,
    "scheda": [
        {
            "cod": 1,
            "desc": null,
            "sz_perv": 3,
            "vot_m": 315,
            "vot_f": 381,
            "vot_t": 696,
            "perc_vot": "33,48",
            "sk_bianche": 8,
            "sk_nulle": 6,
            "sk_contestate": 0,
            "voti_si": 620,
            "voti_no": 62,
            "perc_si": "90,91",
            "perc_no": "9,09",
            "dt_agg": 20250609202609
        },
        {
            "cod": 2,
            "desc": null,
            "sz_perv": 3,
            "vot_m": 315,
            "vot_f": 381,
            "vot_t": 696,
            "perc_vot": "33,48",
            "sk_bianche": 8,
            "sk_nulle": 6,
            "sk_contestate": 0,
            "voti_si": 614,
            "voti_no": 68,
            "perc_si": "90,03",
            "perc_no": "9,97",
            "dt_agg": 20250609202644
        },
        {
            "cod": 3,
            "desc": null,
            "sz_perv": 3,
            "vot_m": 316,
            "vot_f": 381,
            "vot_t": 697,
            "perc_vot": "33,53",
            "sk_bianche": 14,
            "sk_nulle": 4,
            "sk_contestate": 0,
            "voti_si": 617,
            "voti_no": 62,
            "perc_si": "90,87",
            "perc_no": "9,13",
            "dt_agg": 20250609202741
        },
        {
            "cod": 4,
            "desc": null,
            "sz_perv": 3,
            "vot_m": 316,
            "vot_f": 381,
            "vot_t": 697,
            "perc_vot": "33,53",
            "sk_bianche": 7,
            "sk_nulle": 7,
            "sk_contestate": 0,
            "voti_si": 603,
            "voti_no": 80,
            "perc_si": "88,29",
            "perc_no": "11,71",
            "dt_agg": 20250609202805
        },
        {
            "cod": 5,
            "desc": null,
            "sz_perv": 3,
            "vot_m": 315,
            "vot_f": 382,
            "vot_t": 697,
            "perc_vot": "33,53",
            "sk_bianche": 10,
            "sk_nulle": 9,
            "sk_contestate": 0,
            "voti_si": 413,
            "voti_no": 265,
            "perc_si": "60,91",
            "perc_no": "39,09",
            "dt_agg": 20250609202847
        }
    ]
}