{
    "int": {
        "st": "ESERCIZIO",
        "t_ele": "Referendum",
        "t_ref": "ABROGATIVO",
        "f_elet": "SCRUTINI",
        "dt_ele": 20250608000000,
        "l_terr": "COMUNE",
        "area": "I",
        "cod_com": 880,
        "desc_com": "SAN PIO DELLE CAMERE",
        "cod_prov": 38,
        "desc_prov": "L'AQUILA",
        "cod_reg": 13,
        "desc_reg": "ABRUZZO",
        "ele_m": 246,
        "ele_f": 221,
        "ele_t": 467,
        "sz_tot": 2,
        "tipo_tras": "SZ"
    },
    "note": null,
    "scheda": [
        {
            "cod": 1,
            "desc": null,
            "sz_perv": 2,
            "vot_m": 59,
            "vot_f": 55,
            "vot_t": 114,
            "perc_vot": "24,41",
            "sk_bianche": 3,
            "sk_nulle": 2,
            "sk_contestate": 0,
            "voti_si": 97,
            "voti_no": 12,
            "perc_si": "88,99",
            "perc_no": "11,01",
            "dt_agg": 20250609173822
        },
        {
            "cod": 2,
            "desc": null,
            "sz_perv": 2,
            "vot_m": 58,
            "vot_f": 55,
            "vot_t": 113,
            "perc_vot": "24,20",
            "sk_bianche": 4,
            "sk_nulle": 1,
            "sk_contestate": 0,
            "voti_si": 95,
            "voti_no": 13,
            "perc_si": "87,96",
            "perc_no": "12,04",
            "dt_agg": 20250609173842
        },
        {
            "cod": 3,
            "desc": null,
            "sz_perv": 2,
            "vot_m": 58,
            "vot_f": 55,
            "vot_t": 113,
            "perc_vot": "24,20",
            "sk_bianche": 5,
            "sk_nulle": 2,
            "sk_contestate": 0,
            "voti_si": 94,
            "voti_no": 12,
            "perc_si": "88,68",
            "perc_no": "11,32",
            "dt_agg": 20250609173852
        },
        {
            "cod": 4,
            "desc": null,
            "sz_perv": 2,
            "vot_m": 59,
            "vot_f": 55,
            "vot_t": 114,
            "perc_vot": "24,41",
            "sk_bianche": 2,
            "sk_nulle": 2,
            "sk_contestate": 0,
            "voti_si": 94,
            "voti_no": 16,
            "perc_si": "85,45",
            "perc_no": "14,55",
            "dt_agg": 20250609174115
        },
        {
            "cod": 5,
            "desc": null,
            "sz_perv": 2,
            "vot_m": 58,
            "vot_f": 55,
            "vot_t": 113,
            "perc_vot": "24,20",
            "sk_bianche": 4,
            "sk_nulle": 2,
            "sk_contestate": 0,
            "voti_si": 66,
            "voti_no": 41,
            "perc_si": "61,68",
            "perc_no": "38,32",
            "dt_agg": 20250609174115
        }
    ]
}