{
    "int": {
        "st": "ESERCIZIO",
        "t_ele": "Referendum",
        "t_ref": "ABROGATIVO",
        "f_elet": "SCRUTINI",
        "dt_ele": 20250608000000,
        "l_terr": "COMUNE",
        "area": "I",
        "cod_com": 490,
        "desc_com": "L'AQUILA",
        "cod_prov": 38,
        "desc_prov": "L'AQUILA",
        "cod_reg": 13,
        "desc_reg": "ABRUZZO",
        "ele_m": 26682,
        "ele_f": 28222,
        "ele_t": 54904,
        "sz_tot": 81,
        "tipo_tras": "SZ"
    },
    "note": null,
    "scheda": [
        {
            "cod": 1,
            "desc": null,
            "sz_perv": 81,
            "vot_m": 7788,
            "vot_f": 9099,
            "vot_t": 16887,
            "perc_vot": "30,76",
            "sk_bianche": 231,
            "sk_nulle": 108,
            "sk_contestate": 0,
            "voti_si": 15096,
            "voti_no": 1452,
            "perc_si": "91,23",
            "perc_no": "8,77",
            "dt_agg": 20250609190907
        },
        {
            "cod": 2,
            "desc": null,
            "sz_perv": 81,
            "vot_m": 7785,
            "vot_f": 9096,
            "vot_t": 16881,
            "perc_vot": "30,75",
            "sk_bianche": 268,
            "sk_nulle": 112,
            "sk_contestate": 0,
            "voti_si": 14768,
            "voti_no": 1733,
            "perc_si": "89,50",
            "perc_no": "10,50",
            "dt_agg": 20250609190907
        },
        {
            "cod": 3,
            "desc": null,
            "sz_perv": 81,
            "vot_m": 7780,
            "vot_f": 9097,
            "vot_t": 16877,
            "perc_vot": "30,74",
            "sk_bianche": 264,
            "sk_nulle": 111,
            "sk_contestate": 0,
            "voti_si": 14984,
            "voti_no": 1518,
            "perc_si": "90,80",
            "perc_no": "9,20",
            "dt_agg": 20250609191347
        },
        {
            "cod": 4,
            "desc": null,
            "sz_perv": 81,
            "vot_m": 7781,
            "vot_f": 9093,
            "vot_t": 16874,
            "perc_vot": "30,73",
            "sk_bianche": 252,
            "sk_nulle": 121,
            "sk_contestate": 0,
            "voti_si": 14463,
            "voti_no": 2038,
            "perc_si": "87,65",
            "perc_no": "12,35",
            "dt_agg": 20250609190942
        },
        {
            "cod": 5,
            "desc": null,
            "sz_perv": 81,
            "vot_m": 7752,
            "vot_f": 9079,
            "vot_t": 16831,
            "perc_vot": "30,66",
            "sk_bianche": 261,
            "sk_nulle": 110,
            "sk_contestate": 0,
            "voti_si": 11055,
            "voti_no": 5405,
            "perc_si": "67,16",
            "perc_no": "32,84",
            "dt_agg": 20250609191002
        }
    ]
}