{
    "int": {
        "st": "ESERCIZIO",
        "t_ele": "Referendum",
        "t_ref": "ABROGATIVO",
        "f_elet": "SCRUTINI",
        "dt_ele": 20250608000000,
        "l_terr": "COMUNE",
        "area": "I",
        "cod_com": 750,
        "desc_com": "PRATOLA PELIGNA",
        "cod_prov": 38,
        "desc_prov": "L'AQUILA",
        "cod_reg": 13,
        "desc_reg": "ABRUZZO",
        "ele_m": 2731,
        "ele_f": 2833,
        "ele_t": 5564,
        "sz_tot": 9,
        "tipo_tras": "SZ"
    },
    "note": null,
    "scheda": [
        {
            "cod": 1,
            "desc": null,
            "sz_perv": 9,
            "vot_m": 669,
            "vot_f": 781,
            "vot_t": 1450,
            "perc_vot": "26,06",
            "sk_bianche": 20,
            "sk_nulle": 12,
            "sk_contestate": 0,
            "voti_si": 1271,
            "voti_no": 147,
            "perc_si": "89,63",
            "perc_no": "10,37",
            "dt_agg": 20250609184618
        },
        {
            "cod": 2,
            "desc": null,
            "sz_perv": 9,
            "vot_m": 669,
            "vot_f": 781,
            "vot_t": 1450,
            "perc_vot": "26,06",
            "sk_bianche": 23,
            "sk_nulle": 14,
            "sk_contestate": 0,
            "voti_si": 1230,
            "voti_no": 183,
            "perc_si": "87,05",
            "perc_no": "12,95",
            "dt_agg": 20250609184650
        },
        {
            "cod": 3,
            "desc": null,
            "sz_perv": 9,
            "vot_m": 669,
            "vot_f": 781,
            "vot_t": 1450,
            "perc_vot": "26,06",
            "sk_bianche": 25,
            "sk_nulle": 14,
            "sk_contestate": 0,
            "voti_si": 1258,
            "voti_no": 153,
            "perc_si": "89,16",
            "perc_no": "10,84",
            "dt_agg": 20250609184659
        },
        {
            "cod": 4,
            "desc": null,
            "sz_perv": 9,
            "vot_m": 669,
            "vot_f": 781,
            "vot_t": 1450,
            "perc_vot": "26,06",
            "sk_bianche": 25,
            "sk_nulle": 14,
            "sk_contestate": 0,
            "voti_si": 1231,
            "voti_no": 180,
            "perc_si": "87,24",
            "perc_no": "12,76",
            "dt_agg": 20250609184717
        },
        {
            "cod": 5,
            "desc": null,
            "sz_perv": 9,
            "vot_m": 668,
            "vot_f": 779,
            "vot_t": 1447,
            "perc_vot": "26,01",
            "sk_bianche": 21,
            "sk_nulle": 15,
            "sk_contestate": 0,
            "voti_si": 789,
            "voti_no": 622,
            "perc_si": "55,92",
            "perc_no": "44,08",
            "dt_agg": 20250609184736
        }
    ]
}