{
    "int": {
        "st": "ESERCIZIO",
        "t_ele": "Referendum",
        "t_ref": "ABROGATIVO",
        "f_elet": "SCRUTINI",
        "dt_ele": 20250608000000,
        "l_terr": "COMUNE",
        "area": "I",
        "cod_com": 70,
        "desc_com": "BALSORANO",
        "cod_prov": 38,
        "desc_prov": "L'AQUILA",
        "cod_reg": 13,
        "desc_reg": "ABRUZZO",
        "ele_m": 1344,
        "ele_f": 1351,
        "ele_t": 2695,
        "sz_tot": 5,
        "tipo_tras": "SZ"
    },
    "note": null,
    "scheda": [
        {
            "cod": 1,
            "desc": null,
            "sz_perv": 5,
            "vot_m": 292,
            "vot_f": 296,
            "vot_t": 588,
            "perc_vot": "21,82",
            "sk_bianche": 11,
            "sk_nulle": 9,
            "sk_contestate": 0,
            "voti_si": 475,
            "voti_no": 93,
            "perc_si": "83,63",
            "perc_no": "16,37",
            "dt_agg": 20250609184141
        },
        {
            "cod": 2,
            "desc": null,
            "sz_perv": 5,
            "vot_m": 292,
            "vot_f": 296,
            "vot_t": 588,
            "perc_vot": "21,82",
            "sk_bianche": 13,
            "sk_nulle": 10,
            "sk_contestate": 0,
            "voti_si": 478,
            "voti_no": 87,
            "perc_si": "84,60",
            "perc_no": "15,40",
            "dt_agg": 20250609184207
        },
        {
            "cod": 3,
            "desc": null,
            "sz_perv": 5,
            "vot_m": 293,
            "vot_f": 296,
            "vot_t": 589,
            "perc_vot": "21,86",
            "sk_bianche": 14,
            "sk_nulle": 12,
            "sk_contestate": 0,
            "voti_si": 480,
            "voti_no": 83,
            "perc_si": "85,26",
            "perc_no": "14,74",
            "dt_agg": 20250609184235
        },
        {
            "cod": 4,
            "desc": null,
            "sz_perv": 5,
            "vot_m": 293,
            "vot_f": 296,
            "vot_t": 589,
            "perc_vot": "21,86",
            "sk_bianche": 13,
            "sk_nulle": 10,
            "sk_contestate": 0,
            "voti_si": 468,
            "voti_no": 98,
            "perc_si": "82,69",
            "perc_no": "17,31",
            "dt_agg": 20250609184257
        },
        {
            "cod": 5,
            "desc": null,
            "sz_perv": 5,
            "vot_m": 289,
            "vot_f": 297,
            "vot_t": 586,
            "perc_vot": "21,74",
            "sk_bianche": 16,
            "sk_nulle": 14,
            "sk_contestate": 0,
            "voti_si": 312,
            "voti_no": 244,
            "perc_si": "56,12",
            "perc_no": "43,88",
            "dt_agg": 20250609184326
        }
    ]
}