{
    "int": {
        "st": "ESERCIZIO",
        "t_ele": "Referendum",
        "t_ref": "ABROGATIVO",
        "f_elet": "SCRUTINI",
        "dt_ele": 20250608000000,
        "l_terr": "COMUNE",
        "area": "I",
        "cod_com": 1040,
        "desc_com": "VILLAVALLELONGA",
        "cod_prov": 38,
        "desc_prov": "L'AQUILA",
        "cod_reg": 13,
        "desc_reg": "ABRUZZO",
        "ele_m": 331,
        "ele_f": 353,
        "ele_t": 684,
        "sz_tot": 1,
        "tipo_tras": "SZ"
    },
    "note": null,
    "scheda": [
        {
            "cod": 1,
            "desc": null,
            "sz_perv": 1,
            "vot_m": 87,
            "vot_f": 123,
            "vot_t": 210,
            "perc_vot": "30,70",
            "sk_bianche": 8,
            "sk_nulle": 7,
            "sk_contestate": 0,
            "voti_si": 176,
            "voti_no": 19,
            "perc_si": "90,26",
            "perc_no": "9,74",
            "dt_agg": 20250609175255
        },
        {
            "cod": 2,
            "desc": null,
            "sz_perv": 1,
            "vot_m": 87,
            "vot_f": 123,
            "vot_t": 210,
            "perc_vot": "30,70",
            "sk_bianche": 10,
            "sk_nulle": 8,
            "sk_contestate": 0,
            "voti_si": 169,
            "voti_no": 23,
            "perc_si": "88,02",
            "perc_no": "11,98",
            "dt_agg": 20250609175325
        },
        {
            "cod": 3,
            "desc": null,
            "sz_perv": 1,
            "vot_m": 87,
            "vot_f": 123,
            "vot_t": 210,
            "perc_vot": "30,70",
            "sk_bianche": 8,
            "sk_nulle": 8,
            "sk_contestate": 0,
            "voti_si": 175,
            "voti_no": 19,
            "perc_si": "90,21",
            "perc_no": "9,79",
            "dt_agg": 20250609175445
        },
        {
            "cod": 4,
            "desc": null,
            "sz_perv": 1,
            "vot_m": 87,
            "vot_f": 123,
            "vot_t": 210,
            "perc_vot": "30,70",
            "sk_bianche": 9,
            "sk_nulle": 4,
            "sk_contestate": 0,
            "voti_si": 180,
            "voti_no": 17,
            "perc_si": "91,37",
            "perc_no": "8,63",
            "dt_agg": 20250609175531
        },
        {
            "cod": 5,
            "desc": null,
            "sz_perv": 1,
            "vot_m": 87,
            "vot_f": 122,
            "vot_t": 209,
            "perc_vot": "30,56",
            "sk_bianche": 5,
            "sk_nulle": 6,
            "sk_contestate": 0,
            "voti_si": 86,
            "voti_no": 112,
            "perc_si": "43,43",
            "perc_no": "56,57",
            "dt_agg": 20250609175655
        }
    ]
}