{
    "int": {
        "st": "ESERCIZIO",
        "t_ele": "Referendum",
        "t_ref": "ABROGATIVO",
        "f_elet": "SCRUTINI",
        "dt_ele": 20250608000000,
        "l_terr": "COMUNE",
        "area": "I",
        "cod_com": 250,
        "desc_com": "CARSOLI",
        "cod_prov": 38,
        "desc_prov": "L'AQUILA",
        "cod_reg": 13,
        "desc_reg": "ABRUZZO",
        "ele_m": 1914,
        "ele_f": 1966,
        "ele_t": 3880,
        "sz_tot": 8,
        "tipo_tras": "SZ"
    },
    "note": null,
    "scheda": [
        {
            "cod": 1,
            "desc": null,
            "sz_perv": 8,
            "vot_m": 576,
            "vot_f": 620,
            "vot_t": 1196,
            "perc_vot": "30,82",
            "sk_bianche": 14,
            "sk_nulle": 8,
            "sk_contestate": 0,
            "voti_si": 1067,
            "voti_no": 107,
            "perc_si": "90,89",
            "perc_no": "9,11",
            "dt_agg": 20250609181252
        },
        {
            "cod": 2,
            "desc": null,
            "sz_perv": 8,
            "vot_m": 576,
            "vot_f": 620,
            "vot_t": 1196,
            "perc_vot": "30,82",
            "sk_bianche": 17,
            "sk_nulle": 9,
            "sk_contestate": 0,
            "voti_si": 1049,
            "voti_no": 121,
            "perc_si": "89,66",
            "perc_no": "10,34",
            "dt_agg": 20250609182031
        },
        {
            "cod": 3,
            "desc": null,
            "sz_perv": 8,
            "vot_m": 576,
            "vot_f": 620,
            "vot_t": 1196,
            "perc_vot": "30,82",
            "sk_bianche": 19,
            "sk_nulle": 8,
            "sk_contestate": 0,
            "voti_si": 1059,
            "voti_no": 110,
            "perc_si": "90,59",
            "perc_no": "9,41",
            "dt_agg": 20250609182105
        },
        {
            "cod": 4,
            "desc": null,
            "sz_perv": 8,
            "vot_m": 575,
            "vot_f": 619,
            "vot_t": 1194,
            "perc_vot": "30,77",
            "sk_bianche": 16,
            "sk_nulle": 8,
            "sk_contestate": 0,
            "voti_si": 1054,
            "voti_no": 116,
            "perc_si": "90,09",
            "perc_no": "9,91",
            "dt_agg": 20250609182417
        },
        {
            "cod": 5,
            "desc": null,
            "sz_perv": 8,
            "vot_m": 570,
            "vot_f": 616,
            "vot_t": 1186,
            "perc_vot": "30,57",
            "sk_bianche": 15,
            "sk_nulle": 13,
            "sk_contestate": 0,
            "voti_si": 685,
            "voti_no": 473,
            "perc_si": "59,15",
            "perc_no": "40,85",
            "dt_agg": 20250609182739
        }
    ]
}