{
    "int": {
        "st": "ESERCIZIO",
        "t_ele": "Referendum",
        "t_ref": "ABROGATIVO",
        "f_elet": "SCRUTINI",
        "dt_ele": 20250608000000,
        "l_terr": "COMUNE",
        "area": "I",
        "cod_com": 630,
        "desc_com": "ORTONA DEI MARSI",
        "cod_prov": 38,
        "desc_prov": "L'AQUILA",
        "cod_reg": 13,
        "desc_reg": "ABRUZZO",
        "ele_m": 166,
        "ele_f": 182,
        "ele_t": 348,
        "sz_tot": 3,
        "tipo_tras": "SZ"
    },
    "note": null,
    "scheda": [
        {
            "cod": 1,
            "desc": null,
            "sz_perv": 3,
            "vot_m": 67,
            "vot_f": 60,
            "vot_t": 127,
            "perc_vot": "36,49",
            "sk_bianche": 10,
            "sk_nulle": 2,
            "sk_contestate": 0,
            "voti_si": 93,
            "voti_no": 22,
            "perc_si": "80,87",
            "perc_no": "19,13",
            "dt_agg": 20250609173423
        },
        {
            "cod": 2,
            "desc": null,
            "sz_perv": 3,
            "vot_m": 67,
            "vot_f": 60,
            "vot_t": 127,
            "perc_vot": "36,49",
            "sk_bianche": 11,
            "sk_nulle": 3,
            "sk_contestate": 0,
            "voti_si": 92,
            "voti_no": 21,
            "perc_si": "81,42",
            "perc_no": "18,58",
            "dt_agg": 20250609173423
        },
        {
            "cod": 3,
            "desc": null,
            "sz_perv": 3,
            "vot_m": 67,
            "vot_f": 60,
            "vot_t": 127,
            "perc_vot": "36,49",
            "sk_bianche": 13,
            "sk_nulle": 3,
            "sk_contestate": 0,
            "voti_si": 92,
            "voti_no": 19,
            "perc_si": "82,88",
            "perc_no": "17,12",
            "dt_agg": 20250609173445
        },
        {
            "cod": 4,
            "desc": null,
            "sz_perv": 3,
            "vot_m": 67,
            "vot_f": 60,
            "vot_t": 127,
            "perc_vot": "36,49",
            "sk_bianche": 11,
            "sk_nulle": 2,
            "sk_contestate": 0,
            "voti_si": 94,
            "voti_no": 20,
            "perc_si": "82,46",
            "perc_no": "17,54",
            "dt_agg": 20250609173530
        },
        {
            "cod": 5,
            "desc": null,
            "sz_perv": 3,
            "vot_m": 67,
            "vot_f": 60,
            "vot_t": 127,
            "perc_vot": "36,49",
            "sk_bianche": 6,
            "sk_nulle": 2,
            "sk_contestate": 0,
            "voti_si": 68,
            "voti_no": 51,
            "perc_si": "57,14",
            "perc_no": "42,86",
            "dt_agg": 20250609173559
        }
    ]
}