{
    "int": {
        "st": "ESERCIZIO",
        "t_ele": "Referendum",
        "t_ref": "ABROGATIVO",
        "f_elet": "SCRUTINI",
        "dt_ele": 20250608000000,
        "l_terr": "COMUNE",
        "area": "I",
        "cod_com": 220,
        "desc_com": "CAPORCIANO",
        "cod_prov": 38,
        "desc_prov": "L'AQUILA",
        "cod_reg": 13,
        "desc_reg": "ABRUZZO",
        "ele_m": 101,
        "ele_f": 77,
        "ele_t": 178,
        "sz_tot": 2,
        "tipo_tras": "SZ"
    },
    "note": null,
    "scheda": [
        {
            "cod": 1,
            "desc": null,
            "sz_perv": 2,
            "vot_m": 36,
            "vot_f": 33,
            "vot_t": 69,
            "perc_vot": "38,76",
            "sk_bianche": 4,
            "sk_nulle": 1,
            "sk_contestate": 0,
            "voti_si": 56,
            "voti_no": 8,
            "perc_si": "87,50",
            "perc_no": "12,50",
            "dt_agg": 20250609180037
        },
        {
            "cod": 2,
            "desc": null,
            "sz_perv": 2,
            "vot_m": 36,
            "vot_f": 33,
            "vot_t": 69,
            "perc_vot": "38,76",
            "sk_bianche": 2,
            "sk_nulle": 0,
            "sk_contestate": 0,
            "voti_si": 58,
            "voti_no": 9,
            "perc_si": "86,57",
            "perc_no": "13,43",
            "dt_agg": 20250609180037
        },
        {
            "cod": 3,
            "desc": null,
            "sz_perv": 2,
            "vot_m": 36,
            "vot_f": 33,
            "vot_t": 69,
            "perc_vot": "38,76",
            "sk_bianche": 3,
            "sk_nulle": 0,
            "sk_contestate": 0,
            "voti_si": 56,
            "voti_no": 10,
            "perc_si": "84,85",
            "perc_no": "15,15",
            "dt_agg": 20250609180204
        },
        {
            "cod": 4,
            "desc": null,
            "sz_perv": 2,
            "vot_m": 36,
            "vot_f": 33,
            "vot_t": 69,
            "perc_vot": "38,76",
            "sk_bianche": 4,
            "sk_nulle": 0,
            "sk_contestate": 0,
            "voti_si": 57,
            "voti_no": 8,
            "perc_si": "87,69",
            "perc_no": "12,31",
            "dt_agg": 20250609180205
        },
        {
            "cod": 5,
            "desc": null,
            "sz_perv": 2,
            "vot_m": 36,
            "vot_f": 33,
            "vot_t": 69,
            "perc_vot": "38,76",
            "sk_bianche": 1,
            "sk_nulle": 0,
            "sk_contestate": 0,
            "voti_si": 37,
            "voti_no": 31,
            "perc_si": "54,41",
            "perc_no": "45,59",
            "dt_agg": 20250609180300
        }
    ]
}