{
    "int": {
        "st": "ESERCIZIO",
        "t_ele": "Referendum",
        "t_ref": "ABROGATIVO",
        "f_elet": "SCRUTINI",
        "dt_ele": 20250608000000,
        "l_terr": "COMUNE",
        "area": "I",
        "cod_com": 850,
        "desc_com": "SAN BENEDETTO DEI MARSI",
        "cod_prov": 38,
        "desc_prov": "L'AQUILA",
        "cod_reg": 13,
        "desc_reg": "ABRUZZO",
        "ele_m": 1361,
        "ele_f": 1419,
        "ele_t": 2780,
        "sz_tot": 4,
        "tipo_tras": "SZ"
    },
    "note": null,
    "scheda": [
        {
            "cod": 1,
            "desc": null,
            "sz_perv": 4,
            "vot_m": 279,
            "vot_f": 317,
            "vot_t": 596,
            "perc_vot": "21,44",
            "sk_bianche": 23,
            "sk_nulle": 1,
            "sk_contestate": 0,
            "voti_si": 511,
            "voti_no": 61,
            "perc_si": "89,34",
            "perc_no": "10,66",
            "dt_agg": 20250609171221
        },
        {
            "cod": 2,
            "desc": null,
            "sz_perv": 4,
            "vot_m": 279,
            "vot_f": 317,
            "vot_t": 596,
            "perc_vot": "21,44",
            "sk_bianche": 27,
            "sk_nulle": 1,
            "sk_contestate": 0,
            "voti_si": 507,
            "voti_no": 61,
            "perc_si": "89,26",
            "perc_no": "10,74",
            "dt_agg": 20250609171254
        },
        {
            "cod": 3,
            "desc": null,
            "sz_perv": 4,
            "vot_m": 279,
            "vot_f": 317,
            "vot_t": 596,
            "perc_vot": "21,44",
            "sk_bianche": 24,
            "sk_nulle": 2,
            "sk_contestate": 0,
            "voti_si": 513,
            "voti_no": 57,
            "perc_si": "90,00",
            "perc_no": "10,00",
            "dt_agg": 20250609171412
        },
        {
            "cod": 4,
            "desc": null,
            "sz_perv": 4,
            "vot_m": 279,
            "vot_f": 317,
            "vot_t": 596,
            "perc_vot": "21,44",
            "sk_bianche": 26,
            "sk_nulle": 3,
            "sk_contestate": 0,
            "voti_si": 492,
            "voti_no": 75,
            "perc_si": "86,77",
            "perc_no": "13,23",
            "dt_agg": 20250609171413
        },
        {
            "cod": 5,
            "desc": null,
            "sz_perv": 4,
            "vot_m": 279,
            "vot_f": 316,
            "vot_t": 595,
            "perc_vot": "21,40",
            "sk_bianche": 30,
            "sk_nulle": 7,
            "sk_contestate": 0,
            "voti_si": 255,
            "voti_no": 303,
            "perc_si": "45,70",
            "perc_no": "54,30",
            "dt_agg": 20250609171503
        }
    ]
}