{
    "int": {
        "st": "ESERCIZIO",
        "t_ele": "Referendum",
        "t_ref": "ABROGATIVO",
        "f_elet": "SCRUTINI",
        "dt_ele": 20250608000000,
        "l_terr": "COMUNE",
        "area": "I",
        "cod_com": 660,
        "desc_com": "PACENTRO",
        "cod_prov": 38,
        "desc_prov": "L'AQUILA",
        "cod_reg": 13,
        "desc_reg": "ABRUZZO",
        "ele_m": 452,
        "ele_f": 446,
        "ele_t": 898,
        "sz_tot": 2,
        "tipo_tras": "SZ"
    },
    "note": null,
    "scheda": [
        {
            "cod": 1,
            "desc": null,
            "sz_perv": 2,
            "vot_m": 133,
            "vot_f": 137,
            "vot_t": 270,
            "perc_vot": "30,07",
            "sk_bianche": 4,
            "sk_nulle": 1,
            "sk_contestate": 0,
            "voti_si": 241,
            "voti_no": 24,
            "perc_si": "90,94",
            "perc_no": "9,06",
            "dt_agg": 20250609161106
        },
        {
            "cod": 2,
            "desc": null,
            "sz_perv": 2,
            "vot_m": 133,
            "vot_f": 137,
            "vot_t": 270,
            "perc_vot": "30,07",
            "sk_bianche": 6,
            "sk_nulle": 1,
            "sk_contestate": 0,
            "voti_si": 244,
            "voti_no": 19,
            "perc_si": "92,78",
            "perc_no": "7,22",
            "dt_agg": 20250609161308
        },
        {
            "cod": 3,
            "desc": null,
            "sz_perv": 2,
            "vot_m": 133,
            "vot_f": 137,
            "vot_t": 270,
            "perc_vot": "30,07",
            "sk_bianche": 9,
            "sk_nulle": 1,
            "sk_contestate": 0,
            "voti_si": 246,
            "voti_no": 14,
            "perc_si": "94,62",
            "perc_no": "5,38",
            "dt_agg": 20250609161331
        },
        {
            "cod": 4,
            "desc": null,
            "sz_perv": 2,
            "vot_m": 133,
            "vot_f": 137,
            "vot_t": 270,
            "perc_vot": "30,07",
            "sk_bianche": 7,
            "sk_nulle": 0,
            "sk_contestate": 0,
            "voti_si": 232,
            "voti_no": 31,
            "perc_si": "88,21",
            "perc_no": "11,79",
            "dt_agg": 20250609161707
        },
        {
            "cod": 5,
            "desc": null,
            "sz_perv": 2,
            "vot_m": 133,
            "vot_f": 137,
            "vot_t": 270,
            "perc_vot": "30,07",
            "sk_bianche": 6,
            "sk_nulle": 1,
            "sk_contestate": 0,
            "voti_si": 195,
            "voti_no": 68,
            "perc_si": "74,14",
            "perc_no": "25,86",
            "dt_agg": 20250609162022
        }
    ]
}