{
    "int": {
        "st": "ESERCIZIO",
        "t_ele": "Referendum",
        "t_ref": "ABROGATIVO",
        "f_elet": "SCRUTINI",
        "dt_ele": 20250608000000,
        "l_terr": "COMUNE",
        "area": "I",
        "cod_com": 730,
        "desc_com": "POGGIO PICENZE",
        "cod_prov": 38,
        "desc_prov": "L'AQUILA",
        "cod_reg": 13,
        "desc_reg": "ABRUZZO",
        "ele_m": 364,
        "ele_f": 401,
        "ele_t": 765,
        "sz_tot": 1,
        "tipo_tras": "SZ"
    },
    "note": null,
    "scheda": [
        {
            "cod": 1,
            "desc": null,
            "sz_perv": 1,
            "vot_m": 100,
            "vot_f": 113,
            "vot_t": 213,
            "perc_vot": "27,84",
            "sk_bianche": 4,
            "sk_nulle": 0,
            "sk_contestate": 0,
            "voti_si": 183,
            "voti_no": 26,
            "perc_si": "87,56",
            "perc_no": "12,44",
            "dt_agg": 20250609175416
        },
        {
            "cod": 2,
            "desc": null,
            "sz_perv": 1,
            "vot_m": 100,
            "vot_f": 113,
            "vot_t": 213,
            "perc_vot": "27,84",
            "sk_bianche": 5,
            "sk_nulle": 0,
            "sk_contestate": 0,
            "voti_si": 177,
            "voti_no": 31,
            "perc_si": "85,10",
            "perc_no": "14,90",
            "dt_agg": 20250609175423
        },
        {
            "cod": 3,
            "desc": null,
            "sz_perv": 1,
            "vot_m": 100,
            "vot_f": 113,
            "vot_t": 213,
            "perc_vot": "27,84",
            "sk_bianche": 4,
            "sk_nulle": 0,
            "sk_contestate": 0,
            "voti_si": 184,
            "voti_no": 25,
            "perc_si": "88,04",
            "perc_no": "11,96",
            "dt_agg": 20250609175445
        },
        {
            "cod": 4,
            "desc": null,
            "sz_perv": 1,
            "vot_m": 100,
            "vot_f": 113,
            "vot_t": 213,
            "perc_vot": "27,84",
            "sk_bianche": 4,
            "sk_nulle": 0,
            "sk_contestate": 0,
            "voti_si": 178,
            "voti_no": 31,
            "perc_si": "85,17",
            "perc_no": "14,83",
            "dt_agg": 20250609175531
        },
        {
            "cod": 5,
            "desc": null,
            "sz_perv": 1,
            "vot_m": 100,
            "vot_f": 113,
            "vot_t": 213,
            "perc_vot": "27,84",
            "sk_bianche": 5,
            "sk_nulle": 0,
            "sk_contestate": 0,
            "voti_si": 120,
            "voti_no": 88,
            "perc_si": "57,69",
            "perc_no": "42,31",
            "dt_agg": 20250609175550
        }
    ]
}