{
    "int": {
        "st": "ESERCIZIO",
        "t_ele": "Referendum",
        "t_ref": "ABROGATIVO",
        "f_elet": "SCRUTINI",
        "dt_ele": 20250608000000,
        "l_terr": "COMUNE",
        "area": "I",
        "cod_com": 950,
        "desc_com": "SCURCOLA MARSICANA",
        "cod_prov": 38,
        "desc_prov": "L'AQUILA",
        "cod_reg": 13,
        "desc_reg": "ABRUZZO",
        "ele_m": 1086,
        "ele_f": 1101,
        "ele_t": 2187,
        "sz_tot": 3,
        "tipo_tras": "SZ"
    },
    "note": null,
    "scheda": [
        {
            "cod": 1,
            "desc": null,
            "sz_perv": 3,
            "vot_m": 255,
            "vot_f": 282,
            "vot_t": 537,
            "perc_vot": "24,55",
            "sk_bianche": 12,
            "sk_nulle": 6,
            "sk_contestate": 0,
            "voti_si": 430,
            "voti_no": 89,
            "perc_si": "82,85",
            "perc_no": "17,15",
            "dt_agg": 20250609171003
        },
        {
            "cod": 2,
            "desc": null,
            "sz_perv": 3,
            "vot_m": 255,
            "vot_f": 282,
            "vot_t": 537,
            "perc_vot": "24,55",
            "sk_bianche": 13,
            "sk_nulle": 8,
            "sk_contestate": 0,
            "voti_si": 419,
            "voti_no": 97,
            "perc_si": "81,20",
            "perc_no": "18,80",
            "dt_agg": 20250609171143
        },
        {
            "cod": 3,
            "desc": null,
            "sz_perv": 3,
            "vot_m": 255,
            "vot_f": 282,
            "vot_t": 537,
            "perc_vot": "24,55",
            "sk_bianche": 12,
            "sk_nulle": 6,
            "sk_contestate": 0,
            "voti_si": 429,
            "voti_no": 90,
            "perc_si": "82,66",
            "perc_no": "17,34",
            "dt_agg": 20250609171144
        },
        {
            "cod": 4,
            "desc": null,
            "sz_perv": 3,
            "vot_m": 255,
            "vot_f": 282,
            "vot_t": 537,
            "perc_vot": "24,55",
            "sk_bianche": 11,
            "sk_nulle": 7,
            "sk_contestate": 0,
            "voti_si": 420,
            "voti_no": 99,
            "perc_si": "80,92",
            "perc_no": "19,08",
            "dt_agg": 20250609171144
        },
        {
            "cod": 5,
            "desc": null,
            "sz_perv": 3,
            "vot_m": 251,
            "vot_f": 281,
            "vot_t": 532,
            "perc_vot": "24,33",
            "sk_bianche": 10,
            "sk_nulle": 10,
            "sk_contestate": 0,
            "voti_si": 285,
            "voti_no": 227,
            "perc_si": "55,66",
            "perc_no": "44,34",
            "dt_agg": 20250609171153
        }
    ]
}