{
    "int": {
        "st": "ESERCIZIO",
        "t_ele": "Referendum",
        "t_ref": "ABROGATIVO",
        "f_elet": "SCRUTINI",
        "dt_ele": 20250608000000,
        "l_terr": "COMUNE",
        "area": "I",
        "cod_com": 1031,
        "desc_com": "VILLA SANT'ANGELO",
        "cod_prov": 38,
        "desc_prov": "L'AQUILA",
        "cod_reg": 13,
        "desc_reg": "ABRUZZO",
        "ele_m": 185,
        "ele_f": 211,
        "ele_t": 396,
        "sz_tot": 1,
        "tipo_tras": "SZ"
    },
    "note": null,
    "scheda": [
        {
            "cod": 1,
            "desc": null,
            "sz_perv": 1,
            "vot_m": 58,
            "vot_f": 75,
            "vot_t": 133,
            "perc_vot": "33,59",
            "sk_bianche": 7,
            "sk_nulle": 4,
            "sk_contestate": 0,
            "voti_si": 113,
            "voti_no": 9,
            "perc_si": "92,62",
            "perc_no": "7,38",
            "dt_agg": 20250609165125
        },
        {
            "cod": 2,
            "desc": null,
            "sz_perv": 1,
            "vot_m": 58,
            "vot_f": 75,
            "vot_t": 133,
            "perc_vot": "33,59",
            "sk_bianche": 7,
            "sk_nulle": 3,
            "sk_contestate": 0,
            "voti_si": 114,
            "voti_no": 9,
            "perc_si": "92,68",
            "perc_no": "7,32",
            "dt_agg": 20250609165338
        },
        {
            "cod": 3,
            "desc": null,
            "sz_perv": 1,
            "vot_m": 58,
            "vot_f": 75,
            "vot_t": 133,
            "perc_vot": "33,59",
            "sk_bianche": 7,
            "sk_nulle": 3,
            "sk_contestate": 0,
            "voti_si": 113,
            "voti_no": 10,
            "perc_si": "91,87",
            "perc_no": "8,13",
            "dt_agg": 20250609165445
        },
        {
            "cod": 4,
            "desc": null,
            "sz_perv": 1,
            "vot_m": 58,
            "vot_f": 75,
            "vot_t": 133,
            "perc_vot": "33,59",
            "sk_bianche": 7,
            "sk_nulle": 3,
            "sk_contestate": 0,
            "voti_si": 104,
            "voti_no": 19,
            "perc_si": "84,55",
            "perc_no": "15,45",
            "dt_agg": 20250609165534
        },
        {
            "cod": 5,
            "desc": null,
            "sz_perv": 1,
            "vot_m": 58,
            "vot_f": 75,
            "vot_t": 133,
            "perc_vot": "33,59",
            "sk_bianche": 8,
            "sk_nulle": 1,
            "sk_contestate": 0,
            "voti_si": 77,
            "voti_no": 47,
            "perc_si": "62,10",
            "perc_no": "37,90",
            "dt_agg": 20250609165640
        }
    ]
}