{
    "int": {
        "st": "ESERCIZIO",
        "t_ele": "Referendum",
        "t_ref": "ABROGATIVO",
        "f_elet": "SCRUTINI",
        "dt_ele": 20250608000000,
        "l_terr": "COMUNE",
        "area": "I",
        "cod_com": 140,
        "desc_com": "CALASCIO",
        "cod_prov": 38,
        "desc_prov": "L'AQUILA",
        "cod_reg": 13,
        "desc_reg": "ABRUZZO",
        "ele_m": 57,
        "ele_f": 48,
        "ele_t": 105,
        "sz_tot": 1,
        "tipo_tras": "SZ"
    },
    "note": null,
    "scheda": [
        {
            "cod": 1,
            "desc": null,
            "sz_perv": 1,
            "vot_m": 20,
            "vot_f": 24,
            "vot_t": 44,
            "perc_vot": "41,90",
            "sk_bianche": 1,
            "sk_nulle": 2,
            "sk_contestate": 0,
            "voti_si": 32,
            "voti_no": 9,
            "perc_si": "78,05",
            "perc_no": "21,95",
            "dt_agg": 20250609154435
        },
        {
            "cod": 2,
            "desc": null,
            "sz_perv": 1,
            "vot_m": 20,
            "vot_f": 24,
            "vot_t": 44,
            "perc_vot": "41,90",
            "sk_bianche": 1,
            "sk_nulle": 2,
            "sk_contestate": 0,
            "voti_si": 29,
            "voti_no": 12,
            "perc_si": "70,73",
            "perc_no": "29,27",
            "dt_agg": 20250609155425
        },
        {
            "cod": 3,
            "desc": null,
            "sz_perv": 1,
            "vot_m": 20,
            "vot_f": 24,
            "vot_t": 44,
            "perc_vot": "41,90",
            "sk_bianche": 1,
            "sk_nulle": 2,
            "sk_contestate": 0,
            "voti_si": 32,
            "voti_no": 9,
            "perc_si": "78,05",
            "perc_no": "21,95",
            "dt_agg": 20250609160529
        },
        {
            "cod": 4,
            "desc": null,
            "sz_perv": 1,
            "vot_m": 20,
            "vot_f": 24,
            "vot_t": 44,
            "perc_vot": "41,90",
            "sk_bianche": 1,
            "sk_nulle": 2,
            "sk_contestate": 0,
            "voti_si": 35,
            "voti_no": 6,
            "perc_si": "85,37",
            "perc_no": "14,63",
            "dt_agg": 20250609160940
        },
        {
            "cod": 5,
            "desc": null,
            "sz_perv": 1,
            "vot_m": 20,
            "vot_f": 24,
            "vot_t": 44,
            "perc_vot": "41,90",
            "sk_bianche": 1,
            "sk_nulle": 2,
            "sk_contestate": 0,
            "voti_si": 33,
            "voti_no": 8,
            "perc_si": "80,49",
            "perc_no": "19,51",
            "dt_agg": 20250609161755
        }
    ]
}