{
    "int": {
        "st": "ESERCIZIO",
        "t_ele": "Referendum",
        "t_ref": "ABROGATIVO",
        "f_elet": "SCRUTINI",
        "dt_ele": 20250608000000,
        "l_terr": "COMUNE",
        "area": "I",
        "cod_com": 340,
        "desc_com": "CIVITA D'ANTINO",
        "cod_prov": 38,
        "desc_prov": "L'AQUILA",
        "cod_reg": 13,
        "desc_reg": "ABRUZZO",
        "ele_m": 373,
        "ele_f": 383,
        "ele_t": 756,
        "sz_tot": 3,
        "tipo_tras": "SZ"
    },
    "note": null,
    "scheda": [
        {
            "cod": 1,
            "desc": null,
            "sz_perv": 3,
            "vot_m": 69,
            "vot_f": 80,
            "vot_t": 149,
            "perc_vot": "19,71",
            "sk_bianche": 2,
            "sk_nulle": 2,
            "sk_contestate": 0,
            "voti_si": 134,
            "voti_no": 11,
            "perc_si": "92,41",
            "perc_no": "7,59",
            "dt_agg": 20250609161546
        },
        {
            "cod": 2,
            "desc": null,
            "sz_perv": 3,
            "vot_m": 69,
            "vot_f": 80,
            "vot_t": 149,
            "perc_vot": "19,71",
            "sk_bianche": 1,
            "sk_nulle": 1,
            "sk_contestate": 0,
            "voti_si": 130,
            "voti_no": 17,
            "perc_si": "88,44",
            "perc_no": "11,56",
            "dt_agg": 20250609161308
        },
        {
            "cod": 3,
            "desc": null,
            "sz_perv": 3,
            "vot_m": 69,
            "vot_f": 80,
            "vot_t": 149,
            "perc_vot": "19,71",
            "sk_bianche": 1,
            "sk_nulle": 1,
            "sk_contestate": 0,
            "voti_si": 133,
            "voti_no": 14,
            "perc_si": "90,48",
            "perc_no": "9,52",
            "dt_agg": 20250609161720
        },
        {
            "cod": 4,
            "desc": null,
            "sz_perv": 3,
            "vot_m": 69,
            "vot_f": 80,
            "vot_t": 149,
            "perc_vot": "19,71",
            "sk_bianche": 2,
            "sk_nulle": 2,
            "sk_contestate": 0,
            "voti_si": 119,
            "voti_no": 26,
            "perc_si": "82,07",
            "perc_no": "17,93",
            "dt_agg": 20250609161812
        },
        {
            "cod": 5,
            "desc": null,
            "sz_perv": 3,
            "vot_m": 69,
            "vot_f": 80,
            "vot_t": 149,
            "perc_vot": "19,71",
            "sk_bianche": 4,
            "sk_nulle": 1,
            "sk_contestate": 0,
            "voti_si": 73,
            "voti_no": 71,
            "perc_si": "50,69",
            "perc_no": "49,31",
            "dt_agg": 20250609162750
        }
    ]
}