{
    "int": {
        "st": "ESERCIZIO",
        "t_ele": "Referendum",
        "t_ref": "ABROGATIVO",
        "f_elet": "SCRUTINI",
        "dt_ele": 20250608000000,
        "l_terr": "COMUNE",
        "area": "I",
        "cod_com": 90,
        "desc_com": "BARISCIANO",
        "cod_prov": 38,
        "desc_prov": "L'AQUILA",
        "cod_reg": 13,
        "desc_reg": "ABRUZZO",
        "ele_m": 629,
        "ele_f": 633,
        "ele_t": 1262,
        "sz_tot": 3,
        "tipo_tras": "SZ"
    },
    "note": null,
    "scheda": [
        {
            "cod": 1,
            "desc": null,
            "sz_perv": 3,
            "vot_m": 174,
            "vot_f": 182,
            "vot_t": 356,
            "perc_vot": "28,21",
            "sk_bianche": 6,
            "sk_nulle": 3,
            "sk_contestate": 0,
            "voti_si": 310,
            "voti_no": 37,
            "perc_si": "89,34",
            "perc_no": "10,66",
            "dt_agg": 20250609165915
        },
        {
            "cod": 2,
            "desc": null,
            "sz_perv": 3,
            "vot_m": 174,
            "vot_f": 182,
            "vot_t": 356,
            "perc_vot": "28,21",
            "sk_bianche": 8,
            "sk_nulle": 5,
            "sk_contestate": 0,
            "voti_si": 299,
            "voti_no": 44,
            "perc_si": "87,17",
            "perc_no": "12,83",
            "dt_agg": 20250609165950
        },
        {
            "cod": 3,
            "desc": null,
            "sz_perv": 3,
            "vot_m": 174,
            "vot_f": 182,
            "vot_t": 356,
            "perc_vot": "28,21",
            "sk_bianche": 10,
            "sk_nulle": 4,
            "sk_contestate": 0,
            "voti_si": 306,
            "voti_no": 36,
            "perc_si": "89,47",
            "perc_no": "10,53",
            "dt_agg": 20250609170059
        },
        {
            "cod": 4,
            "desc": null,
            "sz_perv": 3,
            "vot_m": 174,
            "vot_f": 182,
            "vot_t": 356,
            "perc_vot": "28,21",
            "sk_bianche": 12,
            "sk_nulle": 5,
            "sk_contestate": 0,
            "voti_si": 287,
            "voti_no": 52,
            "perc_si": "84,66",
            "perc_no": "15,34",
            "dt_agg": 20250609170100
        },
        {
            "cod": 5,
            "desc": null,
            "sz_perv": 3,
            "vot_m": 174,
            "vot_f": 182,
            "vot_t": 356,
            "perc_vot": "28,21",
            "sk_bianche": 11,
            "sk_nulle": 5,
            "sk_contestate": 0,
            "voti_si": 181,
            "voti_no": 159,
            "perc_si": "53,24",
            "perc_no": "46,76",
            "dt_agg": 20250609170158
        }
    ]
}