{
    "int": {
        "st": "ESERCIZIO",
        "t_ele": "Referendum",
        "t_ref": "ABROGATIVO",
        "f_elet": "SCRUTINI",
        "dt_ele": 20250608000000,
        "l_terr": "COMUNE",
        "area": "I",
        "cod_com": 960,
        "desc_com": "SECINARO",
        "cod_prov": 38,
        "desc_prov": "L'AQUILA",
        "cod_reg": 13,
        "desc_reg": "ABRUZZO",
        "ele_m": 137,
        "ele_f": 119,
        "ele_t": 256,
        "sz_tot": 1,
        "tipo_tras": "SZ"
    },
    "note": null,
    "scheda": [
        {
            "cod": 1,
            "desc": null,
            "sz_perv": 1,
            "vot_m": 43,
            "vot_f": 44,
            "vot_t": 87,
            "perc_vot": "33,98",
            "sk_bianche": 3,
            "sk_nulle": 3,
            "sk_contestate": 0,
            "voti_si": 65,
            "voti_no": 16,
            "perc_si": "80,25",
            "perc_no": "19,75",
            "dt_agg": 20250609165222
        },
        {
            "cod": 2,
            "desc": null,
            "sz_perv": 1,
            "vot_m": 43,
            "vot_f": 44,
            "vot_t": 87,
            "perc_vot": "33,98",
            "sk_bianche": 3,
            "sk_nulle": 4,
            "sk_contestate": 0,
            "voti_si": 64,
            "voti_no": 16,
            "perc_si": "80,00",
            "perc_no": "20,00",
            "dt_agg": 20250609165338
        },
        {
            "cod": 3,
            "desc": null,
            "sz_perv": 1,
            "vot_m": 43,
            "vot_f": 44,
            "vot_t": 87,
            "perc_vot": "33,98",
            "sk_bianche": 3,
            "sk_nulle": 3,
            "sk_contestate": 0,
            "voti_si": 66,
            "voti_no": 15,
            "perc_si": "81,48",
            "perc_no": "18,52",
            "dt_agg": 20250609165414
        },
        {
            "cod": 4,
            "desc": null,
            "sz_perv": 1,
            "vot_m": 43,
            "vot_f": 44,
            "vot_t": 87,
            "perc_vot": "33,98",
            "sk_bianche": 3,
            "sk_nulle": 3,
            "sk_contestate": 0,
            "voti_si": 63,
            "voti_no": 18,
            "perc_si": "77,78",
            "perc_no": "22,22",
            "dt_agg": 20250609165445
        },
        {
            "cod": 5,
            "desc": null,
            "sz_perv": 1,
            "vot_m": 43,
            "vot_f": 43,
            "vot_t": 86,
            "perc_vot": "33,59",
            "sk_bianche": 1,
            "sk_nulle": 3,
            "sk_contestate": 0,
            "voti_si": 43,
            "voti_no": 39,
            "perc_si": "52,44",
            "perc_no": "47,56",
            "dt_agg": 20250609165631
        }
    ]
}