{
    "int": {
        "st": "ESERCIZIO",
        "t_ele": "Referendum",
        "t_ref": "ABROGATIVO",
        "f_elet": "SCRUTINI",
        "dt_ele": 20250608000000,
        "l_terr": "COMUNE",
        "area": "I",
        "cod_com": 940,
        "desc_com": "SCOPPITO",
        "cod_prov": 38,
        "desc_prov": "L'AQUILA",
        "cod_reg": 13,
        "desc_reg": "ABRUZZO",
        "ele_m": 1444,
        "ele_f": 1431,
        "ele_t": 2875,
        "sz_tot": 3,
        "tipo_tras": "SZ"
    },
    "note": null,
    "scheda": [
        {
            "cod": 1,
            "desc": null,
            "sz_perv": 3,
            "vot_m": 372,
            "vot_f": 455,
            "vot_t": 827,
            "perc_vot": "28,77",
            "sk_bianche": 8,
            "sk_nulle": 2,
            "sk_contestate": 0,
            "voti_si": 764,
            "voti_no": 53,
            "perc_si": "93,51",
            "perc_no": "6,49",
            "dt_agg": 20250609190512
        },
        {
            "cod": 2,
            "desc": null,
            "sz_perv": 3,
            "vot_m": 372,
            "vot_f": 454,
            "vot_t": 826,
            "perc_vot": "28,73",
            "sk_bianche": 11,
            "sk_nulle": 1,
            "sk_contestate": 0,
            "voti_si": 742,
            "voti_no": 72,
            "perc_si": "91,15",
            "perc_no": "8,85",
            "dt_agg": 20250609190556
        },
        {
            "cod": 3,
            "desc": null,
            "sz_perv": 3,
            "vot_m": 372,
            "vot_f": 455,
            "vot_t": 827,
            "perc_vot": "28,77",
            "sk_bianche": 11,
            "sk_nulle": 3,
            "sk_contestate": 0,
            "voti_si": 750,
            "voti_no": 63,
            "perc_si": "92,25",
            "perc_no": "7,75",
            "dt_agg": 20250609190727
        },
        {
            "cod": 4,
            "desc": null,
            "sz_perv": 3,
            "vot_m": 372,
            "vot_f": 454,
            "vot_t": 826,
            "perc_vot": "28,73",
            "sk_bianche": 9,
            "sk_nulle": 2,
            "sk_contestate": 0,
            "voti_si": 722,
            "voti_no": 93,
            "perc_si": "88,59",
            "perc_no": "11,41",
            "dt_agg": 20250609190727
        },
        {
            "cod": 5,
            "desc": null,
            "sz_perv": 3,
            "vot_m": 371,
            "vot_f": 454,
            "vot_t": 825,
            "perc_vot": "28,70",
            "sk_bianche": 18,
            "sk_nulle": 3,
            "sk_contestate": 0,
            "voti_si": 514,
            "voti_no": 290,
            "perc_si": "63,93",
            "perc_no": "36,07",
            "dt_agg": 20250609190806
        }
    ]
}