{
    "int": {
        "st": "ESERCIZIO",
        "t_ele": "Referendum",
        "t_ref": "ABROGATIVO",
        "f_elet": "SCRUTINI",
        "dt_ele": 20250608000000,
        "l_terr": "COMUNE",
        "area": "I",
        "cod_com": 410,
        "desc_com": "CORFINIO",
        "cod_prov": 38,
        "desc_prov": "L'AQUILA",
        "cod_reg": 13,
        "desc_reg": "ABRUZZO",
        "ele_m": 423,
        "ele_f": 364,
        "ele_t": 787,
        "sz_tot": 1,
        "tipo_tras": "SZ"
    },
    "note": null,
    "scheda": [
        {
            "cod": 1,
            "desc": null,
            "sz_perv": 1,
            "vot_m": 109,
            "vot_f": 99,
            "vot_t": 208,
            "perc_vot": "26,43",
            "sk_bianche": 3,
            "sk_nulle": 2,
            "sk_contestate": 0,
            "voti_si": 185,
            "voti_no": 18,
            "perc_si": "91,13",
            "perc_no": "8,87",
            "dt_agg": 20250609155928
        },
        {
            "cod": 2,
            "desc": null,
            "sz_perv": 1,
            "vot_m": 109,
            "vot_f": 99,
            "vot_t": 208,
            "perc_vot": "26,43",
            "sk_bianche": 3,
            "sk_nulle": 2,
            "sk_contestate": 0,
            "voti_si": 189,
            "voti_no": 14,
            "perc_si": "93,10",
            "perc_no": "6,90",
            "dt_agg": 20250609161441
        },
        {
            "cod": 3,
            "desc": null,
            "sz_perv": 1,
            "vot_m": 109,
            "vot_f": 99,
            "vot_t": 208,
            "perc_vot": "26,43",
            "sk_bianche": 4,
            "sk_nulle": 2,
            "sk_contestate": 0,
            "voti_si": 186,
            "voti_no": 16,
            "perc_si": "92,08",
            "perc_no": "7,92",
            "dt_agg": 20250609163507
        },
        {
            "cod": 4,
            "desc": null,
            "sz_perv": 1,
            "vot_m": 110,
            "vot_f": 99,
            "vot_t": 209,
            "perc_vot": "26,56",
            "sk_bianche": 4,
            "sk_nulle": 2,
            "sk_contestate": 0,
            "voti_si": 186,
            "voti_no": 17,
            "perc_si": "91,63",
            "perc_no": "8,37",
            "dt_agg": 20250609170600
        },
        {
            "cod": 5,
            "desc": null,
            "sz_perv": 1,
            "vot_m": 107,
            "vot_f": 99,
            "vot_t": 206,
            "perc_vot": "26,18",
            "sk_bianche": 4,
            "sk_nulle": 2,
            "sk_contestate": 0,
            "voti_si": 133,
            "voti_no": 67,
            "perc_si": "66,50",
            "perc_no": "33,50",
            "dt_agg": 20250609170718
        }
    ]
}