{
    "int": {
        "st": "ESERCIZIO",
        "t_ele": "Referendum",
        "t_ref": "ABROGATIVO",
        "f_elet": "SCRUTINI",
        "dt_ele": 20250608000000,
        "l_terr": "COMUNE",
        "area": "I",
        "cod_com": 100,
        "desc_com": "BARREA",
        "cod_prov": 38,
        "desc_prov": "L'AQUILA",
        "cod_reg": 13,
        "desc_reg": "ABRUZZO",
        "ele_m": 299,
        "ele_f": 288,
        "ele_t": 587,
        "sz_tot": 1,
        "tipo_tras": "SZ"
    },
    "note": null,
    "scheda": [
        {
            "cod": 1,
            "desc": null,
            "sz_perv": 1,
            "vot_m": 46,
            "vot_f": 52,
            "vot_t": 98,
            "perc_vot": "16,70",
            "sk_bianche": 3,
            "sk_nulle": 2,
            "sk_contestate": 0,
            "voti_si": 79,
            "voti_no": 14,
            "perc_si": "84,95",
            "perc_no": "15,05",
            "dt_agg": 20250609190907
        },
        {
            "cod": 2,
            "desc": null,
            "sz_perv": 1,
            "vot_m": 46,
            "vot_f": 52,
            "vot_t": 98,
            "perc_vot": "16,70",
            "sk_bianche": 4,
            "sk_nulle": 1,
            "sk_contestate": 0,
            "voti_si": 78,
            "voti_no": 15,
            "perc_si": "83,87",
            "perc_no": "16,13",
            "dt_agg": 20250609190931
        },
        {
            "cod": 3,
            "desc": null,
            "sz_perv": 1,
            "vot_m": 46,
            "vot_f": 52,
            "vot_t": 98,
            "perc_vot": "16,70",
            "sk_bianche": 3,
            "sk_nulle": 0,
            "sk_contestate": 0,
            "voti_si": 81,
            "voti_no": 14,
            "perc_si": "85,26",
            "perc_no": "14,74",
            "dt_agg": 20250609191006
        },
        {
            "cod": 4,
            "desc": null,
            "sz_perv": 1,
            "vot_m": 46,
            "vot_f": 52,
            "vot_t": 98,
            "perc_vot": "16,70",
            "sk_bianche": 1,
            "sk_nulle": 0,
            "sk_contestate": 0,
            "voti_si": 78,
            "voti_no": 19,
            "perc_si": "80,41",
            "perc_no": "19,59",
            "dt_agg": 20250609191047
        },
        {
            "cod": 5,
            "desc": null,
            "sz_perv": 1,
            "vot_m": 46,
            "vot_f": 52,
            "vot_t": 98,
            "perc_vot": "16,70",
            "sk_bianche": 1,
            "sk_nulle": 0,
            "sk_contestate": 0,
            "voti_si": 63,
            "voti_no": 34,
            "perc_si": "64,95",
            "perc_no": "35,05",
            "dt_agg": 20250609191119
        }
    ]
}