{
    "int": {
        "st": "ESERCIZIO",
        "t_ele": "Referendum",
        "t_ref": "ABROGATIVO",
        "f_elet": "SCRUTINI",
        "dt_ele": 20250608000000,
        "l_terr": "COMUNE",
        "area": "I",
        "cod_com": 890,
        "desc_com": "SANTE MARIE",
        "cod_prov": 38,
        "desc_prov": "L'AQUILA",
        "cod_reg": 13,
        "desc_reg": "ABRUZZO",
        "ele_m": 476,
        "ele_f": 458,
        "ele_t": 934,
        "sz_tot": 5,
        "tipo_tras": "SZ"
    },
    "note": null,
    "scheda": [
        {
            "cod": 1,
            "desc": null,
            "sz_perv": 5,
            "vot_m": 126,
            "vot_f": 115,
            "vot_t": 241,
            "perc_vot": "25,80",
            "sk_bianche": 10,
            "sk_nulle": 5,
            "sk_contestate": 0,
            "voti_si": 187,
            "voti_no": 39,
            "perc_si": "82,74",
            "perc_no": "17,26",
            "dt_agg": 20250609172235
        },
        {
            "cod": 2,
            "desc": null,
            "sz_perv": 5,
            "vot_m": 126,
            "vot_f": 115,
            "vot_t": 241,
            "perc_vot": "25,80",
            "sk_bianche": 8,
            "sk_nulle": 4,
            "sk_contestate": 0,
            "voti_si": 187,
            "voti_no": 42,
            "perc_si": "81,66",
            "perc_no": "18,34",
            "dt_agg": 20250609172305
        },
        {
            "cod": 3,
            "desc": null,
            "sz_perv": 5,
            "vot_m": 126,
            "vot_f": 115,
            "vot_t": 241,
            "perc_vot": "25,80",
            "sk_bianche": 6,
            "sk_nulle": 5,
            "sk_contestate": 0,
            "voti_si": 187,
            "voti_no": 43,
            "perc_si": "81,30",
            "perc_no": "18,70",
            "dt_agg": 20250609172701
        },
        {
            "cod": 4,
            "desc": null,
            "sz_perv": 5,
            "vot_m": 126,
            "vot_f": 115,
            "vot_t": 241,
            "perc_vot": "25,80",
            "sk_bianche": 8,
            "sk_nulle": 5,
            "sk_contestate": 0,
            "voti_si": 189,
            "voti_no": 39,
            "perc_si": "82,89",
            "perc_no": "17,11",
            "dt_agg": 20250609172702
        },
        {
            "cod": 5,
            "desc": null,
            "sz_perv": 5,
            "vot_m": 126,
            "vot_f": 115,
            "vot_t": 241,
            "perc_vot": "25,80",
            "sk_bianche": 3,
            "sk_nulle": 5,
            "sk_contestate": 0,
            "voti_si": 133,
            "voti_no": 100,
            "perc_si": "57,08",
            "perc_no": "42,92",
            "dt_agg": 20250609172638
        }
    ]
}