{
    "int": {
        "st": "ESERCIZIO",
        "t_ele": "Referendum",
        "t_ref": "ABROGATIVO",
        "f_elet": "SCRUTINI",
        "dt_ele": 20250608000000,
        "l_terr": "COMUNE",
        "area": "I",
        "cod_com": 120,
        "desc_com": "BUGNARA",
        "cod_prov": 38,
        "desc_prov": "L'AQUILA",
        "cod_reg": 13,
        "desc_reg": "ABRUZZO",
        "ele_m": 433,
        "ele_f": 416,
        "ele_t": 849,
        "sz_tot": 2,
        "tipo_tras": "SZ"
    },
    "note": null,
    "scheda": [
        {
            "cod": 1,
            "desc": null,
            "sz_perv": 2,
            "vot_m": 106,
            "vot_f": 109,
            "vot_t": 215,
            "perc_vot": "25,32",
            "sk_bianche": 5,
            "sk_nulle": 4,
            "sk_contestate": 0,
            "voti_si": 178,
            "voti_no": 28,
            "perc_si": "86,41",
            "perc_no": "13,59",
            "dt_agg": 20250609170811
        },
        {
            "cod": 2,
            "desc": null,
            "sz_perv": 2,
            "vot_m": 106,
            "vot_f": 109,
            "vot_t": 215,
            "perc_vot": "25,32",
            "sk_bianche": 2,
            "sk_nulle": 4,
            "sk_contestate": 0,
            "voti_si": 177,
            "voti_no": 32,
            "perc_si": "84,69",
            "perc_no": "15,31",
            "dt_agg": 20250609170811
        },
        {
            "cod": 3,
            "desc": null,
            "sz_perv": 2,
            "vot_m": 106,
            "vot_f": 109,
            "vot_t": 215,
            "perc_vot": "25,32",
            "sk_bianche": 4,
            "sk_nulle": 4,
            "sk_contestate": 0,
            "voti_si": 173,
            "voti_no": 34,
            "perc_si": "83,57",
            "perc_no": "16,43",
            "dt_agg": 20250609170853
        },
        {
            "cod": 4,
            "desc": null,
            "sz_perv": 2,
            "vot_m": 106,
            "vot_f": 109,
            "vot_t": 215,
            "perc_vot": "25,32",
            "sk_bianche": 3,
            "sk_nulle": 4,
            "sk_contestate": 0,
            "voti_si": 172,
            "voti_no": 36,
            "perc_si": "82,69",
            "perc_no": "17,31",
            "dt_agg": 20250609170938
        },
        {
            "cod": 5,
            "desc": null,
            "sz_perv": 2,
            "vot_m": 105,
            "vot_f": 109,
            "vot_t": 214,
            "perc_vot": "25,21",
            "sk_bianche": 5,
            "sk_nulle": 4,
            "sk_contestate": 0,
            "voti_si": 114,
            "voti_no": 91,
            "perc_si": "55,61",
            "perc_no": "44,39",
            "dt_agg": 20250609171917
        }
    ]
}