{
    "int": {
        "st": "ESERCIZIO",
        "t_ele": "Referendum",
        "t_ref": "ABROGATIVO",
        "f_elet": "SCRUTINI",
        "dt_ele": 20250608000000,
        "l_terr": "COMUNE",
        "area": "I",
        "cod_com": 260,
        "desc_com": "CASTEL DEL MONTE",
        "cod_prov": 38,
        "desc_prov": "L'AQUILA",
        "cod_reg": 13,
        "desc_reg": "ABRUZZO",
        "ele_m": 147,
        "ele_f": 116,
        "ele_t": 263,
        "sz_tot": 1,
        "tipo_tras": "SZ"
    },
    "note": null,
    "scheda": [
        {
            "cod": 1,
            "desc": null,
            "sz_perv": 1,
            "vot_m": 34,
            "vot_f": 27,
            "vot_t": 61,
            "perc_vot": "23,19",
            "sk_bianche": 1,
            "sk_nulle": 0,
            "sk_contestate": 0,
            "voti_si": 55,
            "voti_no": 5,
            "perc_si": "91,67",
            "perc_no": "8,33",
            "dt_agg": 20250609153741
        },
        {
            "cod": 2,
            "desc": null,
            "sz_perv": 1,
            "vot_m": 34,
            "vot_f": 27,
            "vot_t": 61,
            "perc_vot": "23,19",
            "sk_bianche": 1,
            "sk_nulle": 0,
            "sk_contestate": 0,
            "voti_si": 54,
            "voti_no": 6,
            "perc_si": "90,00",
            "perc_no": "10,00",
            "dt_agg": 20250609153839
        },
        {
            "cod": 3,
            "desc": null,
            "sz_perv": 1,
            "vot_m": 34,
            "vot_f": 27,
            "vot_t": 61,
            "perc_vot": "23,19",
            "sk_bianche": 1,
            "sk_nulle": 0,
            "sk_contestate": 0,
            "voti_si": 54,
            "voti_no": 6,
            "perc_si": "90,00",
            "perc_no": "10,00",
            "dt_agg": 20250609153916
        },
        {
            "cod": 4,
            "desc": null,
            "sz_perv": 1,
            "vot_m": 34,
            "vot_f": 27,
            "vot_t": 61,
            "perc_vot": "23,19",
            "sk_bianche": 1,
            "sk_nulle": 0,
            "sk_contestate": 0,
            "voti_si": 54,
            "voti_no": 6,
            "perc_si": "90,00",
            "perc_no": "10,00",
            "dt_agg": 20250609153945
        },
        {
            "cod": 5,
            "desc": null,
            "sz_perv": 1,
            "vot_m": 34,
            "vot_f": 27,
            "vot_t": 61,
            "perc_vot": "23,19",
            "sk_bianche": 2,
            "sk_nulle": 0,
            "sk_contestate": 0,
            "voti_si": 47,
            "voti_no": 12,
            "perc_si": "79,66",
            "perc_no": "20,34",
            "dt_agg": 20250609154022
        }
    ]
}