{
    "int": {
        "st": "ESERCIZIO",
        "t_ele": "Referendum",
        "t_ref": "ABROGATIVO",
        "f_elet": "SCRUTINI",
        "dt_ele": 20250608000000,
        "l_terr": "COMUNE",
        "area": "I",
        "cod_com": 590,
        "desc_com": "OCRE",
        "cod_prov": 38,
        "desc_prov": "L'AQUILA",
        "cod_reg": 13,
        "desc_reg": "ABRUZZO",
        "ele_m": 454,
        "ele_f": 431,
        "ele_t": 885,
        "sz_tot": 2,
        "tipo_tras": "SZ"
    },
    "note": null,
    "scheda": [
        {
            "cod": 1,
            "desc": null,
            "sz_perv": 2,
            "vot_m": 135,
            "vot_f": 145,
            "vot_t": 280,
            "perc_vot": "31,64",
            "sk_bianche": 7,
            "sk_nulle": 1,
            "sk_contestate": 0,
            "voti_si": 250,
            "voti_no": 22,
            "perc_si": "91,91",
            "perc_no": "8,09",
            "dt_agg": 20250609171411
        },
        {
            "cod": 2,
            "desc": null,
            "sz_perv": 2,
            "vot_m": 135,
            "vot_f": 145,
            "vot_t": 280,
            "perc_vot": "31,64",
            "sk_bianche": 7,
            "sk_nulle": 1,
            "sk_contestate": 0,
            "voti_si": 246,
            "voti_no": 26,
            "perc_si": "90,44",
            "perc_no": "9,56",
            "dt_agg": 20250609171412
        },
        {
            "cod": 3,
            "desc": null,
            "sz_perv": 2,
            "vot_m": 135,
            "vot_f": 145,
            "vot_t": 280,
            "perc_vot": "31,64",
            "sk_bianche": 10,
            "sk_nulle": 3,
            "sk_contestate": 0,
            "voti_si": 241,
            "voti_no": 26,
            "perc_si": "90,26",
            "perc_no": "9,74",
            "dt_agg": 20250609171413
        },
        {
            "cod": 4,
            "desc": null,
            "sz_perv": 2,
            "vot_m": 135,
            "vot_f": 145,
            "vot_t": 280,
            "perc_vot": "31,64",
            "sk_bianche": 7,
            "sk_nulle": 2,
            "sk_contestate": 0,
            "voti_si": 241,
            "voti_no": 30,
            "perc_si": "88,93",
            "perc_no": "11,07",
            "dt_agg": 20250609171451
        },
        {
            "cod": 5,
            "desc": null,
            "sz_perv": 2,
            "vot_m": 135,
            "vot_f": 145,
            "vot_t": 280,
            "perc_vot": "31,64",
            "sk_bianche": 5,
            "sk_nulle": 1,
            "sk_contestate": 0,
            "voti_si": 182,
            "voti_no": 92,
            "perc_si": "66,42",
            "perc_no": "33,58",
            "dt_agg": 20250609171437
        }
    ]
}