{
    "int": {
        "st": "ESERCIZIO",
        "t_ele": "Referendum",
        "t_ref": "ABROGATIVO",
        "f_elet": "SCRUTINI",
        "dt_ele": 20250608000000,
        "l_terr": "COMUNE",
        "area": "I",
        "cod_com": 891,
        "desc_com": "SANT'EUSANIO FORCONESE",
        "cod_prov": 38,
        "desc_prov": "L'AQUILA",
        "cod_reg": 13,
        "desc_reg": "ABRUZZO",
        "ele_m": 143,
        "ele_f": 147,
        "ele_t": 290,
        "sz_tot": 2,
        "tipo_tras": "SZ"
    },
    "note": null,
    "scheda": [
        {
            "cod": 1,
            "desc": null,
            "sz_perv": 2,
            "vot_m": 40,
            "vot_f": 50,
            "vot_t": 90,
            "perc_vot": "31,03",
            "sk_bianche": 1,
            "sk_nulle": 0,
            "sk_contestate": 0,
            "voti_si": 83,
            "voti_no": 6,
            "perc_si": "93,26",
            "perc_no": "6,74",
            "dt_agg": 20250609183952
        },
        {
            "cod": 2,
            "desc": null,
            "sz_perv": 2,
            "vot_m": 40,
            "vot_f": 50,
            "vot_t": 90,
            "perc_vot": "31,03",
            "sk_bianche": 2,
            "sk_nulle": 0,
            "sk_contestate": 0,
            "voti_si": 78,
            "voti_no": 10,
            "perc_si": "88,64",
            "perc_no": "11,36",
            "dt_agg": 20250609183952
        },
        {
            "cod": 3,
            "desc": null,
            "sz_perv": 2,
            "vot_m": 40,
            "vot_f": 50,
            "vot_t": 90,
            "perc_vot": "31,03",
            "sk_bianche": 1,
            "sk_nulle": 0,
            "sk_contestate": 0,
            "voti_si": 82,
            "voti_no": 7,
            "perc_si": "92,13",
            "perc_no": "7,87",
            "dt_agg": 20250609184013
        },
        {
            "cod": 4,
            "desc": null,
            "sz_perv": 2,
            "vot_m": 40,
            "vot_f": 50,
            "vot_t": 90,
            "perc_vot": "31,03",
            "sk_bianche": 2,
            "sk_nulle": 0,
            "sk_contestate": 0,
            "voti_si": 75,
            "voti_no": 13,
            "perc_si": "85,23",
            "perc_no": "14,77",
            "dt_agg": 20250609184059
        },
        {
            "cod": 5,
            "desc": null,
            "sz_perv": 2,
            "vot_m": 40,
            "vot_f": 50,
            "vot_t": 90,
            "perc_vot": "31,03",
            "sk_bianche": 2,
            "sk_nulle": 0,
            "sk_contestate": 0,
            "voti_si": 56,
            "voti_no": 32,
            "perc_si": "63,64",
            "perc_no": "36,36",
            "dt_agg": 20250609184059
        }
    ]
}