{
    "int": {
        "st": "ESERCIZIO",
        "t_ele": "Referendum",
        "t_ref": "ABROGATIVO",
        "f_elet": "SCRUTINI",
        "dt_ele": 20250608000000,
        "l_terr": "COMUNE",
        "area": "I",
        "cod_com": 620,
        "desc_com": "ORICOLA",
        "cod_prov": 38,
        "desc_prov": "L'AQUILA",
        "cod_reg": 13,
        "desc_reg": "ABRUZZO",
        "ele_m": 527,
        "ele_f": 485,
        "ele_t": 1012,
        "sz_tot": 2,
        "tipo_tras": "SZ"
    },
    "note": null,
    "scheda": [
        {
            "cod": 1,
            "desc": null,
            "sz_perv": 2,
            "vot_m": 147,
            "vot_f": 156,
            "vot_t": 303,
            "perc_vot": "29,94",
            "sk_bianche": 5,
            "sk_nulle": 4,
            "sk_contestate": 0,
            "voti_si": 268,
            "voti_no": 26,
            "perc_si": "91,16",
            "perc_no": "8,84",
            "dt_agg": 20250609170510
        },
        {
            "cod": 2,
            "desc": null,
            "sz_perv": 2,
            "vot_m": 147,
            "vot_f": 156,
            "vot_t": 303,
            "perc_vot": "29,94",
            "sk_bianche": 6,
            "sk_nulle": 4,
            "sk_contestate": 0,
            "voti_si": 256,
            "voti_no": 37,
            "perc_si": "87,37",
            "perc_no": "12,63",
            "dt_agg": 20250609170511
        },
        {
            "cod": 3,
            "desc": null,
            "sz_perv": 2,
            "vot_m": 147,
            "vot_f": 156,
            "vot_t": 303,
            "perc_vot": "29,94",
            "sk_bianche": 7,
            "sk_nulle": 5,
            "sk_contestate": 0,
            "voti_si": 267,
            "voti_no": 24,
            "perc_si": "91,75",
            "perc_no": "8,25",
            "dt_agg": 20250609170548
        },
        {
            "cod": 4,
            "desc": null,
            "sz_perv": 2,
            "vot_m": 147,
            "vot_f": 156,
            "vot_t": 303,
            "perc_vot": "29,94",
            "sk_bianche": 5,
            "sk_nulle": 3,
            "sk_contestate": 0,
            "voti_si": 270,
            "voti_no": 25,
            "perc_si": "91,53",
            "perc_no": "8,47",
            "dt_agg": 20250609170717
        },
        {
            "cod": 5,
            "desc": null,
            "sz_perv": 2,
            "vot_m": 145,
            "vot_f": 154,
            "vot_t": 299,
            "perc_vot": "29,55",
            "sk_bianche": 13,
            "sk_nulle": 4,
            "sk_contestate": 0,
            "voti_si": 183,
            "voti_no": 99,
            "perc_si": "64,89",
            "perc_no": "35,11",
            "dt_agg": 20250609170719
        }
    ]
}