{
    "int": {
        "st": "ESERCIZIO",
        "t_ele": "Referendum",
        "t_ref": "ABROGATIVO",
        "f_elet": "SCRUTINI",
        "dt_ele": 20250608000000,
        "l_terr": "COMUNE",
        "area": "I",
        "cod_com": 180,
        "desc_com": "CANSANO",
        "cod_prov": 38,
        "desc_prov": "L'AQUILA",
        "cod_reg": 13,
        "desc_reg": "ABRUZZO",
        "ele_m": 78,
        "ele_f": 85,
        "ele_t": 163,
        "sz_tot": 1,
        "tipo_tras": "SZ"
    },
    "note": null,
    "scheda": [
        {
            "cod": 1,
            "desc": null,
            "sz_perv": 1,
            "vot_m": 37,
            "vot_f": 34,
            "vot_t": 71,
            "perc_vot": "43,56",
            "sk_bianche": 0,
            "sk_nulle": 1,
            "sk_contestate": 0,
            "voti_si": 63,
            "voti_no": 7,
            "perc_si": "90,00",
            "perc_no": "10,00",
            "dt_agg": 20250609162330
        },
        {
            "cod": 2,
            "desc": null,
            "sz_perv": 1,
            "vot_m": 37,
            "vot_f": 34,
            "vot_t": 71,
            "perc_vot": "43,56",
            "sk_bianche": 0,
            "sk_nulle": 1,
            "sk_contestate": 0,
            "voti_si": 61,
            "voti_no": 9,
            "perc_si": "87,14",
            "perc_no": "12,86",
            "dt_agg": 20250609163902
        },
        {
            "cod": 3,
            "desc": null,
            "sz_perv": 1,
            "vot_m": 37,
            "vot_f": 34,
            "vot_t": 71,
            "perc_vot": "43,56",
            "sk_bianche": 0,
            "sk_nulle": 1,
            "sk_contestate": 0,
            "voti_si": 63,
            "voti_no": 7,
            "perc_si": "90,00",
            "perc_no": "10,00",
            "dt_agg": 20250609164646
        },
        {
            "cod": 4,
            "desc": null,
            "sz_perv": 1,
            "vot_m": 37,
            "vot_f": 34,
            "vot_t": 71,
            "perc_vot": "43,56",
            "sk_bianche": 0,
            "sk_nulle": 1,
            "sk_contestate": 0,
            "voti_si": 63,
            "voti_no": 7,
            "perc_si": "90,00",
            "perc_no": "10,00",
            "dt_agg": 20250609165414
        },
        {
            "cod": 5,
            "desc": null,
            "sz_perv": 1,
            "vot_m": 37,
            "vot_f": 34,
            "vot_t": 71,
            "perc_vot": "43,56",
            "sk_bianche": 0,
            "sk_nulle": 1,
            "sk_contestate": 0,
            "voti_si": 50,
            "voti_no": 20,
            "perc_si": "71,43",
            "perc_no": "28,57",
            "dt_agg": 20250609170423
        }
    ]
}