{
    "int": {
        "st": "ESERCIZIO",
        "t_ele": "Referendum",
        "t_ref": "ABROGATIVO",
        "f_elet": "SCRUTINI",
        "dt_ele": 20250608000000,
        "l_terr": "COMUNE",
        "area": "I",
        "cod_com": 160,
        "desc_com": "CAMPOTOSTO",
        "cod_prov": 38,
        "desc_prov": "L'AQUILA",
        "cod_reg": 13,
        "desc_reg": "ABRUZZO",
        "ele_m": 217,
        "ele_f": 188,
        "ele_t": 405,
        "sz_tot": 3,
        "tipo_tras": "SZ"
    },
    "note": null,
    "scheda": [
        {
            "cod": 1,
            "desc": null,
            "sz_perv": 3,
            "vot_m": 51,
            "vot_f": 47,
            "vot_t": 98,
            "perc_vot": "24,20",
            "sk_bianche": 1,
            "sk_nulle": 2,
            "sk_contestate": 0,
            "voti_si": 81,
            "voti_no": 14,
            "perc_si": "85,26",
            "perc_no": "14,74",
            "dt_agg": 20250609163900
        },
        {
            "cod": 2,
            "desc": null,
            "sz_perv": 3,
            "vot_m": 51,
            "vot_f": 47,
            "vot_t": 98,
            "perc_vot": "24,20",
            "sk_bianche": 2,
            "sk_nulle": 2,
            "sk_contestate": 0,
            "voti_si": 78,
            "voti_no": 16,
            "perc_si": "82,98",
            "perc_no": "17,02",
            "dt_agg": 20250609163900
        },
        {
            "cod": 3,
            "desc": null,
            "sz_perv": 3,
            "vot_m": 51,
            "vot_f": 47,
            "vot_t": 98,
            "perc_vot": "24,20",
            "sk_bianche": 0,
            "sk_nulle": 2,
            "sk_contestate": 0,
            "voti_si": 78,
            "voti_no": 18,
            "perc_si": "81,25",
            "perc_no": "18,75",
            "dt_agg": 20250609163900
        },
        {
            "cod": 4,
            "desc": null,
            "sz_perv": 3,
            "vot_m": 51,
            "vot_f": 47,
            "vot_t": 98,
            "perc_vot": "24,20",
            "sk_bianche": 0,
            "sk_nulle": 2,
            "sk_contestate": 0,
            "voti_si": 79,
            "voti_no": 17,
            "perc_si": "82,29",
            "perc_no": "17,71",
            "dt_agg": 20250609163900
        },
        {
            "cod": 5,
            "desc": null,
            "sz_perv": 3,
            "vot_m": 51,
            "vot_f": 47,
            "vot_t": 98,
            "perc_vot": "24,20",
            "sk_bianche": 0,
            "sk_nulle": 2,
            "sk_contestate": 0,
            "voti_si": 65,
            "voti_no": 31,
            "perc_si": "67,71",
            "perc_no": "32,29",
            "dt_agg": 20250609163846
        }
    ]
}