{
    "int": {
        "st": "ESERCIZIO",
        "t_ele": "Referendum",
        "t_ref": "ABROGATIVO",
        "f_elet": "SCRUTINI",
        "dt_ele": 20250608000000,
        "l_terr": "COMUNE",
        "area": "I",
        "cod_com": 720,
        "desc_com": "PIZZOLI",
        "cod_prov": 38,
        "desc_prov": "L'AQUILA",
        "cod_reg": 13,
        "desc_reg": "ABRUZZO",
        "ele_m": 1477,
        "ele_f": 1481,
        "ele_t": 2958,
        "sz_tot": 3,
        "tipo_tras": "SZ"
    },
    "note": null,
    "scheda": [
        {
            "cod": 1,
            "desc": null,
            "sz_perv": 3,
            "vot_m": 360,
            "vot_f": 456,
            "vot_t": 816,
            "perc_vot": "27,59",
            "sk_bianche": 10,
            "sk_nulle": 10,
            "sk_contestate": 0,
            "voti_si": 700,
            "voti_no": 96,
            "perc_si": "87,94",
            "perc_no": "12,06",
            "dt_agg": 20250609200928
        },
        {
            "cod": 2,
            "desc": null,
            "sz_perv": 3,
            "vot_m": 360,
            "vot_f": 456,
            "vot_t": 816,
            "perc_vot": "27,59",
            "sk_bianche": 10,
            "sk_nulle": 11,
            "sk_contestate": 0,
            "voti_si": 699,
            "voti_no": 96,
            "perc_si": "87,92",
            "perc_no": "12,08",
            "dt_agg": 20250609201015
        },
        {
            "cod": 3,
            "desc": null,
            "sz_perv": 3,
            "vot_m": 360,
            "vot_f": 456,
            "vot_t": 816,
            "perc_vot": "27,59",
            "sk_bianche": 8,
            "sk_nulle": 13,
            "sk_contestate": 0,
            "voti_si": 703,
            "voti_no": 92,
            "perc_si": "88,43",
            "perc_no": "11,57",
            "dt_agg": 20250609201053
        },
        {
            "cod": 4,
            "desc": null,
            "sz_perv": 3,
            "vot_m": 359,
            "vot_f": 456,
            "vot_t": 815,
            "perc_vot": "27,55",
            "sk_bianche": 10,
            "sk_nulle": 11,
            "sk_contestate": 0,
            "voti_si": 679,
            "voti_no": 115,
            "perc_si": "85,52",
            "perc_no": "14,48",
            "dt_agg": 20250609201138
        },
        {
            "cod": 5,
            "desc": null,
            "sz_perv": 3,
            "vot_m": 358,
            "vot_f": 450,
            "vot_t": 808,
            "perc_vot": "27,32",
            "sk_bianche": 8,
            "sk_nulle": 9,
            "sk_contestate": 0,
            "voti_si": 473,
            "voti_no": 318,
            "perc_si": "59,80",
            "perc_no": "40,20",
            "dt_agg": 20250609201303
        }
    ]
}