{
    "int": {
        "st": "ESERCIZIO",
        "t_ele": "Referendum",
        "t_ref": "ABROGATIVO",
        "f_elet": "SCRUTINI",
        "dt_ele": 20250608000000,
        "l_terr": "COMUNE",
        "area": "I",
        "cod_com": 580,
        "desc_com": "NAVELLI",
        "cod_prov": 38,
        "desc_prov": "L'AQUILA",
        "cod_reg": 13,
        "desc_reg": "ABRUZZO",
        "ele_m": 221,
        "ele_f": 186,
        "ele_t": 407,
        "sz_tot": 2,
        "tipo_tras": "SZ"
    },
    "note": null,
    "scheda": [
        {
            "cod": 1,
            "desc": null,
            "sz_perv": 2,
            "vot_m": 80,
            "vot_f": 75,
            "vot_t": 155,
            "perc_vot": "38,08",
            "sk_bianche": 6,
            "sk_nulle": 2,
            "sk_contestate": 0,
            "voti_si": 128,
            "voti_no": 19,
            "perc_si": "87,07",
            "perc_no": "12,93",
            "dt_agg": 20250609171143
        },
        {
            "cod": 2,
            "desc": null,
            "sz_perv": 2,
            "vot_m": 80,
            "vot_f": 75,
            "vot_t": 155,
            "perc_vot": "38,08",
            "sk_bianche": 9,
            "sk_nulle": 2,
            "sk_contestate": 0,
            "voti_si": 119,
            "voti_no": 25,
            "perc_si": "82,64",
            "perc_no": "17,36",
            "dt_agg": 20250609171144
        },
        {
            "cod": 3,
            "desc": null,
            "sz_perv": 2,
            "vot_m": 80,
            "vot_f": 75,
            "vot_t": 155,
            "perc_vot": "38,08",
            "sk_bianche": 7,
            "sk_nulle": 2,
            "sk_contestate": 0,
            "voti_si": 126,
            "voti_no": 20,
            "perc_si": "86,30",
            "perc_no": "13,70",
            "dt_agg": 20250609171207
        },
        {
            "cod": 4,
            "desc": null,
            "sz_perv": 2,
            "vot_m": 80,
            "vot_f": 75,
            "vot_t": 155,
            "perc_vot": "38,08",
            "sk_bianche": 7,
            "sk_nulle": 2,
            "sk_contestate": 0,
            "voti_si": 119,
            "voti_no": 27,
            "perc_si": "81,51",
            "perc_no": "18,49",
            "dt_agg": 20250609171207
        },
        {
            "cod": 5,
            "desc": null,
            "sz_perv": 2,
            "vot_m": 80,
            "vot_f": 75,
            "vot_t": 155,
            "perc_vot": "38,08",
            "sk_bianche": 8,
            "sk_nulle": 1,
            "sk_contestate": 0,
            "voti_si": 83,
            "voti_no": 63,
            "perc_si": "56,85",
            "perc_no": "43,15",
            "dt_agg": 20250609170939
        }
    ]
}