{
    "int": {
        "st": "ESERCIZIO",
        "t_ele": "Referendum",
        "t_ref": "ABROGATIVO",
        "f_elet": "SCRUTINI",
        "dt_ele": 20250608000000,
        "l_terr": "COMUNE",
        "area": "I",
        "cod_com": 350,
        "desc_com": "CIVITELLA ALFEDENA",
        "cod_prov": 38,
        "desc_prov": "L'AQUILA",
        "cod_reg": 13,
        "desc_reg": "ABRUZZO",
        "ele_m": 125,
        "ele_f": 116,
        "ele_t": 241,
        "sz_tot": 1,
        "tipo_tras": "SZ"
    },
    "note": null,
    "scheda": [
        {
            "cod": 1,
            "desc": null,
            "sz_perv": 1,
            "vot_m": 54,
            "vot_f": 46,
            "vot_t": 100,
            "perc_vot": "41,49",
            "sk_bianche": 3,
            "sk_nulle": 2,
            "sk_contestate": 0,
            "voti_si": 82,
            "voti_no": 13,
            "perc_si": "86,32",
            "perc_no": "13,68",
            "dt_agg": 20250609180439
        },
        {
            "cod": 2,
            "desc": null,
            "sz_perv": 1,
            "vot_m": 54,
            "vot_f": 46,
            "vot_t": 100,
            "perc_vot": "41,49",
            "sk_bianche": 2,
            "sk_nulle": 2,
            "sk_contestate": 0,
            "voti_si": 85,
            "voti_no": 11,
            "perc_si": "88,54",
            "perc_no": "11,46",
            "dt_agg": 20250609180525
        },
        {
            "cod": 3,
            "desc": null,
            "sz_perv": 1,
            "vot_m": 54,
            "vot_f": 46,
            "vot_t": 100,
            "perc_vot": "41,49",
            "sk_bianche": 4,
            "sk_nulle": 1,
            "sk_contestate": 0,
            "voti_si": 81,
            "voti_no": 14,
            "perc_si": "85,26",
            "perc_no": "14,74",
            "dt_agg": 20250609180725
        },
        {
            "cod": 4,
            "desc": null,
            "sz_perv": 1,
            "vot_m": 54,
            "vot_f": 46,
            "vot_t": 100,
            "perc_vot": "41,49",
            "sk_bianche": 1,
            "sk_nulle": 2,
            "sk_contestate": 0,
            "voti_si": 80,
            "voti_no": 17,
            "perc_si": "82,47",
            "perc_no": "17,53",
            "dt_agg": 20250609180726
        },
        {
            "cod": 5,
            "desc": null,
            "sz_perv": 1,
            "vot_m": 53,
            "vot_f": 46,
            "vot_t": 99,
            "perc_vot": "41,08",
            "sk_bianche": 4,
            "sk_nulle": 3,
            "sk_contestate": 0,
            "voti_si": 60,
            "voti_no": 32,
            "perc_si": "65,22",
            "perc_no": "34,78",
            "dt_agg": 20250609180730
        }
    ]
}