{
    "int": {
        "st": "ESERCIZIO",
        "t_ele": "Referendum",
        "t_ref": "ABROGATIVO",
        "f_elet": "SCRUTINI",
        "dt_ele": 20250608000000,
        "l_terr": "COMUNE",
        "area": "I",
        "cod_com": 560,
        "desc_com": "MONTEREALE",
        "cod_prov": 38,
        "desc_prov": "L'AQUILA",
        "cod_reg": 13,
        "desc_reg": "ABRUZZO",
        "ele_m": 906,
        "ele_f": 836,
        "ele_t": 1742,
        "sz_tot": 6,
        "tipo_tras": "SZ"
    },
    "note": null,
    "scheda": [
        {
            "cod": 1,
            "desc": null,
            "sz_perv": 6,
            "vot_m": 171,
            "vot_f": 180,
            "vot_t": 351,
            "perc_vot": "20,15",
            "sk_bianche": 12,
            "sk_nulle": 4,
            "sk_contestate": 0,
            "voti_si": 295,
            "voti_no": 40,
            "perc_si": "88,06",
            "perc_no": "11,94",
            "dt_agg": 20250609182031
        },
        {
            "cod": 2,
            "desc": null,
            "sz_perv": 6,
            "vot_m": 171,
            "vot_f": 180,
            "vot_t": 351,
            "perc_vot": "20,15",
            "sk_bianche": 12,
            "sk_nulle": 3,
            "sk_contestate": 0,
            "voti_si": 287,
            "voti_no": 49,
            "perc_si": "85,42",
            "perc_no": "14,58",
            "dt_agg": 20250609182031
        },
        {
            "cod": 3,
            "desc": null,
            "sz_perv": 6,
            "vot_m": 171,
            "vot_f": 180,
            "vot_t": 351,
            "perc_vot": "20,15",
            "sk_bianche": 13,
            "sk_nulle": 4,
            "sk_contestate": 0,
            "voti_si": 292,
            "voti_no": 42,
            "perc_si": "87,43",
            "perc_no": "12,57",
            "dt_agg": 20250609182036
        },
        {
            "cod": 4,
            "desc": null,
            "sz_perv": 6,
            "vot_m": 171,
            "vot_f": 180,
            "vot_t": 351,
            "perc_vot": "20,15",
            "sk_bianche": 11,
            "sk_nulle": 5,
            "sk_contestate": 0,
            "voti_si": 277,
            "voti_no": 58,
            "perc_si": "82,69",
            "perc_no": "17,31",
            "dt_agg": 20250609182105
        },
        {
            "cod": 5,
            "desc": null,
            "sz_perv": 6,
            "vot_m": 170,
            "vot_f": 180,
            "vot_t": 350,
            "perc_vot": "20,09",
            "sk_bianche": 9,
            "sk_nulle": 4,
            "sk_contestate": 0,
            "voti_si": 197,
            "voti_no": 140,
            "perc_si": "58,46",
            "perc_no": "41,54",
            "dt_agg": 20250609182219
        }
    ]
}