{
    "int": {
        "st": "ESERCIZIO",
        "t_ele": "Referendum",
        "t_ref": "ABROGATIVO",
        "f_elet": "SCRUTINI",
        "dt_ele": 20250608000000,
        "l_terr": "COMUNE",
        "area": "I",
        "cod_com": 1030,
        "desc_com": "VILLA SANTA LUCIA DEGLI ABRUZZI",
        "cod_prov": 38,
        "desc_prov": "L'AQUILA",
        "cod_reg": 13,
        "desc_reg": "ABRUZZO",
        "ele_m": 35,
        "ele_f": 34,
        "ele_t": 69,
        "sz_tot": 1,
        "tipo_tras": "SZ"
    },
    "note": null,
    "scheda": [
        {
            "cod": 1,
            "desc": null,
            "sz_perv": 1,
            "vot_m": 16,
            "vot_f": 14,
            "vot_t": 30,
            "perc_vot": "43,48",
            "sk_bianche": 2,
            "sk_nulle": 0,
            "sk_contestate": 0,
            "voti_si": 26,
            "voti_no": 2,
            "perc_si": "92,86",
            "perc_no": "7,14",
            "dt_agg": 20250609153120
        },
        {
            "cod": 2,
            "desc": null,
            "sz_perv": 1,
            "vot_m": 16,
            "vot_f": 14,
            "vot_t": 30,
            "perc_vot": "43,48",
            "sk_bianche": 1,
            "sk_nulle": 0,
            "sk_contestate": 0,
            "voti_si": 26,
            "voti_no": 3,
            "perc_si": "89,66",
            "perc_no": "10,34",
            "dt_agg": 20250609153120
        },
        {
            "cod": 3,
            "desc": null,
            "sz_perv": 1,
            "vot_m": 16,
            "vot_f": 14,
            "vot_t": 30,
            "perc_vot": "43,48",
            "sk_bianche": 1,
            "sk_nulle": 0,
            "sk_contestate": 0,
            "voti_si": 25,
            "voti_no": 4,
            "perc_si": "86,21",
            "perc_no": "13,79",
            "dt_agg": 20250609153121
        },
        {
            "cod": 4,
            "desc": null,
            "sz_perv": 1,
            "vot_m": 16,
            "vot_f": 14,
            "vot_t": 30,
            "perc_vot": "43,48",
            "sk_bianche": 1,
            "sk_nulle": 0,
            "sk_contestate": 0,
            "voti_si": 26,
            "voti_no": 3,
            "perc_si": "89,66",
            "perc_no": "10,34",
            "dt_agg": 20250609153427
        },
        {
            "cod": 5,
            "desc": null,
            "sz_perv": 1,
            "vot_m": 16,
            "vot_f": 14,
            "vot_t": 30,
            "perc_vot": "43,48",
            "sk_bianche": 1,
            "sk_nulle": 0,
            "sk_contestate": 0,
            "voti_si": 23,
            "voti_no": 6,
            "perc_si": "79,31",
            "perc_no": "20,69",
            "dt_agg": 20250609153738
        }
    ]
}