{
    "int": {
        "st": "ESERCIZIO",
        "t_ele": "Referendum",
        "t_ref": "ABROGATIVO",
        "f_elet": "SCRUTINI",
        "dt_ele": 20250608000000,
        "l_terr": "COMUNE",
        "area": "I",
        "cod_com": 430,
        "desc_com": "FONTECCHIO",
        "cod_prov": 38,
        "desc_prov": "L'AQUILA",
        "cod_reg": 13,
        "desc_reg": "ABRUZZO",
        "ele_m": 113,
        "ele_f": 115,
        "ele_t": 228,
        "sz_tot": 1,
        "tipo_tras": "SZ"
    },
    "note": null,
    "scheda": [
        {
            "cod": 1,
            "desc": null,
            "sz_perv": 1,
            "vot_m": 39,
            "vot_f": 45,
            "vot_t": 84,
            "perc_vot": "36,84",
            "sk_bianche": 5,
            "sk_nulle": 1,
            "sk_contestate": 0,
            "voti_si": 72,
            "voti_no": 6,
            "perc_si": "92,31",
            "perc_no": "7,69",
            "dt_agg": 20250609163900
        },
        {
            "cod": 2,
            "desc": null,
            "sz_perv": 1,
            "vot_m": 39,
            "vot_f": 45,
            "vot_t": 84,
            "perc_vot": "36,84",
            "sk_bianche": 4,
            "sk_nulle": 1,
            "sk_contestate": 0,
            "voti_si": 70,
            "voti_no": 9,
            "perc_si": "88,61",
            "perc_no": "11,39",
            "dt_agg": 20250609163901
        },
        {
            "cod": 3,
            "desc": null,
            "sz_perv": 1,
            "vot_m": 39,
            "vot_f": 45,
            "vot_t": 84,
            "perc_vot": "36,84",
            "sk_bianche": 4,
            "sk_nulle": 0,
            "sk_contestate": 0,
            "voti_si": 71,
            "voti_no": 9,
            "perc_si": "88,75",
            "perc_no": "11,25",
            "dt_agg": 20250609163906
        },
        {
            "cod": 4,
            "desc": null,
            "sz_perv": 1,
            "vot_m": 39,
            "vot_f": 45,
            "vot_t": 84,
            "perc_vot": "36,84",
            "sk_bianche": 3,
            "sk_nulle": 1,
            "sk_contestate": 0,
            "voti_si": 71,
            "voti_no": 9,
            "perc_si": "88,75",
            "perc_no": "11,25",
            "dt_agg": 20250609163927
        },
        {
            "cod": 5,
            "desc": null,
            "sz_perv": 1,
            "vot_m": 39,
            "vot_f": 45,
            "vot_t": 84,
            "perc_vot": "36,84",
            "sk_bianche": 2,
            "sk_nulle": 2,
            "sk_contestate": 0,
            "voti_si": 52,
            "voti_no": 28,
            "perc_si": "65,00",
            "perc_no": "35,00",
            "dt_agg": 20250609164013
        }
    ]
}