{
    "int": {
        "st": "ESERCIZIO",
        "t_ele": "Referendum",
        "t_ref": "ABROGATIVO",
        "f_elet": "SCRUTINI",
        "dt_ele": 20250608000000,
        "l_terr": "COMUNE",
        "area": "I",
        "cod_com": 990,
        "desc_com": "TIONE DEGLI ABRUZZI",
        "cod_prov": 38,
        "desc_prov": "L'AQUILA",
        "cod_reg": 13,
        "desc_reg": "ABRUZZO",
        "ele_m": 113,
        "ele_f": 106,
        "ele_t": 219,
        "sz_tot": 2,
        "tipo_tras": "SZ"
    },
    "note": null,
    "scheda": [
        {
            "cod": 1,
            "desc": null,
            "sz_perv": 2,
            "vot_m": 40,
            "vot_f": 43,
            "vot_t": 83,
            "perc_vot": "37,90",
            "sk_bianche": 6,
            "sk_nulle": 1,
            "sk_contestate": 0,
            "voti_si": 71,
            "voti_no": 5,
            "perc_si": "93,42",
            "perc_no": "6,58",
            "dt_agg": 20250609172701
        },
        {
            "cod": 2,
            "desc": null,
            "sz_perv": 2,
            "vot_m": 40,
            "vot_f": 43,
            "vot_t": 83,
            "perc_vot": "37,90",
            "sk_bianche": 4,
            "sk_nulle": 1,
            "sk_contestate": 0,
            "voti_si": 72,
            "voti_no": 6,
            "perc_si": "92,31",
            "perc_no": "7,69",
            "dt_agg": 20250609172702
        },
        {
            "cod": 3,
            "desc": null,
            "sz_perv": 2,
            "vot_m": 40,
            "vot_f": 43,
            "vot_t": 83,
            "perc_vot": "37,90",
            "sk_bianche": 3,
            "sk_nulle": 1,
            "sk_contestate": 0,
            "voti_si": 73,
            "voti_no": 6,
            "perc_si": "92,41",
            "perc_no": "7,59",
            "dt_agg": 20250609172703
        },
        {
            "cod": 4,
            "desc": null,
            "sz_perv": 2,
            "vot_m": 40,
            "vot_f": 43,
            "vot_t": 83,
            "perc_vot": "37,90",
            "sk_bianche": 5,
            "sk_nulle": 1,
            "sk_contestate": 0,
            "voti_si": 72,
            "voti_no": 5,
            "perc_si": "93,51",
            "perc_no": "6,49",
            "dt_agg": 20250609172703
        },
        {
            "cod": 5,
            "desc": null,
            "sz_perv": 2,
            "vot_m": 40,
            "vot_f": 43,
            "vot_t": 83,
            "perc_vot": "37,90",
            "sk_bianche": 2,
            "sk_nulle": 1,
            "sk_contestate": 0,
            "voti_si": 60,
            "voti_no": 20,
            "perc_si": "75,00",
            "perc_no": "25,00",
            "dt_agg": 20250609172708
        }
    ]
}