{
    "int": {
        "st": "ESERCIZIO",
        "t_ele": "Referendum",
        "t_ref": "ABROGATIVO",
        "f_elet": "SCRUTINI",
        "dt_ele": 20250608000000,
        "l_terr": "COMUNE",
        "area": "I",
        "cod_com": 280,
        "desc_com": "CASTEL DI SANGRO",
        "cod_prov": 38,
        "desc_prov": "L'AQUILA",
        "cod_reg": 13,
        "desc_reg": "ABRUZZO",
        "ele_m": 2737,
        "ele_f": 2687,
        "ele_t": 5424,
        "sz_tot": 7,
        "tipo_tras": "SZ"
    },
    "note": null,
    "scheda": [
        {
            "cod": 1,
            "desc": null,
            "sz_perv": 7,
            "vot_m": 587,
            "vot_f": 746,
            "vot_t": 1333,
            "perc_vot": "24,58",
            "sk_bianche": 20,
            "sk_nulle": 17,
            "sk_contestate": 0,
            "voti_si": 1104,
            "voti_no": 192,
            "perc_si": "85,19",
            "perc_no": "14,81",
            "dt_agg": 20250609170423
        },
        {
            "cod": 2,
            "desc": null,
            "sz_perv": 7,
            "vot_m": 586,
            "vot_f": 746,
            "vot_t": 1332,
            "perc_vot": "24,56",
            "sk_bianche": 27,
            "sk_nulle": 21,
            "sk_contestate": 0,
            "voti_si": 1075,
            "voti_no": 209,
            "perc_si": "83,72",
            "perc_no": "16,28",
            "dt_agg": 20250609170423
        },
        {
            "cod": 3,
            "desc": null,
            "sz_perv": 7,
            "vot_m": 586,
            "vot_f": 746,
            "vot_t": 1332,
            "perc_vot": "24,56",
            "sk_bianche": 28,
            "sk_nulle": 14,
            "sk_contestate": 0,
            "voti_si": 1106,
            "voti_no": 184,
            "perc_si": "85,74",
            "perc_no": "14,26",
            "dt_agg": 20250609170447
        },
        {
            "cod": 4,
            "desc": null,
            "sz_perv": 7,
            "vot_m": 585,
            "vot_f": 746,
            "vot_t": 1331,
            "perc_vot": "24,54",
            "sk_bianche": 23,
            "sk_nulle": 13,
            "sk_contestate": 0,
            "voti_si": 1066,
            "voti_no": 229,
            "perc_si": "82,32",
            "perc_no": "17,68",
            "dt_agg": 20250609170447
        },
        {
            "cod": 5,
            "desc": null,
            "sz_perv": 7,
            "vot_m": 586,
            "vot_f": 747,
            "vot_t": 1333,
            "perc_vot": "24,58",
            "sk_bianche": 27,
            "sk_nulle": 13,
            "sk_contestate": 0,
            "voti_si": 790,
            "voti_no": 503,
            "perc_si": "61,10",
            "perc_no": "38,90",
            "dt_agg": 20250609170510
        }
    ]
}