{
    "int": {
        "st": "ESERCIZIO",
        "t_ele": "Referendum",
        "t_ref": "ABROGATIVO",
        "f_elet": "SCRUTINI",
        "dt_ele": 20250608000000,
        "l_terr": "COMUNE",
        "area": "I",
        "cod_com": 540,
        "desc_com": "MASSA D'ALBE",
        "cod_prov": 38,
        "desc_prov": "L'AQUILA",
        "cod_reg": 13,
        "desc_reg": "ABRUZZO",
        "ele_m": 594,
        "ele_f": 549,
        "ele_t": 1143,
        "sz_tot": 3,
        "tipo_tras": "SZ"
    },
    "note": null,
    "scheda": [
        {
            "cod": 1,
            "desc": null,
            "sz_perv": 3,
            "vot_m": 160,
            "vot_f": 163,
            "vot_t": 323,
            "perc_vot": "28,26",
            "sk_bianche": 8,
            "sk_nulle": 6,
            "sk_contestate": 0,
            "voti_si": 280,
            "voti_no": 29,
            "perc_si": "90,61",
            "perc_no": "9,39",
            "dt_agg": 20250609174945
        },
        {
            "cod": 2,
            "desc": null,
            "sz_perv": 3,
            "vot_m": 160,
            "vot_f": 163,
            "vot_t": 323,
            "perc_vot": "28,26",
            "sk_bianche": 12,
            "sk_nulle": 5,
            "sk_contestate": 0,
            "voti_si": 279,
            "voti_no": 27,
            "perc_si": "91,18",
            "perc_no": "8,82",
            "dt_agg": 20250609174945
        },
        {
            "cod": 3,
            "desc": null,
            "sz_perv": 3,
            "vot_m": 160,
            "vot_f": 163,
            "vot_t": 323,
            "perc_vot": "28,26",
            "sk_bianche": 10,
            "sk_nulle": 8,
            "sk_contestate": 0,
            "voti_si": 280,
            "voti_no": 25,
            "perc_si": "91,80",
            "perc_no": "8,20",
            "dt_agg": 20250609174955
        },
        {
            "cod": 4,
            "desc": null,
            "sz_perv": 3,
            "vot_m": 160,
            "vot_f": 163,
            "vot_t": 323,
            "perc_vot": "28,26",
            "sk_bianche": 10,
            "sk_nulle": 8,
            "sk_contestate": 0,
            "voti_si": 268,
            "voti_no": 37,
            "perc_si": "87,87",
            "perc_no": "12,13",
            "dt_agg": 20250609175004
        },
        {
            "cod": 5,
            "desc": null,
            "sz_perv": 3,
            "vot_m": 160,
            "vot_f": 163,
            "vot_t": 323,
            "perc_vot": "28,26",
            "sk_bianche": 12,
            "sk_nulle": 6,
            "sk_contestate": 0,
            "voti_si": 201,
            "voti_no": 104,
            "perc_si": "65,90",
            "perc_no": "34,10",
            "dt_agg": 20250609175027
        }
    ]
}