{
    "int": {
        "st": "ESERCIZIO",
        "t_ele": "Referendum",
        "t_ref": "ABROGATIVO",
        "f_elet": "SCRUTINI",
        "dt_ele": 20250608000000,
        "l_terr": "COMUNE",
        "area": "I",
        "cod_com": 330,
        "desc_com": "CERCHIO",
        "cod_prov": 38,
        "desc_prov": "L'AQUILA",
        "cod_reg": 13,
        "desc_reg": "ABRUZZO",
        "ele_m": 608,
        "ele_f": 610,
        "ele_t": 1218,
        "sz_tot": 2,
        "tipo_tras": "SZ"
    },
    "note": null,
    "scheda": [
        {
            "cod": 1,
            "desc": null,
            "sz_perv": 2,
            "vot_m": 145,
            "vot_f": 155,
            "vot_t": 300,
            "perc_vot": "24,63",
            "sk_bianche": 6,
            "sk_nulle": 2,
            "sk_contestate": 0,
            "voti_si": 262,
            "voti_no": 30,
            "perc_si": "89,73",
            "perc_no": "10,27",
            "dt_agg": 20250609171144
        },
        {
            "cod": 2,
            "desc": null,
            "sz_perv": 2,
            "vot_m": 145,
            "vot_f": 155,
            "vot_t": 300,
            "perc_vot": "24,63",
            "sk_bianche": 7,
            "sk_nulle": 1,
            "sk_contestate": 0,
            "voti_si": 251,
            "voti_no": 41,
            "perc_si": "85,96",
            "perc_no": "14,04",
            "dt_agg": 20250609171144
        },
        {
            "cod": 3,
            "desc": null,
            "sz_perv": 2,
            "vot_m": 145,
            "vot_f": 155,
            "vot_t": 300,
            "perc_vot": "24,63",
            "sk_bianche": 8,
            "sk_nulle": 0,
            "sk_contestate": 0,
            "voti_si": 257,
            "voti_no": 35,
            "perc_si": "88,01",
            "perc_no": "11,99",
            "dt_agg": 20250609171207
        },
        {
            "cod": 4,
            "desc": null,
            "sz_perv": 2,
            "vot_m": 145,
            "vot_f": 155,
            "vot_t": 300,
            "perc_vot": "24,63",
            "sk_bianche": 8,
            "sk_nulle": 1,
            "sk_contestate": 0,
            "voti_si": 256,
            "voti_no": 35,
            "perc_si": "87,97",
            "perc_no": "12,03",
            "dt_agg": 20250609171239
        },
        {
            "cod": 5,
            "desc": null,
            "sz_perv": 2,
            "vot_m": 145,
            "vot_f": 155,
            "vot_t": 300,
            "perc_vot": "24,63",
            "sk_bianche": 12,
            "sk_nulle": 0,
            "sk_contestate": 0,
            "voti_si": 141,
            "voti_no": 147,
            "perc_si": "48,96",
            "perc_no": "51,04",
            "dt_agg": 20250609171353
        }
    ]
}