{
    "int": {
        "st": "ESERCIZIO",
        "t_ele": "Referendum",
        "t_ref": "ABROGATIVO",
        "f_elet": "SCRUTINI",
        "dt_ele": 20250608000000,
        "l_terr": "COMUNE",
        "area": "I",
        "cod_com": 760,
        "desc_com": "PREZZA",
        "cod_prov": 38,
        "desc_prov": "L'AQUILA",
        "cod_reg": 13,
        "desc_reg": "ABRUZZO",
        "ele_m": 344,
        "ele_f": 356,
        "ele_t": 700,
        "sz_tot": 2,
        "tipo_tras": "SZ"
    },
    "note": null,
    "scheda": [
        {
            "cod": 1,
            "desc": null,
            "sz_perv": 2,
            "vot_m": 93,
            "vot_f": 106,
            "vot_t": 199,
            "perc_vot": "28,43",
            "sk_bianche": 6,
            "sk_nulle": 1,
            "sk_contestate": 0,
            "voti_si": 158,
            "voti_no": 34,
            "perc_si": "82,29",
            "perc_no": "17,71",
            "dt_agg": 20250609174704
        },
        {
            "cod": 2,
            "desc": null,
            "sz_perv": 2,
            "vot_m": 93,
            "vot_f": 106,
            "vot_t": 199,
            "perc_vot": "28,43",
            "sk_bianche": 3,
            "sk_nulle": 0,
            "sk_contestate": 0,
            "voti_si": 162,
            "voti_no": 34,
            "perc_si": "82,65",
            "perc_no": "17,35",
            "dt_agg": 20250609174733
        },
        {
            "cod": 3,
            "desc": null,
            "sz_perv": 2,
            "vot_m": 93,
            "vot_f": 106,
            "vot_t": 199,
            "perc_vot": "28,43",
            "sk_bianche": 3,
            "sk_nulle": 1,
            "sk_contestate": 0,
            "voti_si": 167,
            "voti_no": 28,
            "perc_si": "85,64",
            "perc_no": "14,36",
            "dt_agg": 20250609174945
        },
        {
            "cod": 4,
            "desc": null,
            "sz_perv": 2,
            "vot_m": 94,
            "vot_f": 106,
            "vot_t": 200,
            "perc_vot": "28,57",
            "sk_bianche": 8,
            "sk_nulle": 0,
            "sk_contestate": 0,
            "voti_si": 161,
            "voti_no": 31,
            "perc_si": "83,85",
            "perc_no": "16,15",
            "dt_agg": 20250609174945
        },
        {
            "cod": 5,
            "desc": null,
            "sz_perv": 2,
            "vot_m": 94,
            "vot_f": 106,
            "vot_t": 200,
            "perc_vot": "28,57",
            "sk_bianche": 4,
            "sk_nulle": 2,
            "sk_contestate": 0,
            "voti_si": 124,
            "voti_no": 70,
            "perc_si": "63,92",
            "perc_no": "36,08",
            "dt_agg": 20250609174955
        }
    ]
}