{
    "int": {
        "st": "ESERCIZIO",
        "t_ele": "Referendum",
        "t_ref": "ABROGATIVO",
        "f_elet": "SCRUTINI",
        "dt_ele": 20250608000000,
        "l_terr": "COMUNE",
        "area": "I",
        "cod_com": 840,
        "desc_com": "ROCCARASO",
        "cod_prov": 38,
        "desc_prov": "L'AQUILA",
        "cod_reg": 13,
        "desc_reg": "ABRUZZO",
        "ele_m": 618,
        "ele_f": 610,
        "ele_t": 1228,
        "sz_tot": 2,
        "tipo_tras": "SZ"
    },
    "note": null,
    "scheda": [
        {
            "cod": 1,
            "desc": null,
            "sz_perv": 2,
            "vot_m": 106,
            "vot_f": 143,
            "vot_t": 249,
            "perc_vot": "20,28",
            "sk_bianche": 7,
            "sk_nulle": 5,
            "sk_contestate": 0,
            "voti_si": 184,
            "voti_no": 53,
            "perc_si": "77,64",
            "perc_no": "22,36",
            "dt_agg": 20250609180354
        },
        {
            "cod": 2,
            "desc": null,
            "sz_perv": 2,
            "vot_m": 106,
            "vot_f": 143,
            "vot_t": 249,
            "perc_vot": "20,28",
            "sk_bianche": 9,
            "sk_nulle": 4,
            "sk_contestate": 0,
            "voti_si": 171,
            "voti_no": 65,
            "perc_si": "72,46",
            "perc_no": "27,54",
            "dt_agg": 20250609180518
        },
        {
            "cod": 3,
            "desc": null,
            "sz_perv": 2,
            "vot_m": 106,
            "vot_f": 143,
            "vot_t": 249,
            "perc_vot": "20,28",
            "sk_bianche": 8,
            "sk_nulle": 4,
            "sk_contestate": 0,
            "voti_si": 184,
            "voti_no": 53,
            "perc_si": "77,64",
            "perc_no": "22,36",
            "dt_agg": 20250609180725
        },
        {
            "cod": 4,
            "desc": null,
            "sz_perv": 2,
            "vot_m": 106,
            "vot_f": 143,
            "vot_t": 249,
            "perc_vot": "20,28",
            "sk_bianche": 7,
            "sk_nulle": 5,
            "sk_contestate": 0,
            "voti_si": 178,
            "voti_no": 59,
            "perc_si": "75,11",
            "perc_no": "24,89",
            "dt_agg": 20250609180726
        },
        {
            "cod": 5,
            "desc": null,
            "sz_perv": 2,
            "vot_m": 106,
            "vot_f": 143,
            "vot_t": 249,
            "perc_vot": "20,28",
            "sk_bianche": 4,
            "sk_nulle": 6,
            "sk_contestate": 0,
            "voti_si": 132,
            "voti_no": 107,
            "perc_si": "55,23",
            "perc_no": "44,77",
            "dt_agg": 20250609180938
        }
    ]
}