{
    "int": {
        "st": "ESERCIZIO",
        "t_ele": "Referendum",
        "t_ref": "ABROGATIVO",
        "f_elet": "SCRUTINI",
        "dt_ele": 20250608000000,
        "l_terr": "COMUNE",
        "area": "I",
        "cod_com": 600,
        "desc_com": "OFENA",
        "cod_prov": 38,
        "desc_prov": "L'AQUILA",
        "cod_reg": 13,
        "desc_reg": "ABRUZZO",
        "ele_m": 143,
        "ele_f": 159,
        "ele_t": 302,
        "sz_tot": 1,
        "tipo_tras": "SZ"
    },
    "note": null,
    "scheda": [
        {
            "cod": 1,
            "desc": null,
            "sz_perv": 1,
            "vot_m": 29,
            "vot_f": 34,
            "vot_t": 63,
            "perc_vot": "20,86",
            "sk_bianche": 2,
            "sk_nulle": 1,
            "sk_contestate": 0,
            "voti_si": 53,
            "voti_no": 7,
            "perc_si": "88,33",
            "perc_no": "11,67",
            "dt_agg": 20250609153121
        },
        {
            "cod": 2,
            "desc": null,
            "sz_perv": 1,
            "vot_m": 29,
            "vot_f": 34,
            "vot_t": 63,
            "perc_vot": "20,86",
            "sk_bianche": 2,
            "sk_nulle": 1,
            "sk_contestate": 0,
            "voti_si": 51,
            "voti_no": 9,
            "perc_si": "85,00",
            "perc_no": "15,00",
            "dt_agg": 20250609153211
        },
        {
            "cod": 3,
            "desc": null,
            "sz_perv": 1,
            "vot_m": 29,
            "vot_f": 34,
            "vot_t": 63,
            "perc_vot": "20,86",
            "sk_bianche": 3,
            "sk_nulle": 1,
            "sk_contestate": 0,
            "voti_si": 53,
            "voti_no": 6,
            "perc_si": "89,83",
            "perc_no": "10,17",
            "dt_agg": 20250609153253
        },
        {
            "cod": 4,
            "desc": null,
            "sz_perv": 1,
            "vot_m": 29,
            "vot_f": 34,
            "vot_t": 63,
            "perc_vot": "20,86",
            "sk_bianche": 4,
            "sk_nulle": 0,
            "sk_contestate": 0,
            "voti_si": 48,
            "voti_no": 11,
            "perc_si": "81,36",
            "perc_no": "18,64",
            "dt_agg": 20250609153308
        },
        {
            "cod": 5,
            "desc": null,
            "sz_perv": 1,
            "vot_m": 29,
            "vot_f": 34,
            "vot_t": 63,
            "perc_vot": "20,86",
            "sk_bianche": 2,
            "sk_nulle": 2,
            "sk_contestate": 0,
            "voti_si": 35,
            "voti_no": 24,
            "perc_si": "59,32",
            "perc_no": "40,68",
            "dt_agg": 20250609153151
        }
    ]
}