{
    "int": {
        "st": "ESERCIZIO",
        "t_ele": "Referendum",
        "t_ref": "ABROGATIVO",
        "f_elet": "SCRUTINI",
        "dt_ele": 20250608000000,
        "l_terr": "COMUNE",
        "area": "I",
        "cod_com": 240,
        "desc_com": "CARAPELLE CALVISIO",
        "cod_prov": 38,
        "desc_prov": "L'AQUILA",
        "cod_reg": 13,
        "desc_reg": "ABRUZZO",
        "ele_m": 29,
        "ele_f": 29,
        "ele_t": 58,
        "sz_tot": 1,
        "tipo_tras": "SZ"
    },
    "note": null,
    "scheda": [
        {
            "cod": 1,
            "desc": null,
            "sz_perv": 1,
            "vot_m": 8,
            "vot_f": 6,
            "vot_t": 14,
            "perc_vot": "24,14",
            "sk_bianche": 2,
            "sk_nulle": 0,
            "sk_contestate": 0,
            "voti_si": 9,
            "voti_no": 3,
            "perc_si": "75,00",
            "perc_no": "25,00",
            "dt_agg": 20250609154022
        },
        {
            "cod": 2,
            "desc": null,
            "sz_perv": 1,
            "vot_m": 8,
            "vot_f": 6,
            "vot_t": 14,
            "perc_vot": "24,14",
            "sk_bianche": 2,
            "sk_nulle": 0,
            "sk_contestate": 0,
            "voti_si": 11,
            "voti_no": 1,
            "perc_si": "91,67",
            "perc_no": "8,33",
            "dt_agg": 20250609154225
        },
        {
            "cod": 3,
            "desc": null,
            "sz_perv": 1,
            "vot_m": 8,
            "vot_f": 6,
            "vot_t": 14,
            "perc_vot": "24,14",
            "sk_bianche": 2,
            "sk_nulle": 0,
            "sk_contestate": 0,
            "voti_si": 8,
            "voti_no": 4,
            "perc_si": "66,67",
            "perc_no": "33,33",
            "dt_agg": 20250609154452
        },
        {
            "cod": 4,
            "desc": null,
            "sz_perv": 1,
            "vot_m": 8,
            "vot_f": 6,
            "vot_t": 14,
            "perc_vot": "24,14",
            "sk_bianche": 1,
            "sk_nulle": 0,
            "sk_contestate": 0,
            "voti_si": 11,
            "voti_no": 2,
            "perc_si": "84,62",
            "perc_no": "15,38",
            "dt_agg": 20250609154537
        },
        {
            "cod": 5,
            "desc": null,
            "sz_perv": 1,
            "vot_m": 8,
            "vot_f": 6,
            "vot_t": 14,
            "perc_vot": "24,14",
            "sk_bianche": 1,
            "sk_nulle": 0,
            "sk_contestate": 0,
            "voti_si": 7,
            "voti_no": 6,
            "perc_si": "53,85",
            "perc_no": "46,15",
            "dt_agg": 20250609154630
        }
    ]
}