{
    "int": {
        "st": "ESERCIZIO",
        "t_ele": "Referendum",
        "t_ref": "ABROGATIVO",
        "f_elet": "SCRUTINI",
        "dt_ele": 20250608000000,
        "l_terr": "COMUNE",
        "area": "I",
        "cod_com": 530,
        "desc_com": "MAGLIANO DE' MARSI",
        "cod_prov": 38,
        "desc_prov": "L'AQUILA",
        "cod_reg": 13,
        "desc_reg": "ABRUZZO",
        "ele_m": 1345,
        "ele_f": 1420,
        "ele_t": 2765,
        "sz_tot": 4,
        "tipo_tras": "SZ"
    },
    "note": null,
    "scheda": [
        {
            "cod": 1,
            "desc": null,
            "sz_perv": 4,
            "vot_m": 320,
            "vot_f": 364,
            "vot_t": 684,
            "perc_vot": "24,74",
            "sk_bianche": 12,
            "sk_nulle": 7,
            "sk_contestate": 0,
            "voti_si": 588,
            "voti_no": 77,
            "perc_si": "88,42",
            "perc_no": "11,58",
            "dt_agg": 20250609180311
        },
        {
            "cod": 2,
            "desc": null,
            "sz_perv": 4,
            "vot_m": 320,
            "vot_f": 364,
            "vot_t": 684,
            "perc_vot": "24,74",
            "sk_bianche": 18,
            "sk_nulle": 7,
            "sk_contestate": 0,
            "voti_si": 577,
            "voti_no": 82,
            "perc_si": "87,56",
            "perc_no": "12,44",
            "dt_agg": 20250609180354
        },
        {
            "cod": 3,
            "desc": null,
            "sz_perv": 4,
            "vot_m": 319,
            "vot_f": 364,
            "vot_t": 683,
            "perc_vot": "24,70",
            "sk_bianche": 18,
            "sk_nulle": 10,
            "sk_contestate": 0,
            "voti_si": 580,
            "voti_no": 75,
            "perc_si": "88,55",
            "perc_no": "11,45",
            "dt_agg": 20250609180422
        },
        {
            "cod": 4,
            "desc": null,
            "sz_perv": 4,
            "vot_m": 319,
            "vot_f": 363,
            "vot_t": 682,
            "perc_vot": "24,67",
            "sk_bianche": 17,
            "sk_nulle": 8,
            "sk_contestate": 0,
            "voti_si": 558,
            "voti_no": 99,
            "perc_si": "84,93",
            "perc_no": "15,07",
            "dt_agg": 20250609180452
        },
        {
            "cod": 5,
            "desc": null,
            "sz_perv": 4,
            "vot_m": 320,
            "vot_f": 361,
            "vot_t": 681,
            "perc_vot": "24,63",
            "sk_bianche": 18,
            "sk_nulle": 10,
            "sk_contestate": 0,
            "voti_si": 373,
            "voti_no": 280,
            "perc_si": "57,12",
            "perc_no": "42,88",
            "dt_agg": 20250609180525
        }
    ]
}