{
    "int": {
        "st": "ESERCIZIO",
        "t_ele": "Referendum",
        "t_ref": "ABROGATIVO",
        "f_elet": "SCRUTINI",
        "dt_ele": 20250608000000,
        "l_terr": "COMUNE",
        "area": "I",
        "cod_com": 740,
        "desc_com": "PRATA D'ANSIDONIA",
        "cod_prov": 38,
        "desc_prov": "L'AQUILA",
        "cod_reg": 13,
        "desc_reg": "ABRUZZO",
        "ele_m": 169,
        "ele_f": 163,
        "ele_t": 332,
        "sz_tot": 2,
        "tipo_tras": "SZ"
    },
    "note": null,
    "scheda": [
        {
            "cod": 1,
            "desc": null,
            "sz_perv": 2,
            "vot_m": 48,
            "vot_f": 54,
            "vot_t": 102,
            "perc_vot": "30,72",
            "sk_bianche": 0,
            "sk_nulle": 4,
            "sk_contestate": 0,
            "voti_si": 86,
            "voti_no": 12,
            "perc_si": "87,76",
            "perc_no": "12,24",
            "dt_agg": 20250609182631
        },
        {
            "cod": 2,
            "desc": null,
            "sz_perv": 2,
            "vot_m": 48,
            "vot_f": 54,
            "vot_t": 102,
            "perc_vot": "30,72",
            "sk_bianche": 1,
            "sk_nulle": 4,
            "sk_contestate": 0,
            "voti_si": 85,
            "voti_no": 12,
            "perc_si": "87,63",
            "perc_no": "12,37",
            "dt_agg": 20250609182640
        },
        {
            "cod": 3,
            "desc": null,
            "sz_perv": 2,
            "vot_m": 48,
            "vot_f": 54,
            "vot_t": 102,
            "perc_vot": "30,72",
            "sk_bianche": 1,
            "sk_nulle": 3,
            "sk_contestate": 0,
            "voti_si": 84,
            "voti_no": 14,
            "perc_si": "85,71",
            "perc_no": "14,29",
            "dt_agg": 20250609182742
        },
        {
            "cod": 4,
            "desc": null,
            "sz_perv": 2,
            "vot_m": 48,
            "vot_f": 54,
            "vot_t": 102,
            "perc_vot": "30,72",
            "sk_bianche": 1,
            "sk_nulle": 3,
            "sk_contestate": 0,
            "voti_si": 81,
            "voti_no": 17,
            "perc_si": "82,65",
            "perc_no": "17,35",
            "dt_agg": 20250609182758
        },
        {
            "cod": 5,
            "desc": null,
            "sz_perv": 2,
            "vot_m": 48,
            "vot_f": 54,
            "vot_t": 102,
            "perc_vot": "30,72",
            "sk_bianche": 0,
            "sk_nulle": 2,
            "sk_contestate": 0,
            "voti_si": 61,
            "voti_no": 39,
            "perc_si": "61,00",
            "perc_no": "39,00",
            "dt_agg": 20250609182838
        }
    ]
}