{
    "int": {
        "st": "ESERCIZIO",
        "t_ele": "Referendum",
        "t_ref": "ABROGATIVO",
        "f_elet": "SCRUTINI",
        "dt_ele": 20250608000000,
        "l_terr": "COMUNE",
        "area": "I",
        "cod_com": 60,
        "desc_com": "AVEZZANO",
        "cod_prov": 38,
        "desc_prov": "L'AQUILA",
        "cod_reg": 13,
        "desc_reg": "ABRUZZO",
        "ele_m": 15104,
        "ele_f": 16297,
        "ele_t": 31401,
        "sz_tot": 48,
        "tipo_tras": "SZ"
    },
    "note": null,
    "scheda": [
        {
            "cod": 1,
            "desc": null,
            "sz_perv": 48,
            "vot_m": 3677,
            "vot_f": 4493,
            "vot_t": 8170,
            "perc_vot": "26,02",
            "sk_bianche": 148,
            "sk_nulle": 56,
            "sk_contestate": 0,
            "voti_si": 7163,
            "voti_no": 803,
            "perc_si": "89,92",
            "perc_no": "10,08",
            "dt_agg": 20250609183027
        },
        {
            "cod": 2,
            "desc": null,
            "sz_perv": 48,
            "vot_m": 3676,
            "vot_f": 4492,
            "vot_t": 8168,
            "perc_vot": "26,01",
            "sk_bianche": 166,
            "sk_nulle": 51,
            "sk_contestate": 0,
            "voti_si": 7002,
            "voti_no": 949,
            "perc_si": "88,06",
            "perc_no": "11,94",
            "dt_agg": 20250609183058
        },
        {
            "cod": 3,
            "desc": null,
            "sz_perv": 48,
            "vot_m": 3678,
            "vot_f": 4493,
            "vot_t": 8171,
            "perc_vot": "26,02",
            "sk_bianche": 159,
            "sk_nulle": 56,
            "sk_contestate": 0,
            "voti_si": 7091,
            "voti_no": 865,
            "perc_si": "89,13",
            "perc_no": "10,87",
            "dt_agg": 20250609183103
        },
        {
            "cod": 4,
            "desc": null,
            "sz_perv": 48,
            "vot_m": 3679,
            "vot_f": 4492,
            "vot_t": 8171,
            "perc_vot": "26,02",
            "sk_bianche": 146,
            "sk_nulle": 56,
            "sk_contestate": 0,
            "voti_si": 6927,
            "voti_no": 1042,
            "perc_si": "86,92",
            "perc_no": "13,08",
            "dt_agg": 20250609183108
        },
        {
            "cod": 5,
            "desc": null,
            "sz_perv": 48,
            "vot_m": 3675,
            "vot_f": 4489,
            "vot_t": 8164,
            "perc_vot": "26,00",
            "sk_bianche": 139,
            "sk_nulle": 71,
            "sk_contestate": 0,
            "voti_si": 4675,
            "voti_no": 3279,
            "perc_si": "58,78",
            "perc_no": "41,22",
            "dt_agg": 20250609183109
        }
    ]
}