{
    "int": {
        "st": "ESERCIZIO",
        "t_ele": "Referendum",
        "t_ref": "ABROGATIVO",
        "f_elet": "SCRUTINI",
        "dt_ele": 20250608000000,
        "l_terr": "COMUNE",
        "area": "I",
        "cod_com": 830,
        "desc_com": "ROCCA PIA",
        "cod_prov": 38,
        "desc_prov": "L'AQUILA",
        "cod_reg": 13,
        "desc_reg": "ABRUZZO",
        "ele_m": 73,
        "ele_f": 48,
        "ele_t": 121,
        "sz_tot": 1,
        "tipo_tras": "SZ"
    },
    "note": null,
    "scheda": [
        {
            "cod": 1,
            "desc": null,
            "sz_perv": 1,
            "vot_m": 23,
            "vot_f": 16,
            "vot_t": 39,
            "perc_vot": "32,23",
            "sk_bianche": 3,
            "sk_nulle": 1,
            "sk_contestate": 0,
            "voti_si": 28,
            "voti_no": 7,
            "perc_si": "80,00",
            "perc_no": "20,00",
            "dt_agg": 20250609155635
        },
        {
            "cod": 2,
            "desc": null,
            "sz_perv": 1,
            "vot_m": 23,
            "vot_f": 16,
            "vot_t": 39,
            "perc_vot": "32,23",
            "sk_bianche": 2,
            "sk_nulle": 1,
            "sk_contestate": 0,
            "voti_si": 26,
            "voti_no": 10,
            "perc_si": "72,22",
            "perc_no": "27,78",
            "dt_agg": 20250609160422
        },
        {
            "cod": 3,
            "desc": null,
            "sz_perv": 1,
            "vot_m": 23,
            "vot_f": 16,
            "vot_t": 39,
            "perc_vot": "32,23",
            "sk_bianche": 4,
            "sk_nulle": 1,
            "sk_contestate": 0,
            "voti_si": 28,
            "voti_no": 6,
            "perc_si": "82,35",
            "perc_no": "17,65",
            "dt_agg": 20250609161907
        },
        {
            "cod": 4,
            "desc": null,
            "sz_perv": 1,
            "vot_m": 23,
            "vot_f": 16,
            "vot_t": 39,
            "perc_vot": "32,23",
            "sk_bianche": 2,
            "sk_nulle": 1,
            "sk_contestate": 0,
            "voti_si": 28,
            "voti_no": 8,
            "perc_si": "77,78",
            "perc_no": "22,22",
            "dt_agg": 20250609163024
        },
        {
            "cod": 5,
            "desc": null,
            "sz_perv": 1,
            "vot_m": 23,
            "vot_f": 16,
            "vot_t": 39,
            "perc_vot": "32,23",
            "sk_bianche": 2,
            "sk_nulle": 0,
            "sk_contestate": 0,
            "voti_si": 17,
            "voti_no": 20,
            "perc_si": "45,95",
            "perc_no": "54,05",
            "dt_agg": 20250609164102
        }
    ]
}