{
    "int": {
        "st": "ESERCIZIO",
        "t_ele": "Referendum",
        "t_ref": "ABROGATIVO",
        "f_elet": "SCRUTINI",
        "dt_ele": 20250608000000,
        "l_terr": "COMUNE",
        "area": "I",
        "cod_com": 470,
        "desc_com": "GORIANO SICOLI",
        "cod_prov": 38,
        "desc_prov": "L'AQUILA",
        "cod_reg": 13,
        "desc_reg": "ABRUZZO",
        "ele_m": 225,
        "ele_f": 194,
        "ele_t": 419,
        "sz_tot": 1,
        "tipo_tras": "SZ"
    },
    "note": null,
    "scheda": [
        {
            "cod": 1,
            "desc": null,
            "sz_perv": 1,
            "vot_m": 61,
            "vot_f": 59,
            "vot_t": 120,
            "perc_vot": "28,64",
            "sk_bianche": 4,
            "sk_nulle": 1,
            "sk_contestate": 0,
            "voti_si": 106,
            "voti_no": 9,
            "perc_si": "92,17",
            "perc_no": "7,83",
            "dt_agg": 20250609160940
        },
        {
            "cod": 2,
            "desc": null,
            "sz_perv": 1,
            "vot_m": 61,
            "vot_f": 59,
            "vot_t": 120,
            "perc_vot": "28,64",
            "sk_bianche": 4,
            "sk_nulle": 2,
            "sk_contestate": 0,
            "voti_si": 103,
            "voti_no": 11,
            "perc_si": "90,35",
            "perc_no": "9,65",
            "dt_agg": 20250609161106
        },
        {
            "cod": 3,
            "desc": null,
            "sz_perv": 1,
            "vot_m": 61,
            "vot_f": 59,
            "vot_t": 120,
            "perc_vot": "28,64",
            "sk_bianche": 6,
            "sk_nulle": 3,
            "sk_contestate": 0,
            "voti_si": 102,
            "voti_no": 9,
            "perc_si": "91,89",
            "perc_no": "8,11",
            "dt_agg": 20250609161308
        },
        {
            "cod": 4,
            "desc": null,
            "sz_perv": 1,
            "vot_m": 61,
            "vot_f": 59,
            "vot_t": 120,
            "perc_vot": "28,64",
            "sk_bianche": 4,
            "sk_nulle": 3,
            "sk_contestate": 0,
            "voti_si": 101,
            "voti_no": 12,
            "perc_si": "89,38",
            "perc_no": "10,62",
            "dt_agg": 20250609161312
        },
        {
            "cod": 5,
            "desc": null,
            "sz_perv": 1,
            "vot_m": 61,
            "vot_f": 59,
            "vot_t": 120,
            "perc_vot": "28,64",
            "sk_bianche": 6,
            "sk_nulle": 4,
            "sk_contestate": 0,
            "voti_si": 69,
            "voti_no": 41,
            "perc_si": "62,73",
            "perc_no": "37,27",
            "dt_agg": 20250609161353
        }
    ]
}