{
    "int": {
        "st": "ESERCIZIO",
        "t_ele": "Referendum",
        "t_ref": "ABROGATIVO",
        "f_elet": "SCRUTINI",
        "dt_ele": 20250608000000,
        "l_terr": "COMUNE",
        "area": "I",
        "cod_com": 440,
        "desc_com": "FOSSA",
        "cod_prov": 38,
        "desc_prov": "L'AQUILA",
        "cod_reg": 13,
        "desc_reg": "ABRUZZO",
        "ele_m": 253,
        "ele_f": 259,
        "ele_t": 512,
        "sz_tot": 1,
        "tipo_tras": "SZ"
    },
    "note": null,
    "scheda": [
        {
            "cod": 1,
            "desc": null,
            "sz_perv": 1,
            "vot_m": 81,
            "vot_f": 92,
            "vot_t": 173,
            "perc_vot": "33,79",
            "sk_bianche": 4,
            "sk_nulle": 2,
            "sk_contestate": 0,
            "voti_si": 144,
            "voti_no": 23,
            "perc_si": "86,23",
            "perc_no": "13,77",
            "dt_agg": 20250609183114
        },
        {
            "cod": 2,
            "desc": null,
            "sz_perv": 1,
            "vot_m": 81,
            "vot_f": 92,
            "vot_t": 173,
            "perc_vot": "33,79",
            "sk_bianche": 4,
            "sk_nulle": 2,
            "sk_contestate": 0,
            "voti_si": 145,
            "voti_no": 22,
            "perc_si": "86,83",
            "perc_no": "13,17",
            "dt_agg": 20250609183122
        },
        {
            "cod": 3,
            "desc": null,
            "sz_perv": 1,
            "vot_m": 81,
            "vot_f": 92,
            "vot_t": 173,
            "perc_vot": "33,79",
            "sk_bianche": 5,
            "sk_nulle": 2,
            "sk_contestate": 0,
            "voti_si": 140,
            "voti_no": 26,
            "perc_si": "84,34",
            "perc_no": "15,66",
            "dt_agg": 20250609183203
        },
        {
            "cod": 4,
            "desc": null,
            "sz_perv": 1,
            "vot_m": 81,
            "vot_f": 92,
            "vot_t": 173,
            "perc_vot": "33,79",
            "sk_bianche": 4,
            "sk_nulle": 3,
            "sk_contestate": 0,
            "voti_si": 140,
            "voti_no": 26,
            "perc_si": "84,34",
            "perc_no": "15,66",
            "dt_agg": 20250609183257
        },
        {
            "cod": 5,
            "desc": null,
            "sz_perv": 1,
            "vot_m": 80,
            "vot_f": 92,
            "vot_t": 172,
            "perc_vot": "33,59",
            "sk_bianche": 3,
            "sk_nulle": 2,
            "sk_contestate": 0,
            "voti_si": 110,
            "voti_no": 57,
            "perc_si": "65,87",
            "perc_no": "34,13",
            "dt_agg": 20250609183358
        }
    ]
}