{
    "int": {
        "st": "ESERCIZIO",
        "t_ele": "Referendum",
        "t_ref": "ABROGATIVO",
        "f_elet": "SCRUTINI",
        "dt_ele": 20250608000000,
        "l_terr": "COMUNE",
        "area": "I",
        "cod_com": 690,
        "desc_com": "PESCINA",
        "cod_prov": 38,
        "desc_prov": "L'AQUILA",
        "cod_reg": 13,
        "desc_reg": "ABRUZZO",
        "ele_m": 1429,
        "ele_f": 1481,
        "ele_t": 2910,
        "sz_tot": 4,
        "tipo_tras": "SZ"
    },
    "note": null,
    "scheda": [
        {
            "cod": 1,
            "desc": null,
            "sz_perv": 4,
            "vot_m": 416,
            "vot_f": 443,
            "vot_t": 859,
            "perc_vot": "29,52",
            "sk_bianche": 19,
            "sk_nulle": 9,
            "sk_contestate": 0,
            "voti_si": 746,
            "voti_no": 85,
            "perc_si": "89,77",
            "perc_no": "10,23",
            "dt_agg": 20250609171743
        },
        {
            "cod": 2,
            "desc": null,
            "sz_perv": 4,
            "vot_m": 416,
            "vot_f": 443,
            "vot_t": 859,
            "perc_vot": "29,52",
            "sk_bianche": 21,
            "sk_nulle": 8,
            "sk_contestate": 0,
            "voti_si": 741,
            "voti_no": 89,
            "perc_si": "89,28",
            "perc_no": "10,72",
            "dt_agg": 20250609171808
        },
        {
            "cod": 3,
            "desc": null,
            "sz_perv": 4,
            "vot_m": 416,
            "vot_f": 443,
            "vot_t": 859,
            "perc_vot": "29,52",
            "sk_bianche": 24,
            "sk_nulle": 9,
            "sk_contestate": 0,
            "voti_si": 741,
            "voti_no": 85,
            "perc_si": "89,71",
            "perc_no": "10,29",
            "dt_agg": 20250609171914
        },
        {
            "cod": 4,
            "desc": null,
            "sz_perv": 4,
            "vot_m": 416,
            "vot_f": 443,
            "vot_t": 859,
            "perc_vot": "29,52",
            "sk_bianche": 27,
            "sk_nulle": 8,
            "sk_contestate": 0,
            "voti_si": 735,
            "voti_no": 89,
            "perc_si": "89,20",
            "perc_no": "10,80",
            "dt_agg": 20250609171916
        },
        {
            "cod": 5,
            "desc": null,
            "sz_perv": 4,
            "vot_m": 414,
            "vot_f": 443,
            "vot_t": 857,
            "perc_vot": "29,45",
            "sk_bianche": 30,
            "sk_nulle": 13,
            "sk_contestate": 0,
            "voti_si": 397,
            "voti_no": 417,
            "perc_si": "48,77",
            "perc_no": "51,23",
            "dt_agg": 20250609171930
        }
    ]
}