{
    "int": {
        "st": "ESERCIZIO",
        "t_ele": "Referendum",
        "t_ref": "ABROGATIVO",
        "f_elet": "SCRUTINI",
        "dt_ele": 20250608000000,
        "l_terr": "COMUNE",
        "area": "I",
        "cod_com": 900,
        "desc_com": "SANTO STEFANO DI SESSANIO",
        "cod_prov": 38,
        "desc_prov": "L'AQUILA",
        "cod_reg": 13,
        "desc_reg": "ABRUZZO",
        "ele_m": 42,
        "ele_f": 43,
        "ele_t": 85,
        "sz_tot": 1,
        "tipo_tras": "SZ"
    },
    "note": null,
    "scheda": [
        {
            "cod": 1,
            "desc": null,
            "sz_perv": 1,
            "vot_m": 19,
            "vot_f": 19,
            "vot_t": 38,
            "perc_vot": "44,71",
            "sk_bianche": 1,
            "sk_nulle": 2,
            "sk_contestate": 0,
            "voti_si": 30,
            "voti_no": 5,
            "perc_si": "85,71",
            "perc_no": "14,29",
            "dt_agg": 20250609165855
        },
        {
            "cod": 2,
            "desc": null,
            "sz_perv": 1,
            "vot_m": 19,
            "vot_f": 19,
            "vot_t": 38,
            "perc_vot": "44,71",
            "sk_bianche": 2,
            "sk_nulle": 2,
            "sk_contestate": 0,
            "voti_si": 30,
            "voti_no": 4,
            "perc_si": "88,24",
            "perc_no": "11,76",
            "dt_agg": 20250609165923
        },
        {
            "cod": 3,
            "desc": null,
            "sz_perv": 1,
            "vot_m": 19,
            "vot_f": 19,
            "vot_t": 38,
            "perc_vot": "44,71",
            "sk_bianche": 1,
            "sk_nulle": 2,
            "sk_contestate": 0,
            "voti_si": 29,
            "voti_no": 6,
            "perc_si": "82,86",
            "perc_no": "17,14",
            "dt_agg": 20250609170100
        },
        {
            "cod": 4,
            "desc": null,
            "sz_perv": 1,
            "vot_m": 19,
            "vot_f": 19,
            "vot_t": 38,
            "perc_vot": "44,71",
            "sk_bianche": 2,
            "sk_nulle": 2,
            "sk_contestate": 0,
            "voti_si": 29,
            "voti_no": 5,
            "perc_si": "85,29",
            "perc_no": "14,71",
            "dt_agg": 20250609170121
        },
        {
            "cod": 5,
            "desc": null,
            "sz_perv": 1,
            "vot_m": 19,
            "vot_f": 18,
            "vot_t": 37,
            "perc_vot": "43,53",
            "sk_bianche": 2,
            "sk_nulle": 2,
            "sk_contestate": 0,
            "voti_si": 23,
            "voti_no": 10,
            "perc_si": "69,70",
            "perc_no": "30,30",
            "dt_agg": 20250609170153
        }
    ]
}