{
    "int": {
        "st": "ESERCIZIO",
        "t_ele": "Referendum",
        "t_ref": "ABROGATIVO",
        "f_elet": "SCRUTINI",
        "dt_ele": 20250608000000,
        "l_terr": "COMUNE",
        "area": "I",
        "cod_com": 400,
        "desc_com": "COLLEPIETRO",
        "cod_prov": 38,
        "desc_prov": "L'AQUILA",
        "cod_reg": 13,
        "desc_reg": "ABRUZZO",
        "ele_m": 83,
        "ele_f": 80,
        "ele_t": 163,
        "sz_tot": 1,
        "tipo_tras": "SZ"
    },
    "note": null,
    "scheda": [
        {
            "cod": 1,
            "desc": null,
            "sz_perv": 1,
            "vot_m": 25,
            "vot_f": 19,
            "vot_t": 44,
            "perc_vot": "26,99",
            "sk_bianche": 1,
            "sk_nulle": 0,
            "sk_contestate": 0,
            "voti_si": 35,
            "voti_no": 8,
            "perc_si": "81,40",
            "perc_no": "18,60",
            "dt_agg": 20250609171916
        },
        {
            "cod": 2,
            "desc": null,
            "sz_perv": 1,
            "vot_m": 25,
            "vot_f": 19,
            "vot_t": 44,
            "perc_vot": "26,99",
            "sk_bianche": 2,
            "sk_nulle": 0,
            "sk_contestate": 0,
            "voti_si": 26,
            "voti_no": 16,
            "perc_si": "61,90",
            "perc_no": "38,10",
            "dt_agg": 20250609172130
        },
        {
            "cod": 3,
            "desc": null,
            "sz_perv": 1,
            "vot_m": 25,
            "vot_f": 19,
            "vot_t": 44,
            "perc_vot": "26,99",
            "sk_bianche": 2,
            "sk_nulle": 0,
            "sk_contestate": 0,
            "voti_si": 34,
            "voti_no": 8,
            "perc_si": "80,95",
            "perc_no": "19,05",
            "dt_agg": 20250609172228
        },
        {
            "cod": 4,
            "desc": null,
            "sz_perv": 1,
            "vot_m": 25,
            "vot_f": 19,
            "vot_t": 44,
            "perc_vot": "26,99",
            "sk_bianche": 3,
            "sk_nulle": 0,
            "sk_contestate": 0,
            "voti_si": 28,
            "voti_no": 13,
            "perc_si": "68,29",
            "perc_no": "31,71",
            "dt_agg": 20250609172305
        },
        {
            "cod": 5,
            "desc": null,
            "sz_perv": 1,
            "vot_m": 25,
            "vot_f": 19,
            "vot_t": 44,
            "perc_vot": "26,99",
            "sk_bianche": 2,
            "sk_nulle": 0,
            "sk_contestate": 0,
            "voti_si": 11,
            "voti_no": 31,
            "perc_si": "26,19",
            "perc_no": "73,81",
            "dt_agg": 20250609172628
        }
    ]
}