{
    "int": {
        "st": "ESERCIZIO",
        "t_ele": "Referendum",
        "t_ref": "ABROGATIVO",
        "f_elet": "SCRUTINI",
        "dt_ele": 20250608000000,
        "l_terr": "COMUNE",
        "area": "I",
        "cod_com": 520,
        "desc_com": "LUCOLI",
        "cod_prov": 38,
        "desc_prov": "L'AQUILA",
        "cod_reg": 13,
        "desc_reg": "ABRUZZO",
        "ele_m": 362,
        "ele_f": 328,
        "ele_t": 690,
        "sz_tot": 2,
        "tipo_tras": "SZ"
    },
    "note": null,
    "scheda": [
        {
            "cod": 1,
            "desc": null,
            "sz_perv": 2,
            "vot_m": 95,
            "vot_f": 90,
            "vot_t": 185,
            "perc_vot": "26,81",
            "sk_bianche": 1,
            "sk_nulle": 2,
            "sk_contestate": 0,
            "voti_si": 170,
            "voti_no": 12,
            "perc_si": "93,41",
            "perc_no": "6,59",
            "dt_agg": 20250609162944
        },
        {
            "cod": 2,
            "desc": null,
            "sz_perv": 2,
            "vot_m": 95,
            "vot_f": 90,
            "vot_t": 185,
            "perc_vot": "26,81",
            "sk_bianche": 1,
            "sk_nulle": 3,
            "sk_contestate": 0,
            "voti_si": 167,
            "voti_no": 14,
            "perc_si": "92,27",
            "perc_no": "7,73",
            "dt_agg": 20250609162944
        },
        {
            "cod": 3,
            "desc": null,
            "sz_perv": 2,
            "vot_m": 95,
            "vot_f": 90,
            "vot_t": 185,
            "perc_vot": "26,81",
            "sk_bianche": 2,
            "sk_nulle": 3,
            "sk_contestate": 0,
            "voti_si": 169,
            "voti_no": 11,
            "perc_si": "93,89",
            "perc_no": "6,11",
            "dt_agg": 20250609163024
        },
        {
            "cod": 4,
            "desc": null,
            "sz_perv": 2,
            "vot_m": 95,
            "vot_f": 90,
            "vot_t": 185,
            "perc_vot": "26,81",
            "sk_bianche": 3,
            "sk_nulle": 2,
            "sk_contestate": 0,
            "voti_si": 163,
            "voti_no": 17,
            "perc_si": "90,56",
            "perc_no": "9,44",
            "dt_agg": 20250609163050
        },
        {
            "cod": 5,
            "desc": null,
            "sz_perv": 2,
            "vot_m": 95,
            "vot_f": 89,
            "vot_t": 184,
            "perc_vot": "26,67",
            "sk_bianche": 2,
            "sk_nulle": 1,
            "sk_contestate": 0,
            "voti_si": 116,
            "voti_no": 65,
            "perc_si": "64,09",
            "perc_no": "35,91",
            "dt_agg": 20250609163219
        }
    ]
}