{
    "int": {
        "st": "ESERCIZIO",
        "t_ele": "Referendum",
        "t_ref": "ABROGATIVO",
        "f_elet": "SCRUTINI",
        "dt_ele": 20250608000000,
        "l_terr": "COMUNE",
        "area": "I",
        "cod_com": 320,
        "desc_com": "CELANO",
        "cod_prov": 38,
        "desc_prov": "L'AQUILA",
        "cod_reg": 13,
        "desc_reg": "ABRUZZO",
        "ele_m": 3764,
        "ele_f": 3784,
        "ele_t": 7548,
        "sz_tot": 11,
        "tipo_tras": "SZ"
    },
    "note": null,
    "scheda": [
        {
            "cod": 1,
            "desc": null,
            "sz_perv": 11,
            "vot_m": 731,
            "vot_f": 893,
            "vot_t": 1624,
            "perc_vot": "21,52",
            "sk_bianche": 45,
            "sk_nulle": 30,
            "sk_contestate": 0,
            "voti_si": 1351,
            "voti_no": 198,
            "perc_si": "87,22",
            "perc_no": "12,78",
            "dt_agg": 20250609174408
        },
        {
            "cod": 2,
            "desc": null,
            "sz_perv": 11,
            "vot_m": 731,
            "vot_f": 893,
            "vot_t": 1624,
            "perc_vot": "21,52",
            "sk_bianche": 46,
            "sk_nulle": 25,
            "sk_contestate": 0,
            "voti_si": 1318,
            "voti_no": 235,
            "perc_si": "84,87",
            "perc_no": "15,13",
            "dt_agg": 20250609174408
        },
        {
            "cod": 3,
            "desc": null,
            "sz_perv": 11,
            "vot_m": 731,
            "vot_f": 893,
            "vot_t": 1624,
            "perc_vot": "21,52",
            "sk_bianche": 50,
            "sk_nulle": 27,
            "sk_contestate": 0,
            "voti_si": 1350,
            "voti_no": 197,
            "perc_si": "87,27",
            "perc_no": "12,73",
            "dt_agg": 20250609174408
        },
        {
            "cod": 4,
            "desc": null,
            "sz_perv": 11,
            "vot_m": 731,
            "vot_f": 893,
            "vot_t": 1624,
            "perc_vot": "21,52",
            "sk_bianche": 50,
            "sk_nulle": 29,
            "sk_contestate": 0,
            "voti_si": 1314,
            "voti_no": 231,
            "perc_si": "85,05",
            "perc_no": "14,95",
            "dt_agg": 20250609174424
        },
        {
            "cod": 5,
            "desc": null,
            "sz_perv": 11,
            "vot_m": 731,
            "vot_f": 893,
            "vot_t": 1624,
            "perc_vot": "21,52",
            "sk_bianche": 33,
            "sk_nulle": 22,
            "sk_contestate": 0,
            "voti_si": 828,
            "voti_no": 741,
            "perc_si": "52,77",
            "perc_no": "47,23",
            "dt_agg": 20250609174416
        }
    ]
}