{
    "int": {
        "st": "ESERCIZIO",
        "t_ele": "Referendum",
        "t_ref": "ABROGATIVO",
        "f_elet": "SCRUTINI",
        "dt_ele": 20250608000000,
        "l_terr": "COMUNE",
        "area": "I",
        "cod_com": 1010,
        "desc_com": "TRASACCO",
        "cod_prov": 38,
        "desc_prov": "L'AQUILA",
        "cod_reg": 13,
        "desc_reg": "ABRUZZO",
        "ele_m": 2209,
        "ele_f": 2151,
        "ele_t": 4360,
        "sz_tot": 6,
        "tipo_tras": "SZ"
    },
    "note": null,
    "scheda": [
        {
            "cod": 1,
            "desc": null,
            "sz_perv": 6,
            "vot_m": 456,
            "vot_f": 481,
            "vot_t": 937,
            "perc_vot": "21,49",
            "sk_bianche": 30,
            "sk_nulle": 17,
            "sk_contestate": 0,
            "voti_si": 790,
            "voti_no": 100,
            "perc_si": "88,76",
            "perc_no": "11,24",
            "dt_agg": 20250609183633
        },
        {
            "cod": 2,
            "desc": null,
            "sz_perv": 6,
            "vot_m": 456,
            "vot_f": 481,
            "vot_t": 937,
            "perc_vot": "21,49",
            "sk_bianche": 26,
            "sk_nulle": 15,
            "sk_contestate": 0,
            "voti_si": 784,
            "voti_no": 112,
            "perc_si": "87,50",
            "perc_no": "12,50",
            "dt_agg": 20250609183805
        },
        {
            "cod": 3,
            "desc": null,
            "sz_perv": 6,
            "vot_m": 456,
            "vot_f": 481,
            "vot_t": 937,
            "perc_vot": "21,49",
            "sk_bianche": 29,
            "sk_nulle": 13,
            "sk_contestate": 0,
            "voti_si": 776,
            "voti_no": 119,
            "perc_si": "86,70",
            "perc_no": "13,30",
            "dt_agg": 20250609183805
        },
        {
            "cod": 4,
            "desc": null,
            "sz_perv": 6,
            "vot_m": 455,
            "vot_f": 481,
            "vot_t": 936,
            "perc_vot": "21,47",
            "sk_bianche": 28,
            "sk_nulle": 14,
            "sk_contestate": 0,
            "voti_si": 759,
            "voti_no": 135,
            "perc_si": "84,90",
            "perc_no": "15,10",
            "dt_agg": 20250609184449
        },
        {
            "cod": 5,
            "desc": null,
            "sz_perv": 6,
            "vot_m": 453,
            "vot_f": 480,
            "vot_t": 933,
            "perc_vot": "21,40",
            "sk_bianche": 34,
            "sk_nulle": 15,
            "sk_contestate": 0,
            "voti_si": 402,
            "voti_no": 482,
            "perc_si": "45,48",
            "perc_no": "54,52",
            "dt_agg": 20250609184235
        }
    ]
}