{
    "int": {
        "st": "ESERCIZIO",
        "t_ele": "Referendum",
        "t_ref": "ABROGATIVO",
        "f_elet": "SCRUTINI",
        "dt_ele": 20250608000000,
        "l_terr": "COMUNE",
        "area": "I",
        "cod_com": 970,
        "desc_com": "SULMONA",
        "cod_prov": 38,
        "desc_prov": "L'AQUILA",
        "cod_reg": 13,
        "desc_reg": "ABRUZZO",
        "ele_m": 8348,
        "ele_f": 9301,
        "ele_t": 17649,
        "sz_tot": 25,
        "tipo_tras": "SZ"
    },
    "note": null,
    "scheda": [
        {
            "cod": 1,
            "desc": null,
            "sz_perv": 25,
            "vot_m": 2418,
            "vot_f": 2875,
            "vot_t": 5293,
            "perc_vot": "29,99",
            "sk_bianche": 67,
            "sk_nulle": 36,
            "sk_contestate": 0,
            "voti_si": 4699,
            "voti_no": 491,
            "perc_si": "90,54",
            "perc_no": "9,46",
            "dt_agg": 20250609184849
        },
        {
            "cod": 2,
            "desc": null,
            "sz_perv": 25,
            "vot_m": 2418,
            "vot_f": 2873,
            "vot_t": 5291,
            "perc_vot": "29,98",
            "sk_bianche": 67,
            "sk_nulle": 37,
            "sk_contestate": 0,
            "voti_si": 4628,
            "voti_no": 559,
            "perc_si": "89,22",
            "perc_no": "10,78",
            "dt_agg": 20250609184932
        },
        {
            "cod": 3,
            "desc": null,
            "sz_perv": 25,
            "vot_m": 2418,
            "vot_f": 2875,
            "vot_t": 5293,
            "perc_vot": "29,99",
            "sk_bianche": 84,
            "sk_nulle": 36,
            "sk_contestate": 0,
            "voti_si": 4652,
            "voti_no": 521,
            "perc_si": "89,93",
            "perc_no": "10,07",
            "dt_agg": 20250609184932
        },
        {
            "cod": 4,
            "desc": null,
            "sz_perv": 25,
            "vot_m": 2419,
            "vot_f": 2875,
            "vot_t": 5294,
            "perc_vot": "30,00",
            "sk_bianche": 68,
            "sk_nulle": 39,
            "sk_contestate": 0,
            "voti_si": 4598,
            "voti_no": 589,
            "perc_si": "88,64",
            "perc_no": "11,36",
            "dt_agg": 20250609184932
        },
        {
            "cod": 5,
            "desc": null,
            "sz_perv": 25,
            "vot_m": 2422,
            "vot_f": 2875,
            "vot_t": 5297,
            "perc_vot": "30,01",
            "sk_bianche": 63,
            "sk_nulle": 34,
            "sk_contestate": 0,
            "voti_si": 3231,
            "voti_no": 1969,
            "perc_si": "62,13",
            "perc_no": "37,87",
            "dt_agg": 20250609184947
        }
    ]
}