{
    "int": {
        "st": "ESERCIZIO",
        "t_ele": "Referendum",
        "t_ref": "ABROGATIVO",
        "f_elet": "SCRUTINI",
        "dt_ele": 20250608000000,
        "l_terr": "COMUNE",
        "area": "I",
        "cod_com": 860,
        "desc_com": "SAN BENEDETTO IN PERILLIS",
        "cod_prov": 38,
        "desc_prov": "L'AQUILA",
        "cod_reg": 13,
        "desc_reg": "ABRUZZO",
        "ele_m": 44,
        "ele_f": 37,
        "ele_t": 81,
        "sz_tot": 1,
        "tipo_tras": "SZ"
    },
    "note": null,
    "scheda": [
        {
            "cod": 1,
            "desc": null,
            "sz_perv": 1,
            "vot_m": 16,
            "vot_f": 11,
            "vot_t": 27,
            "perc_vot": "33,33",
            "sk_bianche": 0,
            "sk_nulle": 0,
            "sk_contestate": 0,
            "voti_si": 23,
            "voti_no": 4,
            "perc_si": "85,19",
            "perc_no": "14,81",
            "dt_agg": 20250609154857
        },
        {
            "cod": 2,
            "desc": null,
            "sz_perv": 1,
            "vot_m": 16,
            "vot_f": 11,
            "vot_t": 27,
            "perc_vot": "33,33",
            "sk_bianche": 0,
            "sk_nulle": 0,
            "sk_contestate": 0,
            "voti_si": 25,
            "voti_no": 2,
            "perc_si": "92,59",
            "perc_no": "7,41",
            "dt_agg": 20250609155019
        },
        {
            "cod": 3,
            "desc": null,
            "sz_perv": 1,
            "vot_m": 16,
            "vot_f": 11,
            "vot_t": 27,
            "perc_vot": "33,33",
            "sk_bianche": 0,
            "sk_nulle": 0,
            "sk_contestate": 0,
            "voti_si": 25,
            "voti_no": 2,
            "perc_si": "92,59",
            "perc_no": "7,41",
            "dt_agg": 20250609155035
        },
        {
            "cod": 4,
            "desc": null,
            "sz_perv": 1,
            "vot_m": 17,
            "vot_f": 11,
            "vot_t": 28,
            "perc_vot": "34,57",
            "sk_bianche": 0,
            "sk_nulle": 0,
            "sk_contestate": 0,
            "voti_si": 25,
            "voti_no": 3,
            "perc_si": "89,29",
            "perc_no": "10,71",
            "dt_agg": 20250609153839
        },
        {
            "cod": 5,
            "desc": null,
            "sz_perv": 1,
            "vot_m": 16,
            "vot_f": 11,
            "vot_t": 27,
            "perc_vot": "33,33",
            "sk_bianche": 0,
            "sk_nulle": 0,
            "sk_contestate": 0,
            "voti_si": 18,
            "voti_no": 9,
            "perc_si": "66,67",
            "perc_no": "33,33",
            "dt_agg": 20250609155136
        }
    ]
}