{
    "int": {
        "st": "ESERCIZIO",
        "t_ele": "Referendum",
        "t_ref": "ABROGATIVO",
        "f_elet": "SCRUTINI",
        "dt_ele": 20250608000000,
        "l_terr": "COMUNE",
        "area": "I",
        "cod_com": 510,
        "desc_com": "LUCO DEI MARSI",
        "cod_prov": 38,
        "desc_prov": "L'AQUILA",
        "cod_reg": 13,
        "desc_reg": "ABRUZZO",
        "ele_m": 2055,
        "ele_f": 2046,
        "ele_t": 4101,
        "sz_tot": 5,
        "tipo_tras": "SZ"
    },
    "note": null,
    "scheda": [
        {
            "cod": 1,
            "desc": null,
            "sz_perv": 5,
            "vot_m": 423,
            "vot_f": 489,
            "vot_t": 912,
            "perc_vot": "22,24",
            "sk_bianche": 29,
            "sk_nulle": 7,
            "sk_contestate": 0,
            "voti_si": 768,
            "voti_no": 108,
            "perc_si": "87,67",
            "perc_no": "12,33",
            "dt_agg": 20250609174127
        },
        {
            "cod": 2,
            "desc": null,
            "sz_perv": 5,
            "vot_m": 423,
            "vot_f": 489,
            "vot_t": 912,
            "perc_vot": "22,24",
            "sk_bianche": 30,
            "sk_nulle": 10,
            "sk_contestate": 0,
            "voti_si": 747,
            "voti_no": 125,
            "perc_si": "85,67",
            "perc_no": "14,33",
            "dt_agg": 20250609174145
        },
        {
            "cod": 3,
            "desc": null,
            "sz_perv": 5,
            "vot_m": 424,
            "vot_f": 489,
            "vot_t": 913,
            "perc_vot": "22,26",
            "sk_bianche": 29,
            "sk_nulle": 10,
            "sk_contestate": 0,
            "voti_si": 773,
            "voti_no": 101,
            "perc_si": "88,44",
            "perc_no": "11,56",
            "dt_agg": 20250609174149
        },
        {
            "cod": 4,
            "desc": null,
            "sz_perv": 5,
            "vot_m": 425,
            "vot_f": 489,
            "vot_t": 914,
            "perc_vot": "22,29",
            "sk_bianche": 31,
            "sk_nulle": 8,
            "sk_contestate": 0,
            "voti_si": 751,
            "voti_no": 124,
            "perc_si": "85,83",
            "perc_no": "14,17",
            "dt_agg": 20250609174226
        },
        {
            "cod": 5,
            "desc": null,
            "sz_perv": 5,
            "vot_m": 419,
            "vot_f": 486,
            "vot_t": 905,
            "perc_vot": "22,07",
            "sk_bianche": 28,
            "sk_nulle": 10,
            "sk_contestate": 0,
            "voti_si": 468,
            "voti_no": 399,
            "perc_si": "53,98",
            "perc_no": "46,02",
            "dt_agg": 20250609174257
        }
    ]
}