{
    "int": {
        "st": "ESERCIZIO",
        "t_ele": "Referendum",
        "t_ref": "ABROGATIVO",
        "f_elet": "SCRUTINI",
        "dt_ele": 20250608000000,
        "l_terr": "COMUNE",
        "area": "I",
        "cod_com": 300,
        "desc_com": "CASTELVECCHIO CALVISIO",
        "cod_prov": 38,
        "desc_prov": "L'AQUILA",
        "cod_reg": 13,
        "desc_reg": "ABRUZZO",
        "ele_m": 48,
        "ele_f": 54,
        "ele_t": 102,
        "sz_tot": 1,
        "tipo_tras": "SZ"
    },
    "note": null,
    "scheda": [
        {
            "cod": 1,
            "desc": null,
            "sz_perv": 1,
            "vot_m": 12,
            "vot_f": 21,
            "vot_t": 33,
            "perc_vot": "32,35",
            "sk_bianche": 2,
            "sk_nulle": 3,
            "sk_contestate": 0,
            "voti_si": 28,
            "voti_no": 0,
            "perc_si": "100,00",
            "perc_no": "0",
            "dt_agg": 20250609161106
        },
        {
            "cod": 2,
            "desc": null,
            "sz_perv": 1,
            "vot_m": 12,
            "vot_f": 21,
            "vot_t": 33,
            "perc_vot": "32,35",
            "sk_bianche": 2,
            "sk_nulle": 3,
            "sk_contestate": 0,
            "voti_si": 28,
            "voti_no": 0,
            "perc_si": "100,00",
            "perc_no": "0",
            "dt_agg": 20250609161117
        },
        {
            "cod": 3,
            "desc": null,
            "sz_perv": 1,
            "vot_m": 12,
            "vot_f": 21,
            "vot_t": 33,
            "perc_vot": "32,35",
            "sk_bianche": 2,
            "sk_nulle": 3,
            "sk_contestate": 0,
            "voti_si": 28,
            "voti_no": 0,
            "perc_si": "100,00",
            "perc_no": "0",
            "dt_agg": 20250609161308
        },
        {
            "cod": 4,
            "desc": null,
            "sz_perv": 1,
            "vot_m": 12,
            "vot_f": 21,
            "vot_t": 33,
            "perc_vot": "32,35",
            "sk_bianche": 2,
            "sk_nulle": 3,
            "sk_contestate": 0,
            "voti_si": 28,
            "voti_no": 0,
            "perc_si": "100,00",
            "perc_no": "0",
            "dt_agg": 20250609161308
        },
        {
            "cod": 5,
            "desc": null,
            "sz_perv": 1,
            "vot_m": 12,
            "vot_f": 21,
            "vot_t": 33,
            "perc_vot": "32,35",
            "sk_bianche": 1,
            "sk_nulle": 1,
            "sk_contestate": 0,
            "voti_si": 10,
            "voti_no": 21,
            "perc_si": "32,26",
            "perc_no": "67,74",
            "dt_agg": 20250609161308
        }
    ]
}