{
    "int": {
        "st": "ESERCIZIO",
        "t_ele": "Referendum",
        "t_ref": "ABROGATIVO",
        "f_elet": "SCRUTINI",
        "dt_ele": 20250608000000,
        "l_terr": "COMUNE",
        "area": "I",
        "cod_com": 800,
        "desc_com": "ROCCA DI BOTTE",
        "cod_prov": 38,
        "desc_prov": "L'AQUILA",
        "cod_reg": 13,
        "desc_reg": "ABRUZZO",
        "ele_m": 393,
        "ele_f": 305,
        "ele_t": 698,
        "sz_tot": 1,
        "tipo_tras": "SZ"
    },
    "note": null,
    "scheda": [
        {
            "cod": 1,
            "desc": null,
            "sz_perv": 1,
            "vot_m": 113,
            "vot_f": 92,
            "vot_t": 205,
            "perc_vot": "29,37",
            "sk_bianche": 1,
            "sk_nulle": 2,
            "sk_contestate": 0,
            "voti_si": 179,
            "voti_no": 23,
            "perc_si": "88,61",
            "perc_no": "11,39",
            "dt_agg": 20250609180843
        },
        {
            "cod": 2,
            "desc": null,
            "sz_perv": 1,
            "vot_m": 113,
            "vot_f": 92,
            "vot_t": 205,
            "perc_vot": "29,37",
            "sk_bianche": 1,
            "sk_nulle": 2,
            "sk_contestate": 0,
            "voti_si": 173,
            "voti_no": 29,
            "perc_si": "85,64",
            "perc_no": "14,36",
            "dt_agg": 20250609180938
        },
        {
            "cod": 3,
            "desc": null,
            "sz_perv": 1,
            "vot_m": 113,
            "vot_f": 92,
            "vot_t": 205,
            "perc_vot": "29,37",
            "sk_bianche": 1,
            "sk_nulle": 2,
            "sk_contestate": 0,
            "voti_si": 178,
            "voti_no": 24,
            "perc_si": "88,12",
            "perc_no": "11,88",
            "dt_agg": 20250609181252
        },
        {
            "cod": 4,
            "desc": null,
            "sz_perv": 1,
            "vot_m": 113,
            "vot_f": 92,
            "vot_t": 205,
            "perc_vot": "29,37",
            "sk_bianche": 0,
            "sk_nulle": 2,
            "sk_contestate": 0,
            "voti_si": 166,
            "voti_no": 37,
            "perc_si": "81,77",
            "perc_no": "18,23",
            "dt_agg": 20250609182031
        },
        {
            "cod": 5,
            "desc": null,
            "sz_perv": 1,
            "vot_m": 113,
            "vot_f": 92,
            "vot_t": 205,
            "perc_vot": "29,37",
            "sk_bianche": 1,
            "sk_nulle": 3,
            "sk_contestate": 0,
            "voti_si": 111,
            "voti_no": 90,
            "perc_si": "55,22",
            "perc_no": "44,78",
            "dt_agg": 20250609182031
        }
    ]
}