{
    "int": {
        "st": "ESERCIZIO",
        "t_ele": "Referendum",
        "t_ref": "ABROGATIVO",
        "f_elet": "SCRUTINI",
        "dt_ele": 20250608000000,
        "l_terr": "COMUNE",
        "area": "I",
        "cod_com": 710,
        "desc_com": "PETTORANO SUL GIZIO",
        "cod_prov": 38,
        "desc_prov": "L'AQUILA",
        "cod_reg": 13,
        "desc_reg": "ABRUZZO",
        "ele_m": 544,
        "ele_f": 536,
        "ele_t": 1080,
        "sz_tot": 2,
        "tipo_tras": "SZ"
    },
    "note": null,
    "scheda": [
        {
            "cod": 1,
            "desc": null,
            "sz_perv": 2,
            "vot_m": 162,
            "vot_f": 149,
            "vot_t": 311,
            "perc_vot": "28,80",
            "sk_bianche": 10,
            "sk_nulle": 2,
            "sk_contestate": 0,
            "voti_si": 270,
            "voti_no": 29,
            "perc_si": "90,30",
            "perc_no": "9,70",
            "dt_agg": 20250609165938
        },
        {
            "cod": 2,
            "desc": null,
            "sz_perv": 2,
            "vot_m": 162,
            "vot_f": 149,
            "vot_t": 311,
            "perc_vot": "28,80",
            "sk_bianche": 11,
            "sk_nulle": 2,
            "sk_contestate": 0,
            "voti_si": 266,
            "voti_no": 32,
            "perc_si": "89,26",
            "perc_no": "10,74",
            "dt_agg": 20250609170059
        },
        {
            "cod": 3,
            "desc": null,
            "sz_perv": 2,
            "vot_m": 162,
            "vot_f": 149,
            "vot_t": 311,
            "perc_vot": "28,80",
            "sk_bianche": 13,
            "sk_nulle": 2,
            "sk_contestate": 0,
            "voti_si": 265,
            "voti_no": 31,
            "perc_si": "89,53",
            "perc_no": "10,47",
            "dt_agg": 20250609170100
        },
        {
            "cod": 4,
            "desc": null,
            "sz_perv": 2,
            "vot_m": 162,
            "vot_f": 149,
            "vot_t": 311,
            "perc_vot": "28,80",
            "sk_bianche": 11,
            "sk_nulle": 2,
            "sk_contestate": 0,
            "voti_si": 266,
            "voti_no": 32,
            "perc_si": "89,26",
            "perc_no": "10,74",
            "dt_agg": 20250609170133
        },
        {
            "cod": 5,
            "desc": null,
            "sz_perv": 2,
            "vot_m": 162,
            "vot_f": 149,
            "vot_t": 311,
            "perc_vot": "28,80",
            "sk_bianche": 10,
            "sk_nulle": 2,
            "sk_contestate": 0,
            "voti_si": 217,
            "voti_no": 82,
            "perc_si": "72,58",
            "perc_no": "27,42",
            "dt_agg": 20250609170717
        }
    ]
}