{
    "int": {
        "st": "ESERCIZIO",
        "t_ele": "Referendum",
        "t_ref": "ABROGATIVO",
        "f_elet": "SCRUTINI",
        "dt_ele": 20250608000000,
        "l_terr": "COMUNE",
        "area": "I",
        "cod_com": 380,
        "desc_com": "COLLARMELE",
        "cod_prov": 38,
        "desc_prov": "L'AQUILA",
        "cod_reg": 13,
        "desc_reg": "ABRUZZO",
        "ele_m": 307,
        "ele_f": 357,
        "ele_t": 664,
        "sz_tot": 1,
        "tipo_tras": "SZ"
    },
    "note": null,
    "scheda": [
        {
            "cod": 1,
            "desc": null,
            "sz_perv": 1,
            "vot_m": 78,
            "vot_f": 103,
            "vot_t": 181,
            "perc_vot": "27,26",
            "sk_bianche": 1,
            "sk_nulle": 5,
            "sk_contestate": 0,
            "voti_si": 167,
            "voti_no": 8,
            "perc_si": "95,43",
            "perc_no": "4,57",
            "dt_agg": 20250609182023
        },
        {
            "cod": 2,
            "desc": null,
            "sz_perv": 1,
            "vot_m": 78,
            "vot_f": 103,
            "vot_t": 181,
            "perc_vot": "27,26",
            "sk_bianche": 1,
            "sk_nulle": 5,
            "sk_contestate": 0,
            "voti_si": 158,
            "voti_no": 17,
            "perc_si": "90,29",
            "perc_no": "9,71",
            "dt_agg": 20250609182024
        },
        {
            "cod": 3,
            "desc": null,
            "sz_perv": 1,
            "vot_m": 78,
            "vot_f": 103,
            "vot_t": 181,
            "perc_vot": "27,26",
            "sk_bianche": 2,
            "sk_nulle": 4,
            "sk_contestate": 0,
            "voti_si": 159,
            "voti_no": 16,
            "perc_si": "90,86",
            "perc_no": "9,14",
            "dt_agg": 20250609182031
        },
        {
            "cod": 4,
            "desc": null,
            "sz_perv": 1,
            "vot_m": 78,
            "vot_f": 103,
            "vot_t": 181,
            "perc_vot": "27,26",
            "sk_bianche": 3,
            "sk_nulle": 2,
            "sk_contestate": 0,
            "voti_si": 163,
            "voti_no": 13,
            "perc_si": "92,61",
            "perc_no": "7,39",
            "dt_agg": 20250609182031
        },
        {
            "cod": 5,
            "desc": null,
            "sz_perv": 1,
            "vot_m": 78,
            "vot_f": 103,
            "vot_t": 181,
            "perc_vot": "27,26",
            "sk_bianche": 6,
            "sk_nulle": 4,
            "sk_contestate": 0,
            "voti_si": 106,
            "voti_no": 65,
            "perc_si": "61,99",
            "perc_no": "38,01",
            "dt_agg": 20250609182031
        }
    ]
}