{
    "int": {
        "st": "ESERCIZIO",
        "t_ele": "Referendum",
        "t_ref": "ABROGATIVO",
        "f_elet": "SCRUTINI",
        "dt_ele": 20250608000000,
        "l_terr": "COMUNE",
        "area": "I",
        "cod_com": 930,
        "desc_com": "SCONTRONE",
        "cod_prov": 38,
        "desc_prov": "L'AQUILA",
        "cod_reg": 13,
        "desc_reg": "ABRUZZO",
        "ele_m": 234,
        "ele_f": 207,
        "ele_t": 441,
        "sz_tot": 2,
        "tipo_tras": "SZ"
    },
    "note": null,
    "scheda": [
        {
            "cod": 1,
            "desc": null,
            "sz_perv": 2,
            "vot_m": 99,
            "vot_f": 76,
            "vot_t": 175,
            "perc_vot": "39,68",
            "sk_bianche": 7,
            "sk_nulle": 2,
            "sk_contestate": 0,
            "voti_si": 151,
            "voti_no": 15,
            "perc_si": "90,96",
            "perc_no": "9,04",
            "dt_agg": 20250609180843
        },
        {
            "cod": 2,
            "desc": null,
            "sz_perv": 2,
            "vot_m": 99,
            "vot_f": 76,
            "vot_t": 175,
            "perc_vot": "39,68",
            "sk_bianche": 5,
            "sk_nulle": 2,
            "sk_contestate": 0,
            "voti_si": 152,
            "voti_no": 16,
            "perc_si": "90,48",
            "perc_no": "9,52",
            "dt_agg": 20250609180843
        },
        {
            "cod": 3,
            "desc": null,
            "sz_perv": 2,
            "vot_m": 99,
            "vot_f": 76,
            "vot_t": 175,
            "perc_vot": "39,68",
            "sk_bianche": 6,
            "sk_nulle": 3,
            "sk_contestate": 0,
            "voti_si": 149,
            "voti_no": 17,
            "perc_si": "89,76",
            "perc_no": "10,24",
            "dt_agg": 20250609180938
        },
        {
            "cod": 4,
            "desc": null,
            "sz_perv": 2,
            "vot_m": 99,
            "vot_f": 76,
            "vot_t": 175,
            "perc_vot": "39,68",
            "sk_bianche": 9,
            "sk_nulle": 3,
            "sk_contestate": 0,
            "voti_si": 147,
            "voti_no": 16,
            "perc_si": "90,18",
            "perc_no": "9,82",
            "dt_agg": 20250609180938
        },
        {
            "cod": 5,
            "desc": null,
            "sz_perv": 2,
            "vot_m": 98,
            "vot_f": 76,
            "vot_t": 174,
            "perc_vot": "39,46",
            "sk_bianche": 4,
            "sk_nulle": 2,
            "sk_contestate": 0,
            "voti_si": 116,
            "voti_no": 52,
            "perc_si": "69,05",
            "perc_no": "30,95",
            "dt_agg": 20250609180959
        }
    ]
}