{
    "int": {
        "st": "ESERCIZIO",
        "t_ele": "Referendum",
        "t_ref": "ABROGATIVO",
        "f_elet": "SCRUTINI",
        "dt_ele": 20250608000000,
        "l_terr": "COMUNE",
        "area": "I",
        "cod_com": 10,
        "desc_com": "ACCIANO",
        "cod_prov": 38,
        "desc_prov": "L'AQUILA",
        "cod_reg": 13,
        "desc_reg": "ABRUZZO",
        "ele_m": 120,
        "ele_f": 100,
        "ele_t": 220,
        "sz_tot": 1,
        "tipo_tras": "SZ"
    },
    "note": null,
    "scheda": [
        {
            "cod": 1,
            "desc": null,
            "sz_perv": 1,
            "vot_m": 36,
            "vot_f": 38,
            "vot_t": 74,
            "perc_vot": "33,64",
            "sk_bianche": 3,
            "sk_nulle": 0,
            "sk_contestate": 0,
            "voti_si": 59,
            "voti_no": 12,
            "perc_si": "83,10",
            "perc_no": "16,90",
            "dt_agg": 20250609163024
        },
        {
            "cod": 2,
            "desc": null,
            "sz_perv": 1,
            "vot_m": 36,
            "vot_f": 38,
            "vot_t": 74,
            "perc_vot": "33,64",
            "sk_bianche": 4,
            "sk_nulle": 0,
            "sk_contestate": 0,
            "voti_si": 58,
            "voti_no": 12,
            "perc_si": "82,86",
            "perc_no": "17,14",
            "dt_agg": 20250609163306
        },
        {
            "cod": 3,
            "desc": null,
            "sz_perv": 1,
            "vot_m": 36,
            "vot_f": 38,
            "vot_t": 74,
            "perc_vot": "33,64",
            "sk_bianche": 5,
            "sk_nulle": 0,
            "sk_contestate": 0,
            "voti_si": 59,
            "voti_no": 10,
            "perc_si": "85,51",
            "perc_no": "14,49",
            "dt_agg": 20250609164120
        },
        {
            "cod": 4,
            "desc": null,
            "sz_perv": 1,
            "vot_m": 36,
            "vot_f": 38,
            "vot_t": 74,
            "perc_vot": "33,64",
            "sk_bianche": 3,
            "sk_nulle": 0,
            "sk_contestate": 0,
            "voti_si": 60,
            "voti_no": 11,
            "perc_si": "84,51",
            "perc_no": "15,49",
            "dt_agg": 20250609170717
        },
        {
            "cod": 5,
            "desc": null,
            "sz_perv": 1,
            "vot_m": 35,
            "vot_f": 38,
            "vot_t": 73,
            "perc_vot": "33,18",
            "sk_bianche": 1,
            "sk_nulle": 0,
            "sk_contestate": 0,
            "voti_si": 42,
            "voti_no": 30,
            "perc_si": "58,33",
            "perc_no": "41,67",
            "dt_agg": 20250609172124
        }
    ]
}