{
    "int": {
        "st": "ESERCIZIO",
        "t_ele": "Referendum",
        "t_ref": "ABROGATIVO",
        "f_elet": "SCRUTINI",
        "dt_ele": 20250608000000,
        "l_terr": "COMUNE",
        "area": "I",
        "cod_com": 610,
        "desc_com": "OPI",
        "cod_prov": 38,
        "desc_prov": "L'AQUILA",
        "cod_reg": 13,
        "desc_reg": "ABRUZZO",
        "ele_m": 172,
        "ele_f": 154,
        "ele_t": 326,
        "sz_tot": 1,
        "tipo_tras": "SZ"
    },
    "note": null,
    "scheda": [
        {
            "cod": 1,
            "desc": null,
            "sz_perv": 1,
            "vot_m": 69,
            "vot_f": 73,
            "vot_t": 142,
            "perc_vot": "43,56",
            "sk_bianche": 6,
            "sk_nulle": 3,
            "sk_contestate": 0,
            "voti_si": 117,
            "voti_no": 16,
            "perc_si": "87,97",
            "perc_no": "12,03",
            "dt_agg": 20250609173009
        },
        {
            "cod": 2,
            "desc": null,
            "sz_perv": 1,
            "vot_m": 69,
            "vot_f": 73,
            "vot_t": 142,
            "perc_vot": "43,56",
            "sk_bianche": 7,
            "sk_nulle": 3,
            "sk_contestate": 0,
            "voti_si": 109,
            "voti_no": 23,
            "perc_si": "82,58",
            "perc_no": "17,42",
            "dt_agg": 20250609173150
        },
        {
            "cod": 3,
            "desc": null,
            "sz_perv": 1,
            "vot_m": 69,
            "vot_f": 73,
            "vot_t": 142,
            "perc_vot": "43,56",
            "sk_bianche": 8,
            "sk_nulle": 1,
            "sk_contestate": 0,
            "voti_si": 113,
            "voti_no": 20,
            "perc_si": "84,96",
            "perc_no": "15,04",
            "dt_agg": 20250609173150
        },
        {
            "cod": 4,
            "desc": null,
            "sz_perv": 1,
            "vot_m": 69,
            "vot_f": 73,
            "vot_t": 142,
            "perc_vot": "43,56",
            "sk_bianche": 6,
            "sk_nulle": 2,
            "sk_contestate": 0,
            "voti_si": 112,
            "voti_no": 22,
            "perc_si": "83,58",
            "perc_no": "16,42",
            "dt_agg": 20250609173302
        },
        {
            "cod": 5,
            "desc": null,
            "sz_perv": 1,
            "vot_m": 69,
            "vot_f": 73,
            "vot_t": 142,
            "perc_vot": "43,56",
            "sk_bianche": 12,
            "sk_nulle": 3,
            "sk_contestate": 0,
            "voti_si": 78,
            "voti_no": 49,
            "perc_si": "61,42",
            "perc_no": "38,58",
            "dt_agg": 20250609173331
        }
    ]
}