{
    "int": {
        "st": "ESERCIZIO",
        "t_ele": "Referendum",
        "t_ref": "ABROGATIVO",
        "f_elet": "SCRUTINI",
        "dt_ele": 20250608000000,
        "l_terr": "COMUNE",
        "area": "I",
        "cod_com": 670,
        "desc_com": "PERETO",
        "cod_prov": 38,
        "desc_prov": "L'AQUILA",
        "cod_reg": 13,
        "desc_reg": "ABRUZZO",
        "ele_m": 289,
        "ele_f": 255,
        "ele_t": 544,
        "sz_tot": 1,
        "tipo_tras": "SZ"
    },
    "note": null,
    "scheda": [
        {
            "cod": 1,
            "desc": null,
            "sz_perv": 1,
            "vot_m": 118,
            "vot_f": 127,
            "vot_t": 245,
            "perc_vot": "45,04",
            "sk_bianche": 5,
            "sk_nulle": 0,
            "sk_contestate": 0,
            "voti_si": 222,
            "voti_no": 18,
            "perc_si": "92,50",
            "perc_no": "7,50",
            "dt_agg": 20250609172702
        },
        {
            "cod": 2,
            "desc": null,
            "sz_perv": 1,
            "vot_m": 118,
            "vot_f": 127,
            "vot_t": 245,
            "perc_vot": "45,04",
            "sk_bianche": 6,
            "sk_nulle": 1,
            "sk_contestate": 0,
            "voti_si": 211,
            "voti_no": 27,
            "perc_si": "88,66",
            "perc_no": "11,34",
            "dt_agg": 20250609172703
        },
        {
            "cod": 3,
            "desc": null,
            "sz_perv": 1,
            "vot_m": 118,
            "vot_f": 127,
            "vot_t": 245,
            "perc_vot": "45,04",
            "sk_bianche": 5,
            "sk_nulle": 1,
            "sk_contestate": 0,
            "voti_si": 221,
            "voti_no": 18,
            "perc_si": "92,47",
            "perc_no": "7,53",
            "dt_agg": 20250609173150
        },
        {
            "cod": 4,
            "desc": null,
            "sz_perv": 1,
            "vot_m": 118,
            "vot_f": 127,
            "vot_t": 245,
            "perc_vot": "45,04",
            "sk_bianche": 6,
            "sk_nulle": 1,
            "sk_contestate": 0,
            "voti_si": 213,
            "voti_no": 25,
            "perc_si": "89,50",
            "perc_no": "10,50",
            "dt_agg": 20250609173219
        },
        {
            "cod": 5,
            "desc": null,
            "sz_perv": 1,
            "vot_m": 118,
            "vot_f": 127,
            "vot_t": 245,
            "perc_vot": "45,04",
            "sk_bianche": 6,
            "sk_nulle": 0,
            "sk_contestate": 0,
            "voti_si": 173,
            "voti_no": 66,
            "perc_si": "72,38",
            "perc_no": "27,62",
            "dt_agg": 20250609173335
        }
    ]
}