{
    "int": {
        "st": "ESERCIZIO",
        "t_ele": "Referendum",
        "t_ref": "ABROGATIVO",
        "f_elet": "SCRUTINI",
        "dt_ele": 20250608000000,
        "l_terr": "COMUNE",
        "area": "I",
        "cod_com": 290,
        "desc_com": "CASTELLAFIUME",
        "cod_prov": 38,
        "desc_prov": "L'AQUILA",
        "cod_reg": 13,
        "desc_reg": "ABRUZZO",
        "ele_m": 437,
        "ele_f": 416,
        "ele_t": 853,
        "sz_tot": 1,
        "tipo_tras": "SZ"
    },
    "note": null,
    "scheda": [
        {
            "cod": 1,
            "desc": null,
            "sz_perv": 1,
            "vot_m": 78,
            "vot_f": 78,
            "vot_t": 156,
            "perc_vot": "18,29",
            "sk_bianche": 8,
            "sk_nulle": 1,
            "sk_contestate": 0,
            "voti_si": 129,
            "voti_no": 18,
            "perc_si": "87,76",
            "perc_no": "12,24",
            "dt_agg": 20250609163956
        },
        {
            "cod": 2,
            "desc": null,
            "sz_perv": 1,
            "vot_m": 78,
            "vot_f": 78,
            "vot_t": 156,
            "perc_vot": "18,29",
            "sk_bianche": 9,
            "sk_nulle": 1,
            "sk_contestate": 0,
            "voti_si": 124,
            "voti_no": 22,
            "perc_si": "84,93",
            "perc_no": "15,07",
            "dt_agg": 20250609164106
        },
        {
            "cod": 3,
            "desc": null,
            "sz_perv": 1,
            "vot_m": 78,
            "vot_f": 78,
            "vot_t": 156,
            "perc_vot": "18,29",
            "sk_bianche": 8,
            "sk_nulle": 1,
            "sk_contestate": 0,
            "voti_si": 127,
            "voti_no": 20,
            "perc_si": "86,39",
            "perc_no": "13,61",
            "dt_agg": 20250609164328
        },
        {
            "cod": 4,
            "desc": null,
            "sz_perv": 1,
            "vot_m": 78,
            "vot_f": 78,
            "vot_t": 156,
            "perc_vot": "18,29",
            "sk_bianche": 8,
            "sk_nulle": 1,
            "sk_contestate": 0,
            "voti_si": 125,
            "voti_no": 22,
            "perc_si": "85,03",
            "perc_no": "14,97",
            "dt_agg": 20250609164329
        },
        {
            "cod": 5,
            "desc": null,
            "sz_perv": 1,
            "vot_m": 78,
            "vot_f": 78,
            "vot_t": 156,
            "perc_vot": "18,29",
            "sk_bianche": 6,
            "sk_nulle": 2,
            "sk_contestate": 0,
            "voti_si": 89,
            "voti_no": 59,
            "perc_si": "60,14",
            "perc_no": "39,86",
            "dt_agg": 20250609164401
        }
    ]
}