{
    "int": {
        "st": "ESERCIZIO",
        "t_ele": "Referendum",
        "t_ref": "ABROGATIVO",
        "f_elet": "SCRUTINI",
        "dt_ele": 20250608000000,
        "l_terr": "COMUNE",
        "area": "I",
        "cod_com": 390,
        "desc_com": "COLLELONGO",
        "cod_prov": 38,
        "desc_prov": "L'AQUILA",
        "cod_reg": 13,
        "desc_reg": "ABRUZZO",
        "ele_m": 459,
        "ele_f": 437,
        "ele_t": 896,
        "sz_tot": 2,
        "tipo_tras": "SZ"
    },
    "note": null,
    "scheda": [
        {
            "cod": 1,
            "desc": null,
            "sz_perv": 2,
            "vot_m": 178,
            "vot_f": 164,
            "vot_t": 342,
            "perc_vot": "38,17",
            "sk_bianche": 6,
            "sk_nulle": 0,
            "sk_contestate": 0,
            "voti_si": 311,
            "voti_no": 25,
            "perc_si": "92,56",
            "perc_no": "7,44",
            "dt_agg": 20250609165950
        },
        {
            "cod": 2,
            "desc": null,
            "sz_perv": 2,
            "vot_m": 178,
            "vot_f": 164,
            "vot_t": 342,
            "perc_vot": "38,17",
            "sk_bianche": 8,
            "sk_nulle": 0,
            "sk_contestate": 0,
            "voti_si": 303,
            "voti_no": 31,
            "perc_si": "90,72",
            "perc_no": "9,28",
            "dt_agg": 20250609170121
        },
        {
            "cod": 3,
            "desc": null,
            "sz_perv": 2,
            "vot_m": 178,
            "vot_f": 164,
            "vot_t": 342,
            "perc_vot": "38,17",
            "sk_bianche": 7,
            "sk_nulle": 0,
            "sk_contestate": 0,
            "voti_si": 308,
            "voti_no": 27,
            "perc_si": "91,94",
            "perc_no": "8,06",
            "dt_agg": 20250609172130
        },
        {
            "cod": 4,
            "desc": null,
            "sz_perv": 2,
            "vot_m": 178,
            "vot_f": 164,
            "vot_t": 342,
            "perc_vot": "38,17",
            "sk_bianche": 5,
            "sk_nulle": 0,
            "sk_contestate": 0,
            "voti_si": 313,
            "voti_no": 24,
            "perc_si": "92,88",
            "perc_no": "7,12",
            "dt_agg": 20250609174605
        },
        {
            "cod": 5,
            "desc": null,
            "sz_perv": 2,
            "vot_m": 177,
            "vot_f": 164,
            "vot_t": 341,
            "perc_vot": "38,06",
            "sk_bianche": 9,
            "sk_nulle": 1,
            "sk_contestate": 0,
            "voti_si": 199,
            "voti_no": 132,
            "perc_si": "60,12",
            "perc_no": "39,88",
            "dt_agg": 20250609182417
        }
    ]
}