{
    "int": {
        "st": "ESERCIZIO",
        "t_ele": "Referendum",
        "t_ref": "ABROGATIVO",
        "f_elet": "SCRUTINI",
        "dt_ele": 20250608000000,
        "l_terr": "COMUNE",
        "area": "I",
        "cod_com": 110,
        "desc_com": "BISEGNA",
        "cod_prov": 38,
        "desc_prov": "L'AQUILA",
        "cod_reg": 13,
        "desc_reg": "ABRUZZO",
        "ele_m": 95,
        "ele_f": 102,
        "ele_t": 197,
        "sz_tot": 2,
        "tipo_tras": "SZ"
    },
    "note": null,
    "scheda": [
        {
            "cod": 1,
            "desc": null,
            "sz_perv": 2,
            "vot_m": 51,
            "vot_f": 40,
            "vot_t": 91,
            "perc_vot": "46,19",
            "sk_bianche": 3,
            "sk_nulle": 0,
            "sk_contestate": 0,
            "voti_si": 77,
            "voti_no": 11,
            "perc_si": "87,50",
            "perc_no": "12,50",
            "dt_agg": 20250609190811
        },
        {
            "cod": 2,
            "desc": null,
            "sz_perv": 2,
            "vot_m": 51,
            "vot_f": 40,
            "vot_t": 91,
            "perc_vot": "46,19",
            "sk_bianche": 5,
            "sk_nulle": 0,
            "sk_contestate": 0,
            "voti_si": 76,
            "voti_no": 10,
            "perc_si": "88,37",
            "perc_no": "11,63",
            "dt_agg": 20250609191103
        },
        {
            "cod": 3,
            "desc": null,
            "sz_perv": 2,
            "vot_m": 51,
            "vot_f": 40,
            "vot_t": 91,
            "perc_vot": "46,19",
            "sk_bianche": 4,
            "sk_nulle": 0,
            "sk_contestate": 0,
            "voti_si": 77,
            "voti_no": 10,
            "perc_si": "88,51",
            "perc_no": "11,49",
            "dt_agg": 20250609191141
        },
        {
            "cod": 4,
            "desc": null,
            "sz_perv": 2,
            "vot_m": 52,
            "vot_f": 40,
            "vot_t": 92,
            "perc_vot": "46,70",
            "sk_bianche": 3,
            "sk_nulle": 0,
            "sk_contestate": 0,
            "voti_si": 76,
            "voti_no": 13,
            "perc_si": "85,39",
            "perc_no": "14,61",
            "dt_agg": 20250609191234
        },
        {
            "cod": 5,
            "desc": null,
            "sz_perv": 2,
            "vot_m": 49,
            "vot_f": 40,
            "vot_t": 89,
            "perc_vot": "45,18",
            "sk_bianche": 2,
            "sk_nulle": 0,
            "sk_contestate": 0,
            "voti_si": 61,
            "voti_no": 26,
            "perc_si": "70,11",
            "perc_no": "29,89",
            "dt_agg": 20250609191333
        }
    ]
}