{
    "int": {
        "st": "ESERCIZIO",
        "t_ele": "Referendum",
        "t_ref": "ABROGATIVO",
        "f_elet": "SCRUTINI",
        "dt_ele": 20250608000000,
        "l_terr": "COMUNE",
        "area": "I",
        "cod_com": 360,
        "desc_com": "CIVITELLA ROVETO",
        "cod_prov": 38,
        "desc_prov": "L'AQUILA",
        "cod_reg": 13,
        "desc_reg": "ABRUZZO",
        "ele_m": 1280,
        "ele_f": 1248,
        "ele_t": 2528,
        "sz_tot": 4,
        "tipo_tras": "SZ"
    },
    "note": null,
    "scheda": [
        {
            "cod": 1,
            "desc": null,
            "sz_perv": 4,
            "vot_m": 251,
            "vot_f": 269,
            "vot_t": 520,
            "perc_vot": "20,57",
            "sk_bianche": 8,
            "sk_nulle": 5,
            "sk_contestate": 0,
            "voti_si": 458,
            "voti_no": 49,
            "perc_si": "90,34",
            "perc_no": "9,66",
            "dt_agg": 20250609173158
        },
        {
            "cod": 2,
            "desc": null,
            "sz_perv": 4,
            "vot_m": 252,
            "vot_f": 269,
            "vot_t": 521,
            "perc_vot": "20,61",
            "sk_bianche": 10,
            "sk_nulle": 3,
            "sk_contestate": 0,
            "voti_si": 451,
            "voti_no": 57,
            "perc_si": "88,78",
            "perc_no": "11,22",
            "dt_agg": 20250609173227
        },
        {
            "cod": 3,
            "desc": null,
            "sz_perv": 4,
            "vot_m": 251,
            "vot_f": 269,
            "vot_t": 520,
            "perc_vot": "20,57",
            "sk_bianche": 9,
            "sk_nulle": 3,
            "sk_contestate": 0,
            "voti_si": 461,
            "voti_no": 47,
            "perc_si": "90,75",
            "perc_no": "9,25",
            "dt_agg": 20250609173302
        },
        {
            "cod": 4,
            "desc": null,
            "sz_perv": 4,
            "vot_m": 251,
            "vot_f": 269,
            "vot_t": 520,
            "perc_vot": "20,57",
            "sk_bianche": 10,
            "sk_nulle": 3,
            "sk_contestate": 0,
            "voti_si": 453,
            "voti_no": 54,
            "perc_si": "89,35",
            "perc_no": "10,65",
            "dt_agg": 20250609173339
        },
        {
            "cod": 5,
            "desc": null,
            "sz_perv": 4,
            "vot_m": 252,
            "vot_f": 270,
            "vot_t": 522,
            "perc_vot": "20,65",
            "sk_bianche": 9,
            "sk_nulle": 4,
            "sk_contestate": 0,
            "voti_si": 304,
            "voti_no": 205,
            "perc_si": "59,72",
            "perc_no": "40,28",
            "dt_agg": 20250609173339
        }
    ]
}