{
    "int": {
        "st": "ESERCIZIO",
        "t_ele": "Referendum",
        "t_ref": "ABROGATIVO",
        "f_elet": "SCRUTINI",
        "dt_ele": 20250608000000,
        "l_terr": "COMUNE",
        "area": "I",
        "cod_com": 500,
        "desc_com": "LECCE NEI MARSI",
        "cod_prov": 38,
        "desc_prov": "L'AQUILA",
        "cod_reg": 13,
        "desc_reg": "ABRUZZO",
        "ele_m": 599,
        "ele_f": 582,
        "ele_t": 1181,
        "sz_tot": 2,
        "tipo_tras": "SZ"
    },
    "note": null,
    "scheda": [
        {
            "cod": 1,
            "desc": null,
            "sz_perv": 2,
            "vot_m": 107,
            "vot_f": 117,
            "vot_t": 224,
            "perc_vot": "18,97",
            "sk_bianche": 5,
            "sk_nulle": 3,
            "sk_contestate": 0,
            "voti_si": 188,
            "voti_no": 28,
            "perc_si": "87,04",
            "perc_no": "12,96",
            "dt_agg": 20250609165932
        },
        {
            "cod": 2,
            "desc": null,
            "sz_perv": 2,
            "vot_m": 107,
            "vot_f": 117,
            "vot_t": 224,
            "perc_vot": "18,97",
            "sk_bianche": 7,
            "sk_nulle": 3,
            "sk_contestate": 0,
            "voti_si": 188,
            "voti_no": 26,
            "perc_si": "87,85",
            "perc_no": "12,15",
            "dt_agg": 20250609170100
        },
        {
            "cod": 3,
            "desc": null,
            "sz_perv": 2,
            "vot_m": 107,
            "vot_f": 117,
            "vot_t": 224,
            "perc_vot": "18,97",
            "sk_bianche": 6,
            "sk_nulle": 3,
            "sk_contestate": 0,
            "voti_si": 190,
            "voti_no": 25,
            "perc_si": "88,37",
            "perc_no": "11,63",
            "dt_agg": 20250609170105
        },
        {
            "cod": 4,
            "desc": null,
            "sz_perv": 2,
            "vot_m": 107,
            "vot_f": 117,
            "vot_t": 224,
            "perc_vot": "18,97",
            "sk_bianche": 10,
            "sk_nulle": 2,
            "sk_contestate": 0,
            "voti_si": 182,
            "voti_no": 30,
            "perc_si": "85,85",
            "perc_no": "14,15",
            "dt_agg": 20250609170447
        },
        {
            "cod": 5,
            "desc": null,
            "sz_perv": 2,
            "vot_m": 107,
            "vot_f": 117,
            "vot_t": 224,
            "perc_vot": "18,97",
            "sk_bianche": 5,
            "sk_nulle": 3,
            "sk_contestate": 0,
            "voti_si": 82,
            "voti_no": 134,
            "perc_si": "37,96",
            "perc_no": "62,04",
            "dt_agg": 20250609170510
        }
    ]
}