{
    "int": {
        "st": "ESERCIZIO",
        "t_ele": "Referendum",
        "t_ref": "ABROGATIVO",
        "f_elet": "SCRUTINI",
        "dt_ele": 20250608000000,
        "l_terr": "COMUNE",
        "area": "I",
        "cod_com": 130,
        "desc_com": "CAGNANO AMITERNO",
        "cod_prov": 38,
        "desc_prov": "L'AQUILA",
        "cod_reg": 13,
        "desc_reg": "ABRUZZO",
        "ele_m": 491,
        "ele_f": 466,
        "ele_t": 957,
        "sz_tot": 3,
        "tipo_tras": "SZ"
    },
    "note": null,
    "scheda": [
        {
            "cod": 1,
            "desc": null,
            "sz_perv": 3,
            "vot_m": 118,
            "vot_f": 129,
            "vot_t": 247,
            "perc_vot": "25,81",
            "sk_bianche": 6,
            "sk_nulle": 2,
            "sk_contestate": 0,
            "voti_si": 213,
            "voti_no": 26,
            "perc_si": "89,12",
            "perc_no": "10,88",
            "dt_agg": 20250609183427
        },
        {
            "cod": 2,
            "desc": null,
            "sz_perv": 3,
            "vot_m": 118,
            "vot_f": 129,
            "vot_t": 247,
            "perc_vot": "25,81",
            "sk_bianche": 7,
            "sk_nulle": 1,
            "sk_contestate": 0,
            "voti_si": 212,
            "voti_no": 27,
            "perc_si": "88,70",
            "perc_no": "11,30",
            "dt_agg": 20250609183416
        },
        {
            "cod": 3,
            "desc": null,
            "sz_perv": 3,
            "vot_m": 118,
            "vot_f": 129,
            "vot_t": 247,
            "perc_vot": "25,81",
            "sk_bianche": 11,
            "sk_nulle": 1,
            "sk_contestate": 0,
            "voti_si": 212,
            "voti_no": 23,
            "perc_si": "90,21",
            "perc_no": "9,79",
            "dt_agg": 20250609183358
        },
        {
            "cod": 4,
            "desc": null,
            "sz_perv": 3,
            "vot_m": 118,
            "vot_f": 129,
            "vot_t": 247,
            "perc_vot": "25,81",
            "sk_bianche": 5,
            "sk_nulle": 2,
            "sk_contestate": 0,
            "voti_si": 213,
            "voti_no": 27,
            "perc_si": "88,75",
            "perc_no": "11,25",
            "dt_agg": 20250609183358
        },
        {
            "cod": 5,
            "desc": null,
            "sz_perv": 3,
            "vot_m": 118,
            "vot_f": 129,
            "vot_t": 247,
            "perc_vot": "25,81",
            "sk_bianche": 3,
            "sk_nulle": 1,
            "sk_contestate": 0,
            "voti_si": 187,
            "voti_no": 56,
            "perc_si": "76,95",
            "perc_no": "23,05",
            "dt_agg": 20250609183842
        }
    ]
}