{
    "int": {
        "st": "ESERCIZIO",
        "t_ele": "Referendum",
        "t_ref": "ABROGATIVO",
        "f_elet": "SCRUTINI",
        "dt_ele": 20250608000000,
        "l_terr": "COMUNE",
        "area": "I",
        "cod_com": 650,
        "desc_com": "OVINDOLI",
        "cod_prov": 38,
        "desc_prov": "L'AQUILA",
        "cod_reg": 13,
        "desc_reg": "ABRUZZO",
        "ele_m": 508,
        "ele_f": 481,
        "ele_t": 989,
        "sz_tot": 2,
        "tipo_tras": "SZ"
    },
    "note": null,
    "scheda": [
        {
            "cod": 1,
            "desc": null,
            "sz_perv": 2,
            "vot_m": 80,
            "vot_f": 98,
            "vot_t": 178,
            "perc_vot": "18,00",
            "sk_bianche": 7,
            "sk_nulle": 2,
            "sk_contestate": 0,
            "voti_si": 149,
            "voti_no": 20,
            "perc_si": "88,17",
            "perc_no": "11,83",
            "dt_agg": 20250609174115
        },
        {
            "cod": 2,
            "desc": null,
            "sz_perv": 2,
            "vot_m": 80,
            "vot_f": 98,
            "vot_t": 178,
            "perc_vot": "18,00",
            "sk_bianche": 5,
            "sk_nulle": 2,
            "sk_contestate": 0,
            "voti_si": 146,
            "voti_no": 25,
            "perc_si": "85,38",
            "perc_no": "14,62",
            "dt_agg": 20250609174127
        },
        {
            "cod": 3,
            "desc": null,
            "sz_perv": 2,
            "vot_m": 80,
            "vot_f": 98,
            "vot_t": 178,
            "perc_vot": "18,00",
            "sk_bianche": 6,
            "sk_nulle": 2,
            "sk_contestate": 0,
            "voti_si": 150,
            "voti_no": 20,
            "perc_si": "88,24",
            "perc_no": "11,76",
            "dt_agg": 20250609174127
        },
        {
            "cod": 4,
            "desc": null,
            "sz_perv": 2,
            "vot_m": 80,
            "vot_f": 98,
            "vot_t": 178,
            "perc_vot": "18,00",
            "sk_bianche": 5,
            "sk_nulle": 2,
            "sk_contestate": 0,
            "voti_si": 151,
            "voti_no": 20,
            "perc_si": "88,30",
            "perc_no": "11,70",
            "dt_agg": 20250609174145
        },
        {
            "cod": 5,
            "desc": null,
            "sz_perv": 2,
            "vot_m": 79,
            "vot_f": 98,
            "vot_t": 177,
            "perc_vot": "17,90",
            "sk_bianche": 2,
            "sk_nulle": 0,
            "sk_contestate": 0,
            "voti_si": 102,
            "voti_no": 73,
            "perc_si": "58,29",
            "perc_no": "41,71",
            "dt_agg": 20250609174217
        }
    ]
}