{
    "int": {
        "st": "ESERCIZIO",
        "t_ele": "Referendum",
        "t_ref": "ABROGATIVO",
        "f_elet": "SCRUTINI",
        "dt_ele": 20250608000000,
        "l_terr": "COMUNE",
        "area": "I",
        "cod_com": 80,
        "desc_com": "BARETE",
        "cod_prov": 38,
        "desc_prov": "L'AQUILA",
        "cod_reg": 13,
        "desc_reg": "ABRUZZO",
        "ele_m": 252,
        "ele_f": 234,
        "ele_t": 486,
        "sz_tot": 1,
        "tipo_tras": "SZ"
    },
    "note": null,
    "scheda": [
        {
            "cod": 1,
            "desc": null,
            "sz_perv": 1,
            "vot_m": 44,
            "vot_f": 50,
            "vot_t": 94,
            "perc_vot": "19,34",
            "sk_bianche": 1,
            "sk_nulle": 0,
            "sk_contestate": 0,
            "voti_si": 81,
            "voti_no": 12,
            "perc_si": "87,10",
            "perc_no": "12,90",
            "dt_agg": 20250609154630
        },
        {
            "cod": 2,
            "desc": null,
            "sz_perv": 1,
            "vot_m": 44,
            "vot_f": 50,
            "vot_t": 94,
            "perc_vot": "19,34",
            "sk_bianche": 1,
            "sk_nulle": 0,
            "sk_contestate": 0,
            "voti_si": 78,
            "voti_no": 15,
            "perc_si": "83,87",
            "perc_no": "16,13",
            "dt_agg": 20250609154727
        },
        {
            "cod": 3,
            "desc": null,
            "sz_perv": 1,
            "vot_m": 44,
            "vot_f": 50,
            "vot_t": 94,
            "perc_vot": "19,34",
            "sk_bianche": 2,
            "sk_nulle": 0,
            "sk_contestate": 0,
            "voti_si": 81,
            "voti_no": 11,
            "perc_si": "88,04",
            "perc_no": "11,96",
            "dt_agg": 20250609154829
        },
        {
            "cod": 4,
            "desc": null,
            "sz_perv": 1,
            "vot_m": 44,
            "vot_f": 50,
            "vot_t": 94,
            "perc_vot": "19,34",
            "sk_bianche": 2,
            "sk_nulle": 0,
            "sk_contestate": 0,
            "voti_si": 79,
            "voti_no": 13,
            "perc_si": "85,87",
            "perc_no": "14,13",
            "dt_agg": 20250609154857
        },
        {
            "cod": 5,
            "desc": null,
            "sz_perv": 1,
            "vot_m": 43,
            "vot_f": 49,
            "vot_t": 92,
            "perc_vot": "18,93",
            "sk_bianche": 3,
            "sk_nulle": 0,
            "sk_contestate": 0,
            "voti_si": 61,
            "voti_no": 28,
            "perc_si": "68,54",
            "perc_no": "31,46",
            "dt_agg": 20250609155032
        }
    ]
}