{
    "int": {
        "st": "ESERCIZIO",
        "t_ele": "Referendum",
        "t_ref": "ABROGATIVO",
        "f_elet": "SCRUTINI",
        "dt_ele": 20250608000000,
        "l_terr": "COMUNE",
        "area": "I",
        "cod_com": 870,
        "desc_com": "SAN DEMETRIO NE' VESTINI",
        "cod_prov": 38,
        "desc_prov": "L'AQUILA",
        "cod_reg": 13,
        "desc_reg": "ABRUZZO",
        "ele_m": 716,
        "ele_f": 701,
        "ele_t": 1417,
        "sz_tot": 2,
        "tipo_tras": "SZ"
    },
    "note": null,
    "scheda": [
        {
            "cod": 1,
            "desc": null,
            "sz_perv": 2,
            "vot_m": 183,
            "vot_f": 197,
            "vot_t": 380,
            "perc_vot": "26,82",
            "sk_bianche": 8,
            "sk_nulle": 3,
            "sk_contestate": 0,
            "voti_si": 319,
            "voti_no": 50,
            "perc_si": "86,45",
            "perc_no": "13,55",
            "dt_agg": 20250609174945
        },
        {
            "cod": 2,
            "desc": null,
            "sz_perv": 2,
            "vot_m": 183,
            "vot_f": 197,
            "vot_t": 380,
            "perc_vot": "26,82",
            "sk_bianche": 8,
            "sk_nulle": 4,
            "sk_contestate": 0,
            "voti_si": 314,
            "voti_no": 54,
            "perc_si": "85,33",
            "perc_no": "14,67",
            "dt_agg": 20250609174945
        },
        {
            "cod": 3,
            "desc": null,
            "sz_perv": 2,
            "vot_m": 183,
            "vot_f": 197,
            "vot_t": 380,
            "perc_vot": "26,82",
            "sk_bianche": 11,
            "sk_nulle": 3,
            "sk_contestate": 0,
            "voti_si": 318,
            "voti_no": 48,
            "perc_si": "86,89",
            "perc_no": "13,11",
            "dt_agg": 20250609174955
        },
        {
            "cod": 4,
            "desc": null,
            "sz_perv": 2,
            "vot_m": 182,
            "vot_f": 197,
            "vot_t": 379,
            "perc_vot": "26,75",
            "sk_bianche": 8,
            "sk_nulle": 4,
            "sk_contestate": 0,
            "voti_si": 303,
            "voti_no": 64,
            "perc_si": "82,56",
            "perc_no": "17,44",
            "dt_agg": 20250609175027
        },
        {
            "cod": 5,
            "desc": null,
            "sz_perv": 2,
            "vot_m": 183,
            "vot_f": 197,
            "vot_t": 380,
            "perc_vot": "26,82",
            "sk_bianche": 2,
            "sk_nulle": 2,
            "sk_contestate": 0,
            "voti_si": 214,
            "voti_no": 162,
            "perc_si": "56,91",
            "perc_no": "43,09",
            "dt_agg": 20250609175119
        }
    ]
}