{
    "int": {
        "st": "ESERCIZIO",
        "t_ele": "Referendum",
        "t_ref": "ABROGATIVO",
        "f_elet": "SCRUTINI",
        "dt_ele": 20250608000000,
        "l_terr": "COMUNE",
        "area": "I",
        "cod_com": 200,
        "desc_com": "CAPISTRELLO",
        "cod_prov": 38,
        "desc_prov": "L'AQUILA",
        "cod_reg": 13,
        "desc_reg": "ABRUZZO",
        "ele_m": 1887,
        "ele_f": 2035,
        "ele_t": 3922,
        "sz_tot": 6,
        "tipo_tras": "SZ"
    },
    "note": null,
    "scheda": [
        {
            "cod": 1,
            "desc": null,
            "sz_perv": 6,
            "vot_m": 422,
            "vot_f": 520,
            "vot_t": 942,
            "perc_vot": "24,02",
            "sk_bianche": 25,
            "sk_nulle": 5,
            "sk_contestate": 0,
            "voti_si": 852,
            "voti_no": 60,
            "perc_si": "93,42",
            "perc_no": "6,58",
            "dt_agg": 20250609183203
        },
        {
            "cod": 2,
            "desc": null,
            "sz_perv": 6,
            "vot_m": 422,
            "vot_f": 520,
            "vot_t": 942,
            "perc_vot": "24,02",
            "sk_bianche": 19,
            "sk_nulle": 4,
            "sk_contestate": 0,
            "voti_si": 864,
            "voti_no": 55,
            "perc_si": "94,02",
            "perc_no": "5,98",
            "dt_agg": 20250609182031
        },
        {
            "cod": 3,
            "desc": null,
            "sz_perv": 6,
            "vot_m": 422,
            "vot_f": 520,
            "vot_t": 942,
            "perc_vot": "24,02",
            "sk_bianche": 19,
            "sk_nulle": 5,
            "sk_contestate": 0,
            "voti_si": 862,
            "voti_no": 56,
            "perc_si": "93,90",
            "perc_no": "6,10",
            "dt_agg": 20250609182631
        },
        {
            "cod": 4,
            "desc": null,
            "sz_perv": 6,
            "vot_m": 422,
            "vot_f": 520,
            "vot_t": 942,
            "perc_vot": "24,02",
            "sk_bianche": 16,
            "sk_nulle": 6,
            "sk_contestate": 0,
            "voti_si": 851,
            "voti_no": 69,
            "perc_si": "92,50",
            "perc_no": "7,50",
            "dt_agg": 20250609183257
        },
        {
            "cod": 5,
            "desc": null,
            "sz_perv": 6,
            "vot_m": 423,
            "vot_f": 520,
            "vot_t": 943,
            "perc_vot": "24,04",
            "sk_bianche": 12,
            "sk_nulle": 6,
            "sk_contestate": 0,
            "voti_si": 590,
            "voti_no": 335,
            "perc_si": "63,78",
            "perc_no": "36,22",
            "dt_agg": 20250609183358
        }
    ]
}