{
    "int": {
        "st": "ESERCIZIO",
        "t_ele": "Referendum",
        "t_ref": "ABROGATIVO",
        "f_elet": "SCRUTINI",
        "dt_ele": 20250608000000,
        "l_terr": "COMUNE",
        "area": "I",
        "cod_com": 370,
        "desc_com": "COCULLO",
        "cod_prov": 38,
        "desc_prov": "L'AQUILA",
        "cod_reg": 13,
        "desc_reg": "ABRUZZO",
        "ele_m": 93,
        "ele_f": 85,
        "ele_t": 178,
        "sz_tot": 2,
        "tipo_tras": "SZ"
    },
    "note": null,
    "scheda": [
        {
            "cod": 1,
            "desc": null,
            "sz_perv": 2,
            "vot_m": 32,
            "vot_f": 28,
            "vot_t": 60,
            "perc_vot": "33,71",
            "sk_bianche": 1,
            "sk_nulle": 1,
            "sk_contestate": 0,
            "voti_si": 49,
            "voti_no": 9,
            "perc_si": "84,48",
            "perc_no": "15,52",
            "dt_agg": 20250609153120
        },
        {
            "cod": 2,
            "desc": null,
            "sz_perv": 2,
            "vot_m": 32,
            "vot_f": 28,
            "vot_t": 60,
            "perc_vot": "33,71",
            "sk_bianche": 1,
            "sk_nulle": 1,
            "sk_contestate": 0,
            "voti_si": 48,
            "voti_no": 10,
            "perc_si": "82,76",
            "perc_no": "17,24",
            "dt_agg": 20250609153121
        },
        {
            "cod": 3,
            "desc": null,
            "sz_perv": 2,
            "vot_m": 32,
            "vot_f": 28,
            "vot_t": 60,
            "perc_vot": "33,71",
            "sk_bianche": 1,
            "sk_nulle": 1,
            "sk_contestate": 0,
            "voti_si": 47,
            "voti_no": 11,
            "perc_si": "81,03",
            "perc_no": "18,97",
            "dt_agg": 20250609153803
        },
        {
            "cod": 4,
            "desc": null,
            "sz_perv": 2,
            "vot_m": 32,
            "vot_f": 28,
            "vot_t": 60,
            "perc_vot": "33,71",
            "sk_bianche": 1,
            "sk_nulle": 1,
            "sk_contestate": 0,
            "voti_si": 49,
            "voti_no": 9,
            "perc_si": "84,48",
            "perc_no": "15,52",
            "dt_agg": 20250609154452
        },
        {
            "cod": 5,
            "desc": null,
            "sz_perv": 2,
            "vot_m": 32,
            "vot_f": 28,
            "vot_t": 60,
            "perc_vot": "33,71",
            "sk_bianche": 2,
            "sk_nulle": 1,
            "sk_contestate": 0,
            "voti_si": 29,
            "voti_no": 28,
            "perc_si": "50,88",
            "perc_no": "49,12",
            "dt_agg": 20250609155308
        }
    ]
}