{
    "int": {
        "st": "ESERCIZIO",
        "t_ele": "Referendum",
        "t_ref": "ABROGATIVO",
        "f_elet": "SCRUTINI",
        "dt_ele": 20250608000000,
        "l_terr": "COMUNE",
        "area": "I",
        "cod_com": 30,
        "desc_com": "ALFEDENA",
        "cod_prov": 38,
        "desc_prov": "L'AQUILA",
        "cod_reg": 13,
        "desc_reg": "ABRUZZO",
        "ele_m": 426,
        "ele_f": 332,
        "ele_t": 758,
        "sz_tot": 1,
        "tipo_tras": "SZ"
    },
    "note": null,
    "scheda": [
        {
            "cod": 1,
            "desc": null,
            "sz_perv": 1,
            "vot_m": 111,
            "vot_f": 104,
            "vot_t": 215,
            "perc_vot": "28,36",
            "sk_bianche": 3,
            "sk_nulle": 4,
            "sk_contestate": 0,
            "voti_si": 189,
            "voti_no": 19,
            "perc_si": "90,87",
            "perc_no": "9,13",
            "dt_agg": 20250609171144
        },
        {
            "cod": 2,
            "desc": null,
            "sz_perv": 1,
            "vot_m": 111,
            "vot_f": 104,
            "vot_t": 215,
            "perc_vot": "28,36",
            "sk_bianche": 3,
            "sk_nulle": 3,
            "sk_contestate": 0,
            "voti_si": 186,
            "voti_no": 23,
            "perc_si": "89,00",
            "perc_no": "11,00",
            "dt_agg": 20250609171246
        },
        {
            "cod": 3,
            "desc": null,
            "sz_perv": 1,
            "vot_m": 111,
            "vot_f": 104,
            "vot_t": 215,
            "perc_vot": "28,36",
            "sk_bianche": 5,
            "sk_nulle": 4,
            "sk_contestate": 0,
            "voti_si": 184,
            "voti_no": 22,
            "perc_si": "89,32",
            "perc_no": "10,68",
            "dt_agg": 20250609171444
        },
        {
            "cod": 4,
            "desc": null,
            "sz_perv": 1,
            "vot_m": 111,
            "vot_f": 104,
            "vot_t": 215,
            "perc_vot": "28,36",
            "sk_bianche": 3,
            "sk_nulle": 4,
            "sk_contestate": 0,
            "voti_si": 180,
            "voti_no": 28,
            "perc_si": "86,54",
            "perc_no": "13,46",
            "dt_agg": 20250609171530
        },
        {
            "cod": 5,
            "desc": null,
            "sz_perv": 1,
            "vot_m": 111,
            "vot_f": 104,
            "vot_t": 215,
            "perc_vot": "28,36",
            "sk_bianche": 4,
            "sk_nulle": 3,
            "sk_contestate": 0,
            "voti_si": 138,
            "voti_no": 70,
            "perc_si": "66,35",
            "perc_no": "33,65",
            "dt_agg": 20250609171734
        }
    ]
}