{
    "int": {
        "st": "ESERCIZIO",
        "t_ele": "Referendum",
        "t_ref": "ABROGATIVO",
        "f_elet": "SCRUTINI",
        "dt_ele": 20250608000000,
        "l_terr": "COMUNE",
        "area": "I",
        "cod_com": 310,
        "desc_com": "CASTELVECCHIO SUBEQUO",
        "cod_prov": 38,
        "desc_prov": "L'AQUILA",
        "cod_reg": 13,
        "desc_reg": "ABRUZZO",
        "ele_m": 331,
        "ele_f": 348,
        "ele_t": 679,
        "sz_tot": 2,
        "tipo_tras": "SZ"
    },
    "note": null,
    "scheda": [
        {
            "cod": 1,
            "desc": null,
            "sz_perv": 2,
            "vot_m": 106,
            "vot_f": 111,
            "vot_t": 217,
            "perc_vot": "31,96",
            "sk_bianche": 5,
            "sk_nulle": 5,
            "sk_contestate": 0,
            "voti_si": 189,
            "voti_no": 18,
            "perc_si": "91,30",
            "perc_no": "8,70",
            "dt_agg": 20250609172703
        },
        {
            "cod": 2,
            "desc": null,
            "sz_perv": 2,
            "vot_m": 106,
            "vot_f": 111,
            "vot_t": 217,
            "perc_vot": "31,96",
            "sk_bianche": 5,
            "sk_nulle": 4,
            "sk_contestate": 0,
            "voti_si": 185,
            "voti_no": 23,
            "perc_si": "88,94",
            "perc_no": "11,06",
            "dt_agg": 20250609172703
        },
        {
            "cod": 3,
            "desc": null,
            "sz_perv": 2,
            "vot_m": 106,
            "vot_f": 111,
            "vot_t": 217,
            "perc_vot": "31,96",
            "sk_bianche": 5,
            "sk_nulle": 4,
            "sk_contestate": 0,
            "voti_si": 193,
            "voti_no": 15,
            "perc_si": "92,79",
            "perc_no": "7,21",
            "dt_agg": 20250609172915
        },
        {
            "cod": 4,
            "desc": null,
            "sz_perv": 2,
            "vot_m": 106,
            "vot_f": 111,
            "vot_t": 217,
            "perc_vot": "31,96",
            "sk_bianche": 5,
            "sk_nulle": 3,
            "sk_contestate": 0,
            "voti_si": 188,
            "voti_no": 21,
            "perc_si": "89,95",
            "perc_no": "10,05",
            "dt_agg": 20250609172916
        },
        {
            "cod": 5,
            "desc": null,
            "sz_perv": 2,
            "vot_m": 105,
            "vot_f": 111,
            "vot_t": 216,
            "perc_vot": "31,81",
            "sk_bianche": 6,
            "sk_nulle": 5,
            "sk_contestate": 0,
            "voti_si": 126,
            "voti_no": 79,
            "perc_si": "61,46",
            "perc_no": "38,54",
            "dt_agg": 20250609173015
        }
    ]
}