{
    "int": {
        "st": "ESERCIZIO",
        "t_ele": "Referendum",
        "t_ref": "ABROGATIVO",
        "f_elet": "SCRUTINI",
        "dt_ele": 20250608000000,
        "l_terr": "COMUNE",
        "area": "I",
        "cod_com": 450,
        "desc_com": "GAGLIANO ATERNO",
        "cod_prov": 38,
        "desc_prov": "L'AQUILA",
        "cod_reg": 13,
        "desc_reg": "ABRUZZO",
        "ele_m": 89,
        "ele_f": 82,
        "ele_t": 171,
        "sz_tot": 1,
        "tipo_tras": "SZ"
    },
    "note": null,
    "scheda": [
        {
            "cod": 1,
            "desc": null,
            "sz_perv": 1,
            "vot_m": 40,
            "vot_f": 38,
            "vot_t": 78,
            "perc_vot": "45,61",
            "sk_bianche": 1,
            "sk_nulle": 0,
            "sk_contestate": 0,
            "voti_si": 71,
            "voti_no": 6,
            "perc_si": "92,21",
            "perc_no": "7,79",
            "dt_agg": 20250609153120
        },
        {
            "cod": 2,
            "desc": null,
            "sz_perv": 1,
            "vot_m": 40,
            "vot_f": 38,
            "vot_t": 78,
            "perc_vot": "45,61",
            "sk_bianche": 1,
            "sk_nulle": 0,
            "sk_contestate": 0,
            "voti_si": 69,
            "voti_no": 8,
            "perc_si": "89,61",
            "perc_no": "10,39",
            "dt_agg": 20250609153356
        },
        {
            "cod": 3,
            "desc": null,
            "sz_perv": 1,
            "vot_m": 40,
            "vot_f": 38,
            "vot_t": 78,
            "perc_vot": "45,61",
            "sk_bianche": 1,
            "sk_nulle": 0,
            "sk_contestate": 0,
            "voti_si": 72,
            "voti_no": 5,
            "perc_si": "93,51",
            "perc_no": "6,49",
            "dt_agg": 20250609154511
        },
        {
            "cod": 4,
            "desc": null,
            "sz_perv": 1,
            "vot_m": 40,
            "vot_f": 38,
            "vot_t": 78,
            "perc_vot": "45,61",
            "sk_bianche": 2,
            "sk_nulle": 0,
            "sk_contestate": 0,
            "voti_si": 72,
            "voti_no": 4,
            "perc_si": "94,74",
            "perc_no": "5,26",
            "dt_agg": 20250609155425
        },
        {
            "cod": 5,
            "desc": null,
            "sz_perv": 1,
            "vot_m": 40,
            "vot_f": 38,
            "vot_t": 78,
            "perc_vot": "45,61",
            "sk_bianche": 2,
            "sk_nulle": 0,
            "sk_contestate": 0,
            "voti_si": 50,
            "voti_no": 26,
            "perc_si": "65,79",
            "perc_no": "34,21",
            "dt_agg": 20250609155839
        }
    ]
}