{
    "int": {
        "st": "ESERCIZIO",
        "t_ele": "Referendum",
        "t_ref": "ABROGATIVO",
        "f_elet": "SCRUTINI",
        "dt_ele": 20250608000000,
        "l_terr": "COMUNE",
        "area": "I",
        "cod_com": 190,
        "desc_com": "CAPESTRANO",
        "cod_prov": 38,
        "desc_prov": "L'AQUILA",
        "cod_reg": 13,
        "desc_reg": "ABRUZZO",
        "ele_m": 298,
        "ele_f": 310,
        "ele_t": 608,
        "sz_tot": 2,
        "tipo_tras": "SZ"
    },
    "note": null,
    "scheda": [
        {
            "cod": 1,
            "desc": null,
            "sz_perv": 2,
            "vot_m": 50,
            "vot_f": 65,
            "vot_t": 115,
            "perc_vot": "18,91",
            "sk_bianche": 3,
            "sk_nulle": 1,
            "sk_contestate": 0,
            "voti_si": 110,
            "voti_no": 1,
            "perc_si": "99,10",
            "perc_no": "0,90",
            "dt_agg": 20250609170510
        },
        {
            "cod": 2,
            "desc": null,
            "sz_perv": 2,
            "vot_m": 50,
            "vot_f": 65,
            "vot_t": 115,
            "perc_vot": "18,91",
            "sk_bianche": 3,
            "sk_nulle": 1,
            "sk_contestate": 0,
            "voti_si": 110,
            "voti_no": 1,
            "perc_si": "99,10",
            "perc_no": "0,90",
            "dt_agg": 20250609170511
        },
        {
            "cod": 3,
            "desc": null,
            "sz_perv": 2,
            "vot_m": 50,
            "vot_f": 65,
            "vot_t": 115,
            "perc_vot": "18,91",
            "sk_bianche": 3,
            "sk_nulle": 1,
            "sk_contestate": 0,
            "voti_si": 110,
            "voti_no": 1,
            "perc_si": "99,10",
            "perc_no": "0,90",
            "dt_agg": 20250609170511
        },
        {
            "cod": 4,
            "desc": null,
            "sz_perv": 2,
            "vot_m": 50,
            "vot_f": 65,
            "vot_t": 115,
            "perc_vot": "18,91",
            "sk_bianche": 3,
            "sk_nulle": 1,
            "sk_contestate": 0,
            "voti_si": 110,
            "voti_no": 1,
            "perc_si": "99,10",
            "perc_no": "0,90",
            "dt_agg": 20250609170534
        },
        {
            "cod": 5,
            "desc": null,
            "sz_perv": 2,
            "vot_m": 50,
            "vot_f": 65,
            "vot_t": 115,
            "perc_vot": "18,91",
            "sk_bianche": 1,
            "sk_nulle": 1,
            "sk_contestate": 0,
            "voti_si": 103,
            "voti_no": 10,
            "perc_si": "91,15",
            "perc_no": "8,85",
            "dt_agg": 20250609170549
        }
    ]
}