{
    "int": {
        "st": "ESERCIZIO",
        "t_ele": "Referendum",
        "t_ref": "ABROGATIVO",
        "f_elet": "SCRUTINI",
        "dt_ele": 20250608000000,
        "l_terr": "COMUNE",
        "area": "I",
        "cod_com": 570,
        "desc_com": "MORINO",
        "cod_prov": 38,
        "desc_prov": "L'AQUILA",
        "cod_reg": 13,
        "desc_reg": "ABRUZZO",
        "ele_m": 559,
        "ele_f": 551,
        "ele_t": 1110,
        "sz_tot": 3,
        "tipo_tras": "SZ"
    },
    "note": null,
    "scheda": [
        {
            "cod": 1,
            "desc": null,
            "sz_perv": 3,
            "vot_m": 108,
            "vot_f": 122,
            "vot_t": 230,
            "perc_vot": "20,72",
            "sk_bianche": 5,
            "sk_nulle": 2,
            "sk_contestate": 0,
            "voti_si": 191,
            "voti_no": 32,
            "perc_si": "85,65",
            "perc_no": "14,35",
            "dt_agg": 20250609163900
        },
        {
            "cod": 2,
            "desc": null,
            "sz_perv": 3,
            "vot_m": 108,
            "vot_f": 122,
            "vot_t": 230,
            "perc_vot": "20,72",
            "sk_bianche": 5,
            "sk_nulle": 2,
            "sk_contestate": 0,
            "voti_si": 185,
            "voti_no": 38,
            "perc_si": "82,96",
            "perc_no": "17,04",
            "dt_agg": 20250609163901
        },
        {
            "cod": 3,
            "desc": null,
            "sz_perv": 3,
            "vot_m": 108,
            "vot_f": 122,
            "vot_t": 230,
            "perc_vot": "20,72",
            "sk_bianche": 5,
            "sk_nulle": 2,
            "sk_contestate": 0,
            "voti_si": 191,
            "voti_no": 32,
            "perc_si": "85,65",
            "perc_no": "14,35",
            "dt_agg": 20250609163901
        },
        {
            "cod": 4,
            "desc": null,
            "sz_perv": 3,
            "vot_m": 108,
            "vot_f": 122,
            "vot_t": 230,
            "perc_vot": "20,72",
            "sk_bianche": 3,
            "sk_nulle": 2,
            "sk_contestate": 0,
            "voti_si": 186,
            "voti_no": 39,
            "perc_si": "82,67",
            "perc_no": "17,33",
            "dt_agg": 20250609163906
        },
        {
            "cod": 5,
            "desc": null,
            "sz_perv": 3,
            "vot_m": 108,
            "vot_f": 121,
            "vot_t": 229,
            "perc_vot": "20,63",
            "sk_bianche": 8,
            "sk_nulle": 3,
            "sk_contestate": 0,
            "voti_si": 114,
            "voti_no": 104,
            "perc_si": "52,29",
            "perc_no": "47,71",
            "dt_agg": 20250609165639
        }
    ]
}