{
    "int": {
        "st": "ESERCIZIO",
        "t_ele": "Referendum",
        "t_ref": "ABROGATIVO",
        "f_elet": "SCRUTINI",
        "dt_ele": 20250608000000,
        "l_terr": "COMUNE",
        "area": "I",
        "cod_com": 780,
        "desc_com": "RIVISONDOLI",
        "cod_prov": 38,
        "desc_prov": "L'AQUILA",
        "cod_reg": 13,
        "desc_reg": "ABRUZZO",
        "ele_m": 309,
        "ele_f": 251,
        "ele_t": 560,
        "sz_tot": 1,
        "tipo_tras": "SZ"
    },
    "note": null,
    "scheda": [
        {
            "cod": 1,
            "desc": null,
            "sz_perv": 1,
            "vot_m": 63,
            "vot_f": 54,
            "vot_t": 117,
            "perc_vot": "20,89",
            "sk_bianche": 4,
            "sk_nulle": 2,
            "sk_contestate": 0,
            "voti_si": 90,
            "voti_no": 21,
            "perc_si": "81,08",
            "perc_no": "18,92",
            "dt_agg": 20250609162104
        },
        {
            "cod": 2,
            "desc": null,
            "sz_perv": 1,
            "vot_m": 63,
            "vot_f": 55,
            "vot_t": 118,
            "perc_vot": "21,07",
            "sk_bianche": 5,
            "sk_nulle": 2,
            "sk_contestate": 0,
            "voti_si": 94,
            "voti_no": 17,
            "perc_si": "84,68",
            "perc_no": "15,32",
            "dt_agg": 20250609162330
        },
        {
            "cod": 3,
            "desc": null,
            "sz_perv": 1,
            "vot_m": 63,
            "vot_f": 55,
            "vot_t": 118,
            "perc_vot": "21,07",
            "sk_bianche": 5,
            "sk_nulle": 3,
            "sk_contestate": 0,
            "voti_si": 88,
            "voti_no": 22,
            "perc_si": "80,00",
            "perc_no": "20,00",
            "dt_agg": 20250609162331
        },
        {
            "cod": 4,
            "desc": null,
            "sz_perv": 1,
            "vot_m": 64,
            "vot_f": 55,
            "vot_t": 119,
            "perc_vot": "21,25",
            "sk_bianche": 5,
            "sk_nulle": 2,
            "sk_contestate": 0,
            "voti_si": 93,
            "voti_no": 19,
            "perc_si": "83,04",
            "perc_no": "16,96",
            "dt_agg": 20250609162331
        },
        {
            "cod": 5,
            "desc": null,
            "sz_perv": 1,
            "vot_m": 64,
            "vot_f": 55,
            "vot_t": 119,
            "perc_vot": "21,25",
            "sk_bianche": 0,
            "sk_nulle": 2,
            "sk_contestate": 0,
            "voti_si": 72,
            "voti_no": 45,
            "perc_si": "61,54",
            "perc_no": "38,46",
            "dt_agg": 20250609162421
        }
    ]
}