{
    "int": {
        "st": "ESERCIZIO",
        "t_ele": "Referendum",
        "t_ref": "ABROGATIVO",
        "f_elet": "SCRUTINI",
        "dt_ele": 20250608000000,
        "l_terr": "COMUNE",
        "area": "I",
        "cod_com": 480,
        "desc_com": "INTRODACQUA",
        "cod_prov": 38,
        "desc_prov": "L'AQUILA",
        "cod_reg": 13,
        "desc_reg": "ABRUZZO",
        "ele_m": 818,
        "ele_f": 787,
        "ele_t": 1605,
        "sz_tot": 2,
        "tipo_tras": "SZ"
    },
    "note": null,
    "scheda": [
        {
            "cod": 1,
            "desc": null,
            "sz_perv": 2,
            "vot_m": 230,
            "vot_f": 261,
            "vot_t": 491,
            "perc_vot": "30,59",
            "sk_bianche": 5,
            "sk_nulle": 1,
            "sk_contestate": 0,
            "voti_si": 439,
            "voti_no": 46,
            "perc_si": "90,52",
            "perc_no": "9,48",
            "dt_agg": 20250609163927
        },
        {
            "cod": 2,
            "desc": null,
            "sz_perv": 2,
            "vot_m": 230,
            "vot_f": 261,
            "vot_t": 491,
            "perc_vot": "30,59",
            "sk_bianche": 8,
            "sk_nulle": 2,
            "sk_contestate": 0,
            "voti_si": 435,
            "voti_no": 46,
            "perc_si": "90,44",
            "perc_no": "9,56",
            "dt_agg": 20250609174157
        },
        {
            "cod": 3,
            "desc": null,
            "sz_perv": 2,
            "vot_m": 230,
            "vot_f": 261,
            "vot_t": 491,
            "perc_vot": "30,59",
            "sk_bianche": 9,
            "sk_nulle": 2,
            "sk_contestate": 0,
            "voti_si": 432,
            "voti_no": 48,
            "perc_si": "90,00",
            "perc_no": "10,00",
            "dt_agg": 20250609174308
        },
        {
            "cod": 4,
            "desc": null,
            "sz_perv": 2,
            "vot_m": 230,
            "vot_f": 261,
            "vot_t": 491,
            "perc_vot": "30,59",
            "sk_bianche": 11,
            "sk_nulle": 1,
            "sk_contestate": 0,
            "voti_si": 421,
            "voti_no": 58,
            "perc_si": "87,89",
            "perc_no": "12,11",
            "dt_agg": 20250609174408
        },
        {
            "cod": 5,
            "desc": null,
            "sz_perv": 2,
            "vot_m": 230,
            "vot_f": 261,
            "vot_t": 491,
            "perc_vot": "30,59",
            "sk_bianche": 7,
            "sk_nulle": 1,
            "sk_contestate": 0,
            "voti_si": 333,
            "voti_no": 150,
            "perc_si": "68,94",
            "perc_no": "31,06",
            "dt_agg": 20250609183054
        }
    ]
}