{
    "int": {
        "st": "ESERCIZIO",
        "t_ele": "Referendum",
        "t_ref": "ABROGATIVO",
        "f_elet": "SCRUTINI",
        "dt_ele": 20250608000000,
        "l_terr": "COMUNE",
        "area": "I",
        "cod_com": 20,
        "desc_com": "AIELLI",
        "cod_prov": 38,
        "desc_prov": "L'AQUILA",
        "cod_reg": 13,
        "desc_reg": "ABRUZZO",
        "ele_m": 544,
        "ele_f": 532,
        "ele_t": 1076,
        "sz_tot": 2,
        "tipo_tras": "SZ"
    },
    "note": null,
    "scheda": [
        {
            "cod": 1,
            "desc": null,
            "sz_perv": 2,
            "vot_m": 173,
            "vot_f": 183,
            "vot_t": 356,
            "perc_vot": "33,09",
            "sk_bianche": 11,
            "sk_nulle": 3,
            "sk_contestate": 0,
            "voti_si": 316,
            "voti_no": 26,
            "perc_si": "92,40",
            "perc_no": "7,60",
            "dt_agg": 20250609180205
        },
        {
            "cod": 2,
            "desc": null,
            "sz_perv": 2,
            "vot_m": 173,
            "vot_f": 183,
            "vot_t": 356,
            "perc_vot": "33,09",
            "sk_bianche": 7,
            "sk_nulle": 3,
            "sk_contestate": 0,
            "voti_si": 318,
            "voti_no": 28,
            "perc_si": "91,91",
            "perc_no": "8,09",
            "dt_agg": 20250609180303
        },
        {
            "cod": 3,
            "desc": null,
            "sz_perv": 2,
            "vot_m": 173,
            "vot_f": 183,
            "vot_t": 356,
            "perc_vot": "33,09",
            "sk_bianche": 6,
            "sk_nulle": 5,
            "sk_contestate": 0,
            "voti_si": 314,
            "voti_no": 31,
            "perc_si": "91,01",
            "perc_no": "8,99",
            "dt_agg": 20250609180303
        },
        {
            "cod": 4,
            "desc": null,
            "sz_perv": 2,
            "vot_m": 173,
            "vot_f": 183,
            "vot_t": 356,
            "perc_vot": "33,09",
            "sk_bianche": 8,
            "sk_nulle": 3,
            "sk_contestate": 0,
            "voti_si": 311,
            "voti_no": 34,
            "perc_si": "90,14",
            "perc_no": "9,86",
            "dt_agg": 20250609180354
        },
        {
            "cod": 5,
            "desc": null,
            "sz_perv": 2,
            "vot_m": 173,
            "vot_f": 183,
            "vot_t": 356,
            "perc_vot": "33,09",
            "sk_bianche": 4,
            "sk_nulle": 2,
            "sk_contestate": 0,
            "voti_si": 225,
            "voti_no": 125,
            "perc_si": "64,29",
            "perc_no": "35,71",
            "dt_agg": 20250609180411
        }
    ]
}