{
    "int": {
        "st": "ESERCIZIO",
        "t_ele": "Referendum",
        "t_ref": "ABROGATIVO",
        "f_elet": "SCRUTINI",
        "dt_ele": 20250608000000,
        "l_terr": "COMUNE",
        "area": "I",
        "cod_com": 920,
        "desc_com": "SCANNO",
        "cod_prov": 38,
        "desc_prov": "L'AQUILA",
        "cod_reg": 13,
        "desc_reg": "ABRUZZO",
        "ele_m": 712,
        "ele_f": 735,
        "ele_t": 1447,
        "sz_tot": 2,
        "tipo_tras": "SZ"
    },
    "note": null,
    "scheda": [
        {
            "cod": 1,
            "desc": null,
            "sz_perv": 2,
            "vot_m": 163,
            "vot_f": 195,
            "vot_t": 358,
            "perc_vot": "24,74",
            "sk_bianche": 12,
            "sk_nulle": 2,
            "sk_contestate": 0,
            "voti_si": 303,
            "voti_no": 41,
            "perc_si": "88,08",
            "perc_no": "11,92",
            "dt_agg": 20250609175302
        },
        {
            "cod": 2,
            "desc": null,
            "sz_perv": 2,
            "vot_m": 164,
            "vot_f": 195,
            "vot_t": 359,
            "perc_vot": "24,81",
            "sk_bianche": 13,
            "sk_nulle": 2,
            "sk_contestate": 0,
            "voti_si": 298,
            "voti_no": 46,
            "perc_si": "86,63",
            "perc_no": "13,37",
            "dt_agg": 20250609175333
        },
        {
            "cod": 3,
            "desc": null,
            "sz_perv": 2,
            "vot_m": 164,
            "vot_f": 195,
            "vot_t": 359,
            "perc_vot": "24,81",
            "sk_bianche": 13,
            "sk_nulle": 2,
            "sk_contestate": 0,
            "voti_si": 299,
            "voti_no": 45,
            "perc_si": "86,92",
            "perc_no": "13,08",
            "dt_agg": 20250609175416
        },
        {
            "cod": 4,
            "desc": null,
            "sz_perv": 2,
            "vot_m": 165,
            "vot_f": 195,
            "vot_t": 360,
            "perc_vot": "24,88",
            "sk_bianche": 13,
            "sk_nulle": 4,
            "sk_contestate": 0,
            "voti_si": 296,
            "voti_no": 47,
            "perc_si": "86,30",
            "perc_no": "13,70",
            "dt_agg": 20250609175459
        },
        {
            "cod": 5,
            "desc": null,
            "sz_perv": 2,
            "vot_m": 165,
            "vot_f": 195,
            "vot_t": 360,
            "perc_vot": "24,88",
            "sk_bianche": 9,
            "sk_nulle": 6,
            "sk_contestate": 0,
            "voti_si": 241,
            "voti_no": 104,
            "perc_si": "69,86",
            "perc_no": "30,14",
            "dt_agg": 20250609175655
        }
    ]
}