{
    "int": {
        "st": "ESERCIZIO",
        "t_ele": "Referendum",
        "t_ref": "ABROGATIVO",
        "f_elet": "SCRUTINI",
        "dt_ele": 20250608000000,
        "l_terr": "COMUNE",
        "area": "I",
        "cod_com": 680,
        "desc_com": "PESCASSEROLI",
        "cod_prov": 38,
        "desc_prov": "L'AQUILA",
        "cod_reg": 13,
        "desc_reg": "ABRUZZO",
        "ele_m": 819,
        "ele_f": 814,
        "ele_t": 1633,
        "sz_tot": 2,
        "tipo_tras": "SZ"
    },
    "note": null,
    "scheda": [
        {
            "cod": 1,
            "desc": null,
            "sz_perv": 2,
            "vot_m": 268,
            "vot_f": 292,
            "vot_t": 560,
            "perc_vot": "34,29",
            "sk_bianche": 19,
            "sk_nulle": 8,
            "sk_contestate": 0,
            "voti_si": 468,
            "voti_no": 65,
            "perc_si": "87,80",
            "perc_no": "12,20",
            "dt_agg": 20250609194947
        },
        {
            "cod": 2,
            "desc": null,
            "sz_perv": 2,
            "vot_m": 268,
            "vot_f": 292,
            "vot_t": 560,
            "perc_vot": "34,29",
            "sk_bianche": 20,
            "sk_nulle": 8,
            "sk_contestate": 0,
            "voti_si": 461,
            "voti_no": 71,
            "perc_si": "86,65",
            "perc_no": "13,35",
            "dt_agg": 20250609194947
        },
        {
            "cod": 3,
            "desc": null,
            "sz_perv": 2,
            "vot_m": 268,
            "vot_f": 292,
            "vot_t": 560,
            "perc_vot": "34,29",
            "sk_bianche": 23,
            "sk_nulle": 10,
            "sk_contestate": 0,
            "voti_si": 457,
            "voti_no": 70,
            "perc_si": "86,72",
            "perc_no": "13,28",
            "dt_agg": 20250609195006
        },
        {
            "cod": 4,
            "desc": null,
            "sz_perv": 2,
            "vot_m": 269,
            "vot_f": 292,
            "vot_t": 561,
            "perc_vot": "34,35",
            "sk_bianche": 18,
            "sk_nulle": 19,
            "sk_contestate": 0,
            "voti_si": 455,
            "voti_no": 69,
            "perc_si": "86,83",
            "perc_no": "13,17",
            "dt_agg": 20250609195027
        },
        {
            "cod": 5,
            "desc": null,
            "sz_perv": 2,
            "vot_m": 269,
            "vot_f": 292,
            "vot_t": 561,
            "perc_vot": "34,35",
            "sk_bianche": 14,
            "sk_nulle": 7,
            "sk_contestate": 0,
            "voti_si": 382,
            "voti_no": 158,
            "perc_si": "70,74",
            "perc_no": "29,26",
            "dt_agg": 20250609195055
        }
    ]
}