{
    "int": {
        "st": "ESERCIZIO",
        "t_ele": "Referendum",
        "t_ref": "ABROGATIVO",
        "f_elet": "SCRUTINI",
        "dt_ele": 20250608000000,
        "l_terr": "COMUNE",
        "area": "I",
        "cod_com": 210,
        "desc_com": "CAPITIGNANO",
        "cod_prov": 38,
        "desc_prov": "L'AQUILA",
        "cod_reg": 13,
        "desc_reg": "ABRUZZO",
        "ele_m": 252,
        "ele_f": 214,
        "ele_t": 466,
        "sz_tot": 1,
        "tipo_tras": "SZ"
    },
    "note": null,
    "scheda": [
        {
            "cod": 1,
            "desc": null,
            "sz_perv": 1,
            "vot_m": 68,
            "vot_f": 62,
            "vot_t": 130,
            "perc_vot": "27,90",
            "sk_bianche": 7,
            "sk_nulle": 2,
            "sk_contestate": 0,
            "voti_si": 103,
            "voti_no": 18,
            "perc_si": "85,12",
            "perc_no": "14,88",
            "dt_agg": 20250609173339
        },
        {
            "cod": 2,
            "desc": null,
            "sz_perv": 1,
            "vot_m": 68,
            "vot_f": 62,
            "vot_t": 130,
            "perc_vot": "27,90",
            "sk_bianche": 8,
            "sk_nulle": 1,
            "sk_contestate": 0,
            "voti_si": 101,
            "voti_no": 20,
            "perc_si": "83,47",
            "perc_no": "16,53",
            "dt_agg": 20250609173438
        },
        {
            "cod": 3,
            "desc": null,
            "sz_perv": 1,
            "vot_m": 68,
            "vot_f": 62,
            "vot_t": 130,
            "perc_vot": "27,90",
            "sk_bianche": 8,
            "sk_nulle": 1,
            "sk_contestate": 0,
            "voti_si": 104,
            "voti_no": 17,
            "perc_si": "85,95",
            "perc_no": "14,05",
            "dt_agg": 20250609173530
        },
        {
            "cod": 4,
            "desc": null,
            "sz_perv": 1,
            "vot_m": 69,
            "vot_f": 62,
            "vot_t": 131,
            "perc_vot": "28,11",
            "sk_bianche": 3,
            "sk_nulle": 2,
            "sk_contestate": 0,
            "voti_si": 105,
            "voti_no": 21,
            "perc_si": "83,33",
            "perc_no": "16,67",
            "dt_agg": 20250609173609
        },
        {
            "cod": 5,
            "desc": null,
            "sz_perv": 1,
            "vot_m": 68,
            "vot_f": 62,
            "vot_t": 130,
            "perc_vot": "27,90",
            "sk_bianche": 2,
            "sk_nulle": 2,
            "sk_contestate": 0,
            "voti_si": 73,
            "voti_no": 53,
            "perc_si": "57,94",
            "perc_no": "42,06",
            "dt_agg": 20250609173758
        }
    ]
}