{
    "int": {
        "st": "ESERCIZIO",
        "t_ele": "Referendum",
        "t_ref": "ABROGATIVO",
        "f_elet": "SCRUTINI",
        "dt_ele": 20250608000000,
        "l_terr": "COMUNE",
        "area": "I",
        "cod_com": 790,
        "desc_com": "ROCCACASALE",
        "cod_prov": 38,
        "desc_prov": "L'AQUILA",
        "cod_reg": 13,
        "desc_reg": "ABRUZZO",
        "ele_m": 243,
        "ele_f": 250,
        "ele_t": 493,
        "sz_tot": 1,
        "tipo_tras": "SZ"
    },
    "note": null,
    "scheda": [
        {
            "cod": 1,
            "desc": null,
            "sz_perv": 1,
            "vot_m": 46,
            "vot_f": 50,
            "vot_t": 96,
            "perc_vot": "19,47",
            "sk_bianche": 3,
            "sk_nulle": 1,
            "sk_contestate": 0,
            "voti_si": 81,
            "voti_no": 11,
            "perc_si": "88,04",
            "perc_no": "11,96",
            "dt_agg": 20250609174127
        },
        {
            "cod": 2,
            "desc": null,
            "sz_perv": 1,
            "vot_m": 46,
            "vot_f": 50,
            "vot_t": 96,
            "perc_vot": "19,47",
            "sk_bianche": 4,
            "sk_nulle": 1,
            "sk_contestate": 0,
            "voti_si": 77,
            "voti_no": 14,
            "perc_si": "84,62",
            "perc_no": "15,38",
            "dt_agg": 20250609174128
        },
        {
            "cod": 3,
            "desc": null,
            "sz_perv": 1,
            "vot_m": 46,
            "vot_f": 50,
            "vot_t": 96,
            "perc_vot": "19,47",
            "sk_bianche": 3,
            "sk_nulle": 1,
            "sk_contestate": 0,
            "voti_si": 79,
            "voti_no": 13,
            "perc_si": "85,87",
            "perc_no": "14,13",
            "dt_agg": 20250609174145
        },
        {
            "cod": 4,
            "desc": null,
            "sz_perv": 1,
            "vot_m": 46,
            "vot_f": 50,
            "vot_t": 96,
            "perc_vot": "19,47",
            "sk_bianche": 3,
            "sk_nulle": 1,
            "sk_contestate": 0,
            "voti_si": 83,
            "voti_no": 9,
            "perc_si": "90,22",
            "perc_no": "9,78",
            "dt_agg": 20250609174217
        },
        {
            "cod": 5,
            "desc": null,
            "sz_perv": 1,
            "vot_m": 46,
            "vot_f": 50,
            "vot_t": 96,
            "perc_vot": "19,47",
            "sk_bianche": 5,
            "sk_nulle": 1,
            "sk_contestate": 0,
            "voti_si": 55,
            "voti_no": 35,
            "perc_si": "61,11",
            "perc_no": "38,89",
            "dt_agg": 20250609174239
        }
    ]
}