{
    "int": {
        "st": "ESERCIZIO",
        "t_ele": "Referendum",
        "t_ref": "ABROGATIVO",
        "f_elet": "SCRUTINI",
        "dt_ele": 20250608000000,
        "l_terr": "COMUNE",
        "area": "I",
        "cod_com": 910,
        "desc_com": "SAN VINCENZO VALLE ROVETO",
        "cod_prov": 38,
        "desc_prov": "L'AQUILA",
        "cod_reg": 13,
        "desc_reg": "ABRUZZO",
        "ele_m": 873,
        "ele_f": 919,
        "ele_t": 1792,
        "sz_tot": 6,
        "tipo_tras": "SZ"
    },
    "note": null,
    "scheda": [
        {
            "cod": 1,
            "desc": null,
            "sz_perv": 6,
            "vot_m": 236,
            "vot_f": 280,
            "vot_t": 516,
            "perc_vot": "28,79",
            "sk_bianche": 12,
            "sk_nulle": 4,
            "sk_contestate": 0,
            "voti_si": 465,
            "voti_no": 35,
            "perc_si": "93,00",
            "perc_no": "7,00",
            "dt_agg": 20250609182031
        },
        {
            "cod": 2,
            "desc": null,
            "sz_perv": 6,
            "vot_m": 236,
            "vot_f": 280,
            "vot_t": 516,
            "perc_vot": "28,79",
            "sk_bianche": 9,
            "sk_nulle": 4,
            "sk_contestate": 0,
            "voti_si": 460,
            "voti_no": 43,
            "perc_si": "91,45",
            "perc_no": "8,55",
            "dt_agg": 20250609182105
        },
        {
            "cod": 3,
            "desc": null,
            "sz_perv": 6,
            "vot_m": 236,
            "vot_f": 280,
            "vot_t": 516,
            "perc_vot": "28,79",
            "sk_bianche": 11,
            "sk_nulle": 5,
            "sk_contestate": 0,
            "voti_si": 465,
            "voti_no": 35,
            "perc_si": "93,00",
            "perc_no": "7,00",
            "dt_agg": 20250609182219
        },
        {
            "cod": 4,
            "desc": null,
            "sz_perv": 6,
            "vot_m": 236,
            "vot_f": 279,
            "vot_t": 515,
            "perc_vot": "28,74",
            "sk_bianche": 10,
            "sk_nulle": 6,
            "sk_contestate": 1,
            "voti_si": 457,
            "voti_no": 41,
            "perc_si": "91,77",
            "perc_no": "8,23",
            "dt_agg": 20250609182219
        },
        {
            "cod": 5,
            "desc": null,
            "sz_perv": 6,
            "vot_m": 237,
            "vot_f": 280,
            "vot_t": 517,
            "perc_vot": "28,85",
            "sk_bianche": 13,
            "sk_nulle": 5,
            "sk_contestate": 0,
            "voti_si": 357,
            "voti_no": 142,
            "perc_si": "71,54",
            "perc_no": "28,46",
            "dt_agg": 20250609182219
        }
    ]
}