{
    "int": {
        "st": "ESERCIZIO",
        "t_ele": "Referendum",
        "t_ref": "ABROGATIVO",
        "f_elet": "SCRUTINI",
        "dt_ele": 20250608000000,
        "l_terr": "COMUNE",
        "area": "I",
        "cod_com": 150,
        "desc_com": "CAMPO DI GIOVE",
        "cod_prov": 38,
        "desc_prov": "L'AQUILA",
        "cod_reg": 13,
        "desc_reg": "ABRUZZO",
        "ele_m": 331,
        "ele_f": 328,
        "ele_t": 659,
        "sz_tot": 1,
        "tipo_tras": "SZ"
    },
    "note": null,
    "scheda": [
        {
            "cod": 1,
            "desc": null,
            "sz_perv": 1,
            "vot_m": 120,
            "vot_f": 133,
            "vot_t": 253,
            "perc_vot": "38,39",
            "sk_bianche": 9,
            "sk_nulle": 2,
            "sk_contestate": 0,
            "voti_si": 215,
            "voti_no": 27,
            "perc_si": "88,84",
            "perc_no": "11,16",
            "dt_agg": 20250609182219
        },
        {
            "cod": 2,
            "desc": null,
            "sz_perv": 1,
            "vot_m": 120,
            "vot_f": 133,
            "vot_t": 253,
            "perc_vot": "38,39",
            "sk_bianche": 8,
            "sk_nulle": 2,
            "sk_contestate": 0,
            "voti_si": 207,
            "voti_no": 36,
            "perc_si": "85,19",
            "perc_no": "14,81",
            "dt_agg": 20250609182631
        },
        {
            "cod": 3,
            "desc": null,
            "sz_perv": 1,
            "vot_m": 120,
            "vot_f": 133,
            "vot_t": 253,
            "perc_vot": "38,39",
            "sk_bianche": 9,
            "sk_nulle": 2,
            "sk_contestate": 0,
            "voti_si": 212,
            "voti_no": 30,
            "perc_si": "87,60",
            "perc_no": "12,40",
            "dt_agg": 20250609182758
        },
        {
            "cod": 4,
            "desc": null,
            "sz_perv": 1,
            "vot_m": 120,
            "vot_f": 133,
            "vot_t": 253,
            "perc_vot": "38,39",
            "sk_bianche": 12,
            "sk_nulle": 2,
            "sk_contestate": 0,
            "voti_si": 197,
            "voti_no": 42,
            "perc_si": "82,43",
            "perc_no": "17,57",
            "dt_agg": 20250609182931
        },
        {
            "cod": 5,
            "desc": null,
            "sz_perv": 1,
            "vot_m": 120,
            "vot_f": 133,
            "vot_t": 253,
            "perc_vot": "38,39",
            "sk_bianche": 10,
            "sk_nulle": 3,
            "sk_contestate": 0,
            "voti_si": 160,
            "voti_no": 80,
            "perc_si": "66,67",
            "perc_no": "33,33",
            "dt_agg": 20250609183100
        }
    ]
}