{
    "int": {
        "st": "ESERCIZIO",
        "t_ele": "Referendum",
        "t_ref": "ABROGATIVO",
        "f_elet": "SCRUTINI",
        "dt_ele": 20250608000000,
        "l_terr": "COMUNE",
        "area": "I",
        "cod_com": 980,
        "desc_com": "TAGLIACOZZO",
        "cod_prov": 38,
        "desc_prov": "L'AQUILA",
        "cod_reg": 13,
        "desc_reg": "ABRUZZO",
        "ele_m": 2585,
        "ele_f": 2644,
        "ele_t": 5229,
        "sz_tot": 9,
        "tipo_tras": "SZ"
    },
    "note": null,
    "scheda": [
        {
            "cod": 1,
            "desc": null,
            "sz_perv": 9,
            "vot_m": 579,
            "vot_f": 702,
            "vot_t": 1281,
            "perc_vot": "24,50",
            "sk_bianche": 35,
            "sk_nulle": 23,
            "sk_contestate": 0,
            "voti_si": 1078,
            "voti_no": 145,
            "perc_si": "88,14",
            "perc_no": "11,86",
            "dt_agg": 20250609191016
        },
        {
            "cod": 2,
            "desc": null,
            "sz_perv": 9,
            "vot_m": 579,
            "vot_f": 702,
            "vot_t": 1281,
            "perc_vot": "24,50",
            "sk_bianche": 31,
            "sk_nulle": 20,
            "sk_contestate": 0,
            "voti_si": 1058,
            "voti_no": 172,
            "perc_si": "86,02",
            "perc_no": "13,98",
            "dt_agg": 20250609191115
        },
        {
            "cod": 3,
            "desc": null,
            "sz_perv": 9,
            "vot_m": 579,
            "vot_f": 702,
            "vot_t": 1281,
            "perc_vot": "24,50",
            "sk_bianche": 35,
            "sk_nulle": 21,
            "sk_contestate": 0,
            "voti_si": 1065,
            "voti_no": 160,
            "perc_si": "86,94",
            "perc_no": "13,06",
            "dt_agg": 20250609191222
        },
        {
            "cod": 4,
            "desc": null,
            "sz_perv": 9,
            "vot_m": 579,
            "vot_f": 702,
            "vot_t": 1281,
            "perc_vot": "24,50",
            "sk_bianche": 27,
            "sk_nulle": 22,
            "sk_contestate": 0,
            "voti_si": 1036,
            "voti_no": 196,
            "perc_si": "84,09",
            "perc_no": "15,91",
            "dt_agg": 20250609191254
        },
        {
            "cod": 5,
            "desc": null,
            "sz_perv": 9,
            "vot_m": 577,
            "vot_f": 700,
            "vot_t": 1277,
            "perc_vot": "24,42",
            "sk_bianche": 30,
            "sk_nulle": 17,
            "sk_contestate": 0,
            "voti_si": 714,
            "voti_no": 516,
            "perc_si": "58,05",
            "perc_no": "41,95",
            "dt_agg": 20250609191324
        }
    ]
}