{
    "int": {
        "st": "ESERCIZIO",
        "t_ele": "Referendum",
        "t_ref": "ABROGATIVO",
        "f_elet": "SCRUTINI",
        "dt_ele": 20250608000000,
        "l_terr": "COMUNE",
        "area": "I",
        "cod_com": 420,
        "desc_com": "FAGNANO ALTO",
        "cod_prov": 38,
        "desc_prov": "L'AQUILA",
        "cod_reg": 13,
        "desc_reg": "ABRUZZO",
        "ele_m": 144,
        "ele_f": 135,
        "ele_t": 279,
        "sz_tot": 1,
        "tipo_tras": "SZ"
    },
    "note": null,
    "scheda": [
        {
            "cod": 1,
            "desc": null,
            "sz_perv": 1,
            "vot_m": 34,
            "vot_f": 40,
            "vot_t": 74,
            "perc_vot": "26,52",
            "sk_bianche": 1,
            "sk_nulle": 1,
            "sk_contestate": 0,
            "voti_si": 67,
            "voti_no": 5,
            "perc_si": "93,06",
            "perc_no": "6,94",
            "dt_agg": 20250609155019
        },
        {
            "cod": 2,
            "desc": null,
            "sz_perv": 1,
            "vot_m": 34,
            "vot_f": 40,
            "vot_t": 74,
            "perc_vot": "26,52",
            "sk_bianche": 1,
            "sk_nulle": 2,
            "sk_contestate": 0,
            "voti_si": 65,
            "voti_no": 6,
            "perc_si": "91,55",
            "perc_no": "8,45",
            "dt_agg": 20250609155308
        },
        {
            "cod": 3,
            "desc": null,
            "sz_perv": 1,
            "vot_m": 34,
            "vot_f": 40,
            "vot_t": 74,
            "perc_vot": "26,52",
            "sk_bianche": 1,
            "sk_nulle": 1,
            "sk_contestate": 0,
            "voti_si": 67,
            "voti_no": 5,
            "perc_si": "93,06",
            "perc_no": "6,94",
            "dt_agg": 20250609155501
        },
        {
            "cod": 4,
            "desc": null,
            "sz_perv": 1,
            "vot_m": 34,
            "vot_f": 40,
            "vot_t": 74,
            "perc_vot": "26,52",
            "sk_bianche": 1,
            "sk_nulle": 2,
            "sk_contestate": 0,
            "voti_si": 63,
            "voti_no": 8,
            "perc_si": "88,73",
            "perc_no": "11,27",
            "dt_agg": 20250609155631
        },
        {
            "cod": 5,
            "desc": null,
            "sz_perv": 1,
            "vot_m": 34,
            "vot_f": 40,
            "vot_t": 74,
            "perc_vot": "26,52",
            "sk_bianche": 3,
            "sk_nulle": 0,
            "sk_contestate": 0,
            "voti_si": 43,
            "voti_no": 28,
            "perc_si": "60,56",
            "perc_no": "39,44",
            "dt_agg": 20250609155742
        }
    ]
}