{
    "int": {
        "st": "ESERCIZIO",
        "t_ele": "Referendum",
        "t_ref": "ABROGATIVO",
        "f_elet": "SCRUTINI",
        "dt_ele": 20250608000000,
        "l_terr": "COMUNE",
        "area": "I",
        "cod_com": 220,
        "desc_com": "ROTONDELLA",
        "cod_prov": 47,
        "desc_prov": "MATERA",
        "cod_reg": 17,
        "desc_reg": "BASILICATA",
        "ele_m": 883,
        "ele_f": 913,
        "ele_t": 1796,
        "sz_tot": 3,
        "tipo_tras": "SZ"
    },
    "note": null,
    "scheda": [
        {
            "cod": 1,
            "desc": null,
            "sz_perv": 3,
            "vot_m": 219,
            "vot_f": 223,
            "vot_t": 442,
            "perc_vot": "24,61",
            "sk_bianche": 13,
            "sk_nulle": 4,
            "sk_contestate": 0,
            "voti_si": 388,
            "voti_no": 37,
            "perc_si": "91,29",
            "perc_no": "8,71",
            "dt_agg": 20250609182900
        },
        {
            "cod": 2,
            "desc": null,
            "sz_perv": 3,
            "vot_m": 219,
            "vot_f": 223,
            "vot_t": 442,
            "perc_vot": "24,61",
            "sk_bianche": 12,
            "sk_nulle": 5,
            "sk_contestate": 0,
            "voti_si": 380,
            "voti_no": 45,
            "perc_si": "89,41",
            "perc_no": "10,59",
            "dt_agg": 20250609182936
        },
        {
            "cod": 3,
            "desc": null,
            "sz_perv": 3,
            "vot_m": 219,
            "vot_f": 223,
            "vot_t": 442,
            "perc_vot": "24,61",
            "sk_bianche": 12,
            "sk_nulle": 4,
            "sk_contestate": 0,
            "voti_si": 384,
            "voti_no": 42,
            "perc_si": "90,14",
            "perc_no": "9,86",
            "dt_agg": 20250609183015
        },
        {
            "cod": 4,
            "desc": null,
            "sz_perv": 3,
            "vot_m": 219,
            "vot_f": 223,
            "vot_t": 442,
            "perc_vot": "24,61",
            "sk_bianche": 21,
            "sk_nulle": 4,
            "sk_contestate": 0,
            "voti_si": 362,
            "voti_no": 55,
            "perc_si": "86,81",
            "perc_no": "13,19",
            "dt_agg": 20250609183055
        },
        {
            "cod": 5,
            "desc": null,
            "sz_perv": 3,
            "vot_m": 219,
            "vot_f": 223,
            "vot_t": 442,
            "perc_vot": "24,61",
            "sk_bianche": 6,
            "sk_nulle": 5,
            "sk_contestate": 0,
            "voti_si": 273,
            "voti_no": 158,
            "perc_si": "63,34",
            "perc_no": "36,66",
            "dt_agg": 20250609180824
        }
    ]
}