{
    "int": {
        "st": "ESERCIZIO",
        "t_ele": "Referendum",
        "t_ref": "ABROGATIVO",
        "f_elet": "SCRUTINI",
        "dt_ele": 20250608000000,
        "l_terr": "COMUNE",
        "area": "I",
        "cod_com": 90,
        "desc_com": "GARAGUSO",
        "cod_prov": 47,
        "desc_prov": "MATERA",
        "cod_reg": 17,
        "desc_reg": "BASILICATA",
        "ele_m": 381,
        "ele_f": 388,
        "ele_t": 769,
        "sz_tot": 1,
        "tipo_tras": "SZ"
    },
    "note": null,
    "scheda": [
        {
            "cod": 1,
            "desc": null,
            "sz_perv": 1,
            "vot_m": 49,
            "vot_f": 71,
            "vot_t": 120,
            "perc_vot": "15,60",
            "sk_bianche": 0,
            "sk_nulle": 0,
            "sk_contestate": 0,
            "voti_si": 102,
            "voti_no": 18,
            "perc_si": "85,00",
            "perc_no": "15,00",
            "dt_agg": 20250609164427
        },
        {
            "cod": 2,
            "desc": null,
            "sz_perv": 1,
            "vot_m": 49,
            "vot_f": 71,
            "vot_t": 120,
            "perc_vot": "15,60",
            "sk_bianche": 0,
            "sk_nulle": 0,
            "sk_contestate": 0,
            "voti_si": 103,
            "voti_no": 17,
            "perc_si": "85,83",
            "perc_no": "14,17",
            "dt_agg": 20250609164429
        },
        {
            "cod": 3,
            "desc": null,
            "sz_perv": 1,
            "vot_m": 49,
            "vot_f": 71,
            "vot_t": 120,
            "perc_vot": "15,60",
            "sk_bianche": 3,
            "sk_nulle": 0,
            "sk_contestate": 0,
            "voti_si": 101,
            "voti_no": 16,
            "perc_si": "86,32",
            "perc_no": "13,68",
            "dt_agg": 20250609164515
        },
        {
            "cod": 4,
            "desc": null,
            "sz_perv": 1,
            "vot_m": 49,
            "vot_f": 71,
            "vot_t": 120,
            "perc_vot": "15,60",
            "sk_bianche": 1,
            "sk_nulle": 0,
            "sk_contestate": 0,
            "voti_si": 102,
            "voti_no": 17,
            "perc_si": "85,71",
            "perc_no": "14,29",
            "dt_agg": 20250609164558
        },
        {
            "cod": 5,
            "desc": null,
            "sz_perv": 1,
            "vot_m": 50,
            "vot_f": 71,
            "vot_t": 121,
            "perc_vot": "15,73",
            "sk_bianche": 2,
            "sk_nulle": 0,
            "sk_contestate": 0,
            "voti_si": 78,
            "voti_no": 41,
            "perc_si": "65,55",
            "perc_no": "34,45",
            "dt_agg": 20250609164648
        }
    ]
}