{
    "int": {
        "st": "ESERCIZIO",
        "t_ele": "Referendum",
        "t_ref": "ABROGATIVO",
        "f_elet": "SCRUTINI",
        "dt_ele": 20250608000000,
        "l_terr": "COMUNE",
        "area": "I",
        "cod_com": 10,
        "desc_com": "ACCETTURA",
        "cod_prov": 47,
        "desc_prov": "MATERA",
        "cod_reg": 17,
        "desc_reg": "BASILICATA",
        "ele_m": 673,
        "ele_f": 691,
        "ele_t": 1364,
        "sz_tot": 3,
        "tipo_tras": "SZ"
    },
    "note": null,
    "scheda": [
        {
            "cod": 1,
            "desc": null,
            "sz_perv": 3,
            "vot_m": 110,
            "vot_f": 127,
            "vot_t": 237,
            "perc_vot": "17,38",
            "sk_bianche": 15,
            "sk_nulle": 3,
            "sk_contestate": 0,
            "voti_si": 204,
            "voti_no": 15,
            "perc_si": "93,15",
            "perc_no": "6,85",
            "dt_agg": 20250609170724
        },
        {
            "cod": 2,
            "desc": null,
            "sz_perv": 3,
            "vot_m": 110,
            "vot_f": 127,
            "vot_t": 237,
            "perc_vot": "17,38",
            "sk_bianche": 13,
            "sk_nulle": 1,
            "sk_contestate": 0,
            "voti_si": 209,
            "voti_no": 14,
            "perc_si": "93,72",
            "perc_no": "6,28",
            "dt_agg": 20250609170815
        },
        {
            "cod": 3,
            "desc": null,
            "sz_perv": 3,
            "vot_m": 110,
            "vot_f": 127,
            "vot_t": 237,
            "perc_vot": "17,38",
            "sk_bianche": 12,
            "sk_nulle": 2,
            "sk_contestate": 0,
            "voti_si": 202,
            "voti_no": 21,
            "perc_si": "90,58",
            "perc_no": "9,42",
            "dt_agg": 20250609170815
        },
        {
            "cod": 4,
            "desc": null,
            "sz_perv": 3,
            "vot_m": 110,
            "vot_f": 127,
            "vot_t": 237,
            "perc_vot": "17,38",
            "sk_bianche": 11,
            "sk_nulle": 2,
            "sk_contestate": 0,
            "voti_si": 206,
            "voti_no": 18,
            "perc_si": "91,96",
            "perc_no": "8,04",
            "dt_agg": 20250609170816
        },
        {
            "cod": 5,
            "desc": null,
            "sz_perv": 3,
            "vot_m": 110,
            "vot_f": 127,
            "vot_t": 237,
            "perc_vot": "17,38",
            "sk_bianche": 8,
            "sk_nulle": 4,
            "sk_contestate": 0,
            "voti_si": 132,
            "voti_no": 93,
            "perc_si": "58,67",
            "perc_no": "41,33",
            "dt_agg": 20250609170831
        }
    ]
}