{
    "int": {
        "st": "ESERCIZIO",
        "t_ele": "Referendum",
        "t_ref": "ABROGATIVO",
        "f_elet": "SCRUTINI",
        "dt_ele": 20250608000000,
        "l_terr": "COMUNE",
        "area": "I",
        "cod_com": 200,
        "desc_com": "PISTICCI",
        "cod_prov": 47,
        "desc_prov": "MATERA",
        "cod_reg": 17,
        "desc_reg": "BASILICATA",
        "ele_m": 6532,
        "ele_f": 6805,
        "ele_t": 13337,
        "sz_tot": 19,
        "tipo_tras": "SZ"
    },
    "note": null,
    "scheda": [
        {
            "cod": 1,
            "desc": null,
            "sz_perv": 19,
            "vot_m": 1496,
            "vot_f": 1585,
            "vot_t": 3081,
            "perc_vot": "23,10",
            "sk_bianche": 61,
            "sk_nulle": 41,
            "sk_contestate": 0,
            "voti_si": 2769,
            "voti_no": 210,
            "perc_si": "92,95",
            "perc_no": "7,05",
            "dt_agg": 20250609184408
        },
        {
            "cod": 2,
            "desc": null,
            "sz_perv": 19,
            "vot_m": 1494,
            "vot_f": 1583,
            "vot_t": 3077,
            "perc_vot": "23,07",
            "sk_bianche": 70,
            "sk_nulle": 42,
            "sk_contestate": 0,
            "voti_si": 2729,
            "voti_no": 236,
            "perc_si": "92,04",
            "perc_no": "7,96",
            "dt_agg": 20250609184416
        },
        {
            "cod": 3,
            "desc": null,
            "sz_perv": 19,
            "vot_m": 1496,
            "vot_f": 1584,
            "vot_t": 3080,
            "perc_vot": "23,09",
            "sk_bianche": 62,
            "sk_nulle": 45,
            "sk_contestate": 0,
            "voti_si": 2595,
            "voti_no": 378,
            "perc_si": "87,29",
            "perc_no": "12,71",
            "dt_agg": 20250609184433
        },
        {
            "cod": 4,
            "desc": null,
            "sz_perv": 19,
            "vot_m": 1495,
            "vot_f": 1584,
            "vot_t": 3079,
            "perc_vot": "23,09",
            "sk_bianche": 67,
            "sk_nulle": 42,
            "sk_contestate": 0,
            "voti_si": 2698,
            "voti_no": 272,
            "perc_si": "90,84",
            "perc_no": "9,16",
            "dt_agg": 20250609184458
        },
        {
            "cod": 5,
            "desc": null,
            "sz_perv": 19,
            "vot_m": 1493,
            "vot_f": 1584,
            "vot_t": 3077,
            "perc_vot": "23,07",
            "sk_bianche": 70,
            "sk_nulle": 43,
            "sk_contestate": 0,
            "voti_si": 1824,
            "voti_no": 1140,
            "perc_si": "61,54",
            "perc_no": "38,46",
            "dt_agg": 20250609184509
        }
    ]
}