{
    "int": {
        "st": "ESERCIZIO",
        "t_ele": "Referendum",
        "t_ref": "ABROGATIVO",
        "f_elet": "SCRUTINI",
        "dt_ele": 20250608000000,
        "l_terr": "COMUNE",
        "area": "I",
        "cod_com": 190,
        "desc_com": "OLIVETO LUCANO",
        "cod_prov": 47,
        "desc_prov": "MATERA",
        "cod_reg": 17,
        "desc_reg": "BASILICATA",
        "ele_m": 153,
        "ele_f": 161,
        "ele_t": 314,
        "sz_tot": 1,
        "tipo_tras": "SZ"
    },
    "note": null,
    "scheda": [
        {
            "cod": 1,
            "desc": null,
            "sz_perv": 1,
            "vot_m": 27,
            "vot_f": 27,
            "vot_t": 54,
            "perc_vot": "17,20",
            "sk_bianche": 1,
            "sk_nulle": 1,
            "sk_contestate": 0,
            "voti_si": 48,
            "voti_no": 4,
            "perc_si": "92,31",
            "perc_no": "7,69",
            "dt_agg": 20250609160906
        },
        {
            "cod": 2,
            "desc": null,
            "sz_perv": 1,
            "vot_m": 27,
            "vot_f": 27,
            "vot_t": 54,
            "perc_vot": "17,20",
            "sk_bianche": 2,
            "sk_nulle": 1,
            "sk_contestate": 0,
            "voti_si": 46,
            "voti_no": 5,
            "perc_si": "90,20",
            "perc_no": "9,80",
            "dt_agg": 20250609160906
        },
        {
            "cod": 3,
            "desc": null,
            "sz_perv": 1,
            "vot_m": 27,
            "vot_f": 27,
            "vot_t": 54,
            "perc_vot": "17,20",
            "sk_bianche": 1,
            "sk_nulle": 0,
            "sk_contestate": 0,
            "voti_si": 49,
            "voti_no": 4,
            "perc_si": "92,45",
            "perc_no": "7,55",
            "dt_agg": 20250609160916
        },
        {
            "cod": 4,
            "desc": null,
            "sz_perv": 1,
            "vot_m": 27,
            "vot_f": 27,
            "vot_t": 54,
            "perc_vot": "17,20",
            "sk_bianche": 1,
            "sk_nulle": 0,
            "sk_contestate": 0,
            "voti_si": 50,
            "voti_no": 3,
            "perc_si": "94,34",
            "perc_no": "5,66",
            "dt_agg": 20250609160941
        },
        {
            "cod": 5,
            "desc": null,
            "sz_perv": 1,
            "vot_m": 27,
            "vot_f": 27,
            "vot_t": 54,
            "perc_vot": "17,20",
            "sk_bianche": 4,
            "sk_nulle": 0,
            "sk_contestate": 0,
            "voti_si": 32,
            "voti_no": 18,
            "perc_si": "64,00",
            "perc_no": "36,00",
            "dt_agg": 20250609161004
        }
    ]
}