{
    "int": {
        "st": "ESERCIZIO",
        "t_ele": "Referendum",
        "t_ref": "ABROGATIVO",
        "f_elet": "SCRUTINI",
        "dt_ele": 20250608000000,
        "l_terr": "COMUNE",
        "area": "I",
        "cod_com": 160,
        "desc_com": "MONTALBANO JONICO",
        "cod_prov": 47,
        "desc_prov": "MATERA",
        "cod_reg": 17,
        "desc_reg": "BASILICATA",
        "ele_m": 2584,
        "ele_f": 2710,
        "ele_t": 5294,
        "sz_tot": 9,
        "tipo_tras": "SZ"
    },
    "note": null,
    "scheda": [
        {
            "cod": 1,
            "desc": null,
            "sz_perv": 9,
            "vot_m": 818,
            "vot_f": 910,
            "vot_t": 1728,
            "perc_vot": "32,64",
            "sk_bianche": 22,
            "sk_nulle": 11,
            "sk_contestate": 0,
            "voti_si": 1599,
            "voti_no": 96,
            "perc_si": "94,34",
            "perc_no": "5,66",
            "dt_agg": 20250609175416
        },
        {
            "cod": 2,
            "desc": null,
            "sz_perv": 9,
            "vot_m": 818,
            "vot_f": 910,
            "vot_t": 1728,
            "perc_vot": "32,64",
            "sk_bianche": 18,
            "sk_nulle": 11,
            "sk_contestate": 0,
            "voti_si": 1589,
            "voti_no": 110,
            "perc_si": "93,53",
            "perc_no": "6,47",
            "dt_agg": 20250609175505
        },
        {
            "cod": 3,
            "desc": null,
            "sz_perv": 9,
            "vot_m": 818,
            "vot_f": 910,
            "vot_t": 1728,
            "perc_vot": "32,64",
            "sk_bianche": 27,
            "sk_nulle": 9,
            "sk_contestate": 0,
            "voti_si": 1587,
            "voti_no": 105,
            "perc_si": "93,79",
            "perc_no": "6,21",
            "dt_agg": 20250609175603
        },
        {
            "cod": 4,
            "desc": null,
            "sz_perv": 9,
            "vot_m": 818,
            "vot_f": 910,
            "vot_t": 1728,
            "perc_vot": "32,64",
            "sk_bianche": 23,
            "sk_nulle": 9,
            "sk_contestate": 0,
            "voti_si": 1561,
            "voti_no": 135,
            "perc_si": "92,04",
            "perc_no": "7,96",
            "dt_agg": 20250609175604
        },
        {
            "cod": 5,
            "desc": null,
            "sz_perv": 9,
            "vot_m": 818,
            "vot_f": 909,
            "vot_t": 1727,
            "perc_vot": "32,62",
            "sk_bianche": 31,
            "sk_nulle": 17,
            "sk_contestate": 0,
            "voti_si": 1070,
            "voti_no": 609,
            "perc_si": "63,73",
            "perc_no": "36,27",
            "dt_agg": 20250609175634
        }
    ]
}