{
    "int": {
        "st": "ESERCIZIO",
        "t_ele": "Referendum",
        "t_ref": "ABROGATIVO",
        "f_elet": "SCRUTINI",
        "dt_ele": 20250608000000,
        "l_terr": "COMUNE",
        "area": "I",
        "cod_com": 210,
        "desc_com": "POMARICO",
        "cod_prov": 47,
        "desc_prov": "MATERA",
        "cod_reg": 17,
        "desc_reg": "BASILICATA",
        "ele_m": 1552,
        "ele_f": 1594,
        "ele_t": 3146,
        "sz_tot": 5,
        "tipo_tras": "SZ"
    },
    "note": null,
    "scheda": [
        {
            "cod": 1,
            "desc": null,
            "sz_perv": 5,
            "vot_m": 397,
            "vot_f": 421,
            "vot_t": 818,
            "perc_vot": "26,00",
            "sk_bianche": 9,
            "sk_nulle": 3,
            "sk_contestate": 0,
            "voti_si": 769,
            "voti_no": 37,
            "perc_si": "95,41",
            "perc_no": "4,59",
            "dt_agg": 20250609165513
        },
        {
            "cod": 2,
            "desc": null,
            "sz_perv": 5,
            "vot_m": 397,
            "vot_f": 421,
            "vot_t": 818,
            "perc_vot": "26,00",
            "sk_bianche": 11,
            "sk_nulle": 6,
            "sk_contestate": 0,
            "voti_si": 767,
            "voti_no": 34,
            "perc_si": "95,76",
            "perc_no": "4,24",
            "dt_agg": 20250609165532
        },
        {
            "cod": 3,
            "desc": null,
            "sz_perv": 5,
            "vot_m": 397,
            "vot_f": 421,
            "vot_t": 818,
            "perc_vot": "26,00",
            "sk_bianche": 6,
            "sk_nulle": 7,
            "sk_contestate": 0,
            "voti_si": 765,
            "voti_no": 40,
            "perc_si": "95,03",
            "perc_no": "4,97",
            "dt_agg": 20250609165601
        },
        {
            "cod": 4,
            "desc": null,
            "sz_perv": 5,
            "vot_m": 397,
            "vot_f": 421,
            "vot_t": 818,
            "perc_vot": "26,00",
            "sk_bianche": 12,
            "sk_nulle": 6,
            "sk_contestate": 0,
            "voti_si": 767,
            "voti_no": 33,
            "perc_si": "95,88",
            "perc_no": "4,13",
            "dt_agg": 20250609165601
        },
        {
            "cod": 5,
            "desc": null,
            "sz_perv": 5,
            "vot_m": 397,
            "vot_f": 421,
            "vot_t": 818,
            "perc_vot": "26,00",
            "sk_bianche": 15,
            "sk_nulle": 5,
            "sk_contestate": 0,
            "voti_si": 515,
            "voti_no": 283,
            "perc_si": "64,54",
            "perc_no": "35,46",
            "dt_agg": 20250609165732
        }
    ]
}