{
    "int": {
        "st": "ESERCIZIO",
        "t_ele": "Referendum",
        "t_ref": "ABROGATIVO",
        "f_elet": "SCRUTINI",
        "dt_ele": 20250608000000,
        "l_terr": "COMUNE",
        "area": "I",
        "cod_com": 250,
        "desc_com": "SAN MAURO FORTE",
        "cod_prov": 47,
        "desc_prov": "MATERA",
        "cod_reg": 17,
        "desc_reg": "BASILICATA",
        "ele_m": 537,
        "ele_f": 515,
        "ele_t": 1052,
        "sz_tot": 3,
        "tipo_tras": "SZ"
    },
    "note": null,
    "scheda": [
        {
            "cod": 1,
            "desc": null,
            "sz_perv": 3,
            "vot_m": 143,
            "vot_f": 129,
            "vot_t": 272,
            "perc_vot": "25,86",
            "sk_bianche": 4,
            "sk_nulle": 8,
            "sk_contestate": 0,
            "voti_si": 237,
            "voti_no": 23,
            "perc_si": "91,15",
            "perc_no": "8,85",
            "dt_agg": 20250609172612
        },
        {
            "cod": 2,
            "desc": null,
            "sz_perv": 3,
            "vot_m": 143,
            "vot_f": 129,
            "vot_t": 272,
            "perc_vot": "25,86",
            "sk_bianche": 1,
            "sk_nulle": 9,
            "sk_contestate": 0,
            "voti_si": 241,
            "voti_no": 21,
            "perc_si": "91,98",
            "perc_no": "8,02",
            "dt_agg": 20250609172639
        },
        {
            "cod": 3,
            "desc": null,
            "sz_perv": 3,
            "vot_m": 143,
            "vot_f": 129,
            "vot_t": 272,
            "perc_vot": "25,86",
            "sk_bianche": 2,
            "sk_nulle": 7,
            "sk_contestate": 0,
            "voti_si": 240,
            "voti_no": 23,
            "perc_si": "91,25",
            "perc_no": "8,75",
            "dt_agg": 20250609172704
        },
        {
            "cod": 4,
            "desc": null,
            "sz_perv": 3,
            "vot_m": 143,
            "vot_f": 129,
            "vot_t": 272,
            "perc_vot": "25,86",
            "sk_bianche": 3,
            "sk_nulle": 6,
            "sk_contestate": 0,
            "voti_si": 241,
            "voti_no": 22,
            "perc_si": "91,63",
            "perc_no": "8,37",
            "dt_agg": 20250609172917
        },
        {
            "cod": 5,
            "desc": null,
            "sz_perv": 3,
            "vot_m": 143,
            "vot_f": 129,
            "vot_t": 272,
            "perc_vot": "25,86",
            "sk_bianche": 5,
            "sk_nulle": 5,
            "sk_contestate": 0,
            "voti_si": 199,
            "voti_no": 63,
            "perc_si": "75,95",
            "perc_no": "24,05",
            "dt_agg": 20250609172917
        }
    ]
}