{
    "int": {
        "st": "ESERCIZIO",
        "t_ele": "Referendum",
        "t_ref": "ABROGATIVO",
        "f_elet": "SCRUTINI",
        "dt_ele": 20250608000000,
        "l_terr": "COMUNE",
        "area": "I",
        "cod_com": 240,
        "desc_com": "SAN GIORGIO LUCANO",
        "cod_prov": 47,
        "desc_prov": "MATERA",
        "cod_reg": 17,
        "desc_reg": "BASILICATA",
        "ele_m": 446,
        "ele_f": 419,
        "ele_t": 865,
        "sz_tot": 2,
        "tipo_tras": "SZ"
    },
    "note": null,
    "scheda": [
        {
            "cod": 1,
            "desc": null,
            "sz_perv": 2,
            "vot_m": 77,
            "vot_f": 79,
            "vot_t": 156,
            "perc_vot": "18,03",
            "sk_bianche": 8,
            "sk_nulle": 2,
            "sk_contestate": 0,
            "voti_si": 138,
            "voti_no": 8,
            "perc_si": "94,52",
            "perc_no": "5,48",
            "dt_agg": 20250609172918
        },
        {
            "cod": 2,
            "desc": null,
            "sz_perv": 2,
            "vot_m": 77,
            "vot_f": 79,
            "vot_t": 156,
            "perc_vot": "18,03",
            "sk_bianche": 8,
            "sk_nulle": 1,
            "sk_contestate": 0,
            "voti_si": 137,
            "voti_no": 10,
            "perc_si": "93,20",
            "perc_no": "6,80",
            "dt_agg": 20250609173007
        },
        {
            "cod": 3,
            "desc": null,
            "sz_perv": 2,
            "vot_m": 77,
            "vot_f": 79,
            "vot_t": 156,
            "perc_vot": "18,03",
            "sk_bianche": 7,
            "sk_nulle": 1,
            "sk_contestate": 0,
            "voti_si": 140,
            "voti_no": 8,
            "perc_si": "94,59",
            "perc_no": "5,41",
            "dt_agg": 20250609173119
        },
        {
            "cod": 4,
            "desc": null,
            "sz_perv": 2,
            "vot_m": 77,
            "vot_f": 79,
            "vot_t": 156,
            "perc_vot": "18,03",
            "sk_bianche": 6,
            "sk_nulle": 0,
            "sk_contestate": 0,
            "voti_si": 140,
            "voti_no": 10,
            "perc_si": "93,33",
            "perc_no": "6,67",
            "dt_agg": 20250609173148
        },
        {
            "cod": 5,
            "desc": null,
            "sz_perv": 2,
            "vot_m": 77,
            "vot_f": 79,
            "vot_t": 156,
            "perc_vot": "18,03",
            "sk_bianche": 5,
            "sk_nulle": 0,
            "sk_contestate": 0,
            "voti_si": 113,
            "voti_no": 38,
            "perc_si": "74,83",
            "perc_no": "25,17",
            "dt_agg": 20250609173300
        }
    ]
}