{
    "int": {
        "st": "ESERCIZIO",
        "t_ele": "Referendum",
        "t_ref": "ABROGATIVO",
        "f_elet": "SCRUTINI",
        "dt_ele": 20250608000000,
        "l_terr": "COMUNE",
        "area": "I",
        "cod_com": 280,
        "desc_com": "TURSI",
        "cod_prov": 47,
        "desc_prov": "MATERA",
        "cod_reg": 17,
        "desc_reg": "BASILICATA",
        "ele_m": 1781,
        "ele_f": 1866,
        "ele_t": 3647,
        "sz_tot": 7,
        "tipo_tras": "SZ"
    },
    "note": null,
    "scheda": [
        {
            "cod": 1,
            "desc": null,
            "sz_perv": 7,
            "vot_m": 337,
            "vot_f": 381,
            "vot_t": 718,
            "perc_vot": "19,69",
            "sk_bianche": 17,
            "sk_nulle": 7,
            "sk_contestate": 0,
            "voti_si": 621,
            "voti_no": 73,
            "perc_si": "89,48",
            "perc_no": "10,52",
            "dt_agg": 20250609175604
        },
        {
            "cod": 2,
            "desc": null,
            "sz_perv": 7,
            "vot_m": 337,
            "vot_f": 381,
            "vot_t": 718,
            "perc_vot": "19,69",
            "sk_bianche": 12,
            "sk_nulle": 9,
            "sk_contestate": 0,
            "voti_si": 604,
            "voti_no": 93,
            "perc_si": "86,66",
            "perc_no": "13,34",
            "dt_agg": 20250609175604
        },
        {
            "cod": 3,
            "desc": null,
            "sz_perv": 7,
            "vot_m": 337,
            "vot_f": 381,
            "vot_t": 718,
            "perc_vot": "19,69",
            "sk_bianche": 16,
            "sk_nulle": 12,
            "sk_contestate": 0,
            "voti_si": 616,
            "voti_no": 74,
            "perc_si": "89,28",
            "perc_no": "10,72",
            "dt_agg": 20250609175604
        },
        {
            "cod": 4,
            "desc": null,
            "sz_perv": 7,
            "vot_m": 337,
            "vot_f": 381,
            "vot_t": 718,
            "perc_vot": "19,69",
            "sk_bianche": 18,
            "sk_nulle": 10,
            "sk_contestate": 0,
            "voti_si": 606,
            "voti_no": 84,
            "perc_si": "87,83",
            "perc_no": "12,17",
            "dt_agg": 20250609175634
        },
        {
            "cod": 5,
            "desc": null,
            "sz_perv": 7,
            "vot_m": 337,
            "vot_f": 381,
            "vot_t": 718,
            "perc_vot": "19,69",
            "sk_bianche": 13,
            "sk_nulle": 13,
            "sk_contestate": 0,
            "voti_si": 441,
            "voti_no": 251,
            "perc_si": "63,73",
            "perc_no": "36,27",
            "dt_agg": 20250609175706
        }
    ]
}