{
    "int": {
        "st": "ESERCIZIO",
        "t_ele": "Referendum",
        "t_ref": "ABROGATIVO",
        "f_elet": "SCRUTINI",
        "dt_ele": 20250608000000,
        "l_terr": "COMUNE",
        "area": "I",
        "cod_com": 251,
        "desc_com": "SCANZANO JONICO",
        "cod_prov": 47,
        "desc_prov": "MATERA",
        "cod_reg": 17,
        "desc_reg": "BASILICATA",
        "ele_m": 2721,
        "ele_f": 2767,
        "ele_t": 5488,
        "sz_tot": 7,
        "tipo_tras": "SZ"
    },
    "note": null,
    "scheda": [
        {
            "cod": 1,
            "desc": null,
            "sz_perv": 7,
            "vot_m": 416,
            "vot_f": 479,
            "vot_t": 895,
            "perc_vot": "16,31",
            "sk_bianche": 24,
            "sk_nulle": 11,
            "sk_contestate": 0,
            "voti_si": 791,
            "voti_no": 69,
            "perc_si": "91,98",
            "perc_no": "8,02",
            "dt_agg": 20250609180030
        },
        {
            "cod": 2,
            "desc": null,
            "sz_perv": 7,
            "vot_m": 416,
            "vot_f": 479,
            "vot_t": 895,
            "perc_vot": "16,31",
            "sk_bianche": 24,
            "sk_nulle": 10,
            "sk_contestate": 0,
            "voti_si": 772,
            "voti_no": 89,
            "perc_si": "89,66",
            "perc_no": "10,34",
            "dt_agg": 20250609180132
        },
        {
            "cod": 3,
            "desc": null,
            "sz_perv": 7,
            "vot_m": 416,
            "vot_f": 479,
            "vot_t": 895,
            "perc_vot": "16,31",
            "sk_bianche": 26,
            "sk_nulle": 12,
            "sk_contestate": 0,
            "voti_si": 787,
            "voti_no": 70,
            "perc_si": "91,83",
            "perc_no": "8,17",
            "dt_agg": 20250609180133
        },
        {
            "cod": 4,
            "desc": null,
            "sz_perv": 7,
            "vot_m": 416,
            "vot_f": 479,
            "vot_t": 895,
            "perc_vot": "16,31",
            "sk_bianche": 20,
            "sk_nulle": 10,
            "sk_contestate": 0,
            "voti_si": 766,
            "voti_no": 99,
            "perc_si": "88,55",
            "perc_no": "11,45",
            "dt_agg": 20250609180213
        },
        {
            "cod": 5,
            "desc": null,
            "sz_perv": 7,
            "vot_m": 416,
            "vot_f": 479,
            "vot_t": 895,
            "perc_vot": "16,31",
            "sk_bianche": 20,
            "sk_nulle": 8,
            "sk_contestate": 0,
            "voti_si": 589,
            "voti_no": 278,
            "perc_si": "67,94",
            "perc_no": "32,06",
            "dt_agg": 20250609180245
        }
    ]
}