{
    "int": {
        "st": "ESERCIZIO",
        "t_ele": "Referendum",
        "t_ref": "ABROGATIVO",
        "f_elet": "SCRUTINI",
        "dt_ele": 20250608000000,
        "l_terr": "COMUNE",
        "area": "I",
        "cod_com": 70,
        "desc_com": "CRACO",
        "cod_prov": 47,
        "desc_prov": "MATERA",
        "cod_reg": 17,
        "desc_reg": "BASILICATA",
        "ele_m": 227,
        "ele_f": 244,
        "ele_t": 471,
        "sz_tot": 2,
        "tipo_tras": "SZ"
    },
    "note": null,
    "scheda": [
        {
            "cod": 1,
            "desc": null,
            "sz_perv": 2,
            "vot_m": 35,
            "vot_f": 39,
            "vot_t": 74,
            "perc_vot": "15,71",
            "sk_bianche": 1,
            "sk_nulle": 1,
            "sk_contestate": 0,
            "voti_si": 64,
            "voti_no": 8,
            "perc_si": "88,89",
            "perc_no": "11,11",
            "dt_agg": 20250609170047
        },
        {
            "cod": 2,
            "desc": null,
            "sz_perv": 2,
            "vot_m": 35,
            "vot_f": 39,
            "vot_t": 74,
            "perc_vot": "15,71",
            "sk_bianche": 2,
            "sk_nulle": 1,
            "sk_contestate": 0,
            "voti_si": 62,
            "voti_no": 9,
            "perc_si": "87,32",
            "perc_no": "12,68",
            "dt_agg": 20250609170048
        },
        {
            "cod": 3,
            "desc": null,
            "sz_perv": 2,
            "vot_m": 35,
            "vot_f": 39,
            "vot_t": 74,
            "perc_vot": "15,71",
            "sk_bianche": 2,
            "sk_nulle": 1,
            "sk_contestate": 0,
            "voti_si": 63,
            "voti_no": 8,
            "perc_si": "88,73",
            "perc_no": "11,27",
            "dt_agg": 20250609170048
        },
        {
            "cod": 4,
            "desc": null,
            "sz_perv": 2,
            "vot_m": 35,
            "vot_f": 39,
            "vot_t": 74,
            "perc_vot": "15,71",
            "sk_bianche": 1,
            "sk_nulle": 1,
            "sk_contestate": 0,
            "voti_si": 63,
            "voti_no": 9,
            "perc_si": "87,50",
            "perc_no": "12,50",
            "dt_agg": 20250609170048
        },
        {
            "cod": 5,
            "desc": null,
            "sz_perv": 2,
            "vot_m": 35,
            "vot_f": 39,
            "vot_t": 74,
            "perc_vot": "15,71",
            "sk_bianche": 5,
            "sk_nulle": 1,
            "sk_contestate": 0,
            "voti_si": 35,
            "voti_no": 33,
            "perc_si": "51,47",
            "perc_no": "48,53",
            "dt_agg": 20250609170123
        }
    ]
}