{
    "int": {
        "st": "ESERCIZIO",
        "t_ele": "Referendum",
        "t_ref": "ABROGATIVO",
        "f_elet": "SCRUTINI",
        "dt_ele": 20250608000000,
        "l_terr": "COMUNE",
        "area": "I",
        "cod_com": 140,
        "desc_com": "MATERA",
        "cod_prov": 47,
        "desc_prov": "MATERA",
        "cod_reg": 17,
        "desc_reg": "BASILICATA",
        "ele_m": 22772,
        "ele_f": 24453,
        "ele_t": 47225,
        "sz_tot": 62,
        "tipo_tras": "SZ"
    },
    "note": null,
    "scheda": [
        {
            "cod": 1,
            "desc": null,
            "sz_perv": 62,
            "vot_m": 12137,
            "vot_f": 13039,
            "vot_t": 25176,
            "perc_vot": "53,31",
            "sk_bianche": 1322,
            "sk_nulle": 332,
            "sk_contestate": 0,
            "voti_si": 20075,
            "voti_no": 3447,
            "perc_si": "85,35",
            "perc_no": "14,65",
            "dt_agg": 20250609231147
        },
        {
            "cod": 2,
            "desc": null,
            "sz_perv": 62,
            "vot_m": 12135,
            "vot_f": 13039,
            "vot_t": 25174,
            "perc_vot": "53,31",
            "sk_bianche": 1340,
            "sk_nulle": 330,
            "sk_contestate": 0,
            "voti_si": 19583,
            "voti_no": 3921,
            "perc_si": "83,32",
            "perc_no": "16,68",
            "dt_agg": 20250609231147
        },
        {
            "cod": 3,
            "desc": null,
            "sz_perv": 62,
            "vot_m": 12133,
            "vot_f": 13037,
            "vot_t": 25170,
            "perc_vot": "53,30",
            "sk_bianche": 1412,
            "sk_nulle": 337,
            "sk_contestate": 0,
            "voti_si": 19814,
            "voti_no": 3607,
            "perc_si": "84,60",
            "perc_no": "15,40",
            "dt_agg": 20250609231147
        },
        {
            "cod": 4,
            "desc": null,
            "sz_perv": 62,
            "vot_m": 12138,
            "vot_f": 13040,
            "vot_t": 25178,
            "perc_vot": "53,31",
            "sk_bianche": 1407,
            "sk_nulle": 339,
            "sk_contestate": 0,
            "voti_si": 19363,
            "voti_no": 4069,
            "perc_si": "82,63",
            "perc_no": "17,37",
            "dt_agg": 20250609231147
        },
        {
            "cod": 5,
            "desc": null,
            "sz_perv": 62,
            "vot_m": 12138,
            "vot_f": 13053,
            "vot_t": 25191,
            "perc_vot": "53,34",
            "sk_bianche": 1168,
            "sk_nulle": 353,
            "sk_contestate": 0,
            "voti_si": 14150,
            "voti_no": 9520,
            "perc_si": "59,78",
            "perc_no": "40,22",
            "dt_agg": 20250609231147
        }
    ]
}