{
    "int": {
        "st": "ESERCIZIO",
        "t_ele": "Referendum",
        "t_ref": "ABROGATIVO",
        "f_elet": "SCRUTINI",
        "dt_ele": 20250608000000,
        "l_terr": "COMUNE",
        "area": "I",
        "cod_com": 180,
        "desc_com": "NOVA SIRI",
        "cod_prov": 47,
        "desc_prov": "MATERA",
        "cod_reg": 17,
        "desc_reg": "BASILICATA",
        "ele_m": 2512,
        "ele_f": 2694,
        "ele_t": 5206,
        "sz_tot": 7,
        "tipo_tras": "SZ"
    },
    "note": null,
    "scheda": [
        {
            "cod": 1,
            "desc": null,
            "sz_perv": 7,
            "vot_m": 542,
            "vot_f": 633,
            "vot_t": 1175,
            "perc_vot": "22,57",
            "sk_bianche": 24,
            "sk_nulle": 10,
            "sk_contestate": 0,
            "voti_si": 1055,
            "voti_no": 86,
            "perc_si": "92,46",
            "perc_no": "7,54",
            "dt_agg": 20250609173922
        },
        {
            "cod": 2,
            "desc": null,
            "sz_perv": 7,
            "vot_m": 542,
            "vot_f": 633,
            "vot_t": 1175,
            "perc_vot": "22,57",
            "sk_bianche": 25,
            "sk_nulle": 9,
            "sk_contestate": 0,
            "voti_si": 1028,
            "voti_no": 113,
            "perc_si": "90,10",
            "perc_no": "9,90",
            "dt_agg": 20250609173922
        },
        {
            "cod": 3,
            "desc": null,
            "sz_perv": 7,
            "vot_m": 542,
            "vot_f": 633,
            "vot_t": 1175,
            "perc_vot": "22,57",
            "sk_bianche": 33,
            "sk_nulle": 9,
            "sk_contestate": 0,
            "voti_si": 1036,
            "voti_no": 97,
            "perc_si": "91,44",
            "perc_no": "8,56",
            "dt_agg": 20250609174010
        },
        {
            "cod": 4,
            "desc": null,
            "sz_perv": 7,
            "vot_m": 543,
            "vot_f": 633,
            "vot_t": 1176,
            "perc_vot": "22,59",
            "sk_bianche": 38,
            "sk_nulle": 12,
            "sk_contestate": 0,
            "voti_si": 1001,
            "voti_no": 125,
            "perc_si": "88,90",
            "perc_no": "11,10",
            "dt_agg": 20250609174038
        },
        {
            "cod": 5,
            "desc": null,
            "sz_perv": 7,
            "vot_m": 543,
            "vot_f": 632,
            "vot_t": 1175,
            "perc_vot": "22,57",
            "sk_bianche": 35,
            "sk_nulle": 12,
            "sk_contestate": 0,
            "voti_si": 751,
            "voti_no": 377,
            "perc_si": "66,58",
            "perc_no": "33,42",
            "dt_agg": 20250609174100
        }
    ]
}