{
    "int": {
        "st": "ESERCIZIO",
        "t_ele": "Referendum",
        "t_ref": "ABROGATIVO",
        "f_elet": "SCRUTINI",
        "dt_ele": 20250608000000,
        "l_terr": "COMUNE",
        "area": "I",
        "cod_com": 60,
        "desc_com": "COLOBRARO",
        "cod_prov": 47,
        "desc_prov": "MATERA",
        "cod_reg": 17,
        "desc_reg": "BASILICATA",
        "ele_m": 460,
        "ele_f": 434,
        "ele_t": 894,
        "sz_tot": 2,
        "tipo_tras": "SZ"
    },
    "note": null,
    "scheda": [
        {
            "cod": 1,
            "desc": null,
            "sz_perv": 2,
            "vot_m": 136,
            "vot_f": 130,
            "vot_t": 266,
            "perc_vot": "29,75",
            "sk_bianche": 8,
            "sk_nulle": 7,
            "sk_contestate": 0,
            "voti_si": 217,
            "voti_no": 34,
            "perc_si": "86,45",
            "perc_no": "13,55",
            "dt_agg": 20250609162616
        },
        {
            "cod": 2,
            "desc": null,
            "sz_perv": 2,
            "vot_m": 136,
            "vot_f": 130,
            "vot_t": 266,
            "perc_vot": "29,75",
            "sk_bianche": 9,
            "sk_nulle": 6,
            "sk_contestate": 0,
            "voti_si": 217,
            "voti_no": 34,
            "perc_si": "86,45",
            "perc_no": "13,55",
            "dt_agg": 20250609162902
        },
        {
            "cod": 3,
            "desc": null,
            "sz_perv": 2,
            "vot_m": 136,
            "vot_f": 130,
            "vot_t": 266,
            "perc_vot": "29,75",
            "sk_bianche": 9,
            "sk_nulle": 7,
            "sk_contestate": 0,
            "voti_si": 212,
            "voti_no": 38,
            "perc_si": "84,80",
            "perc_no": "15,20",
            "dt_agg": 20250609162902
        },
        {
            "cod": 4,
            "desc": null,
            "sz_perv": 2,
            "vot_m": 136,
            "vot_f": 130,
            "vot_t": 266,
            "perc_vot": "29,75",
            "sk_bianche": 10,
            "sk_nulle": 4,
            "sk_contestate": 0,
            "voti_si": 214,
            "voti_no": 38,
            "perc_si": "84,92",
            "perc_no": "15,08",
            "dt_agg": 20250609163103
        },
        {
            "cod": 5,
            "desc": null,
            "sz_perv": 2,
            "vot_m": 135,
            "vot_f": 129,
            "vot_t": 264,
            "perc_vot": "29,53",
            "sk_bianche": 7,
            "sk_nulle": 2,
            "sk_contestate": 0,
            "voti_si": 168,
            "voti_no": 87,
            "perc_si": "65,88",
            "perc_no": "34,12",
            "dt_agg": 20250609163235
        }
    ]
}