{
    "int": {
        "st": "ESERCIZIO",
        "t_ele": "Referendum",
        "t_ref": "ABROGATIVO",
        "f_elet": "SCRUTINI",
        "dt_ele": 20250608000000,
        "l_terr": "COMUNE",
        "area": "I",
        "cod_com": 150,
        "desc_com": "MIGLIONICO",
        "cod_prov": 47,
        "desc_prov": "MATERA",
        "cod_reg": 17,
        "desc_reg": "BASILICATA",
        "ele_m": 949,
        "ele_f": 956,
        "ele_t": 1905,
        "sz_tot": 3,
        "tipo_tras": "SZ"
    },
    "note": null,
    "scheda": [
        {
            "cod": 1,
            "desc": null,
            "sz_perv": 3,
            "vot_m": 229,
            "vot_f": 260,
            "vot_t": 489,
            "perc_vot": "25,67",
            "sk_bianche": 4,
            "sk_nulle": 3,
            "sk_contestate": 0,
            "voti_si": 454,
            "voti_no": 28,
            "perc_si": "94,19",
            "perc_no": "5,81",
            "dt_agg": 20250609163850
        },
        {
            "cod": 2,
            "desc": null,
            "sz_perv": 3,
            "vot_m": 229,
            "vot_f": 260,
            "vot_t": 489,
            "perc_vot": "25,67",
            "sk_bianche": 4,
            "sk_nulle": 3,
            "sk_contestate": 0,
            "voti_si": 449,
            "voti_no": 33,
            "perc_si": "93,15",
            "perc_no": "6,85",
            "dt_agg": 20250609163924
        },
        {
            "cod": 3,
            "desc": null,
            "sz_perv": 3,
            "vot_m": 229,
            "vot_f": 260,
            "vot_t": 489,
            "perc_vot": "25,67",
            "sk_bianche": 4,
            "sk_nulle": 3,
            "sk_contestate": 0,
            "voti_si": 457,
            "voti_no": 25,
            "perc_si": "94,81",
            "perc_no": "5,19",
            "dt_agg": 20250609164000
        },
        {
            "cod": 4,
            "desc": null,
            "sz_perv": 3,
            "vot_m": 229,
            "vot_f": 260,
            "vot_t": 489,
            "perc_vot": "25,67",
            "sk_bianche": 5,
            "sk_nulle": 3,
            "sk_contestate": 0,
            "voti_si": 462,
            "voti_no": 19,
            "perc_si": "96,05",
            "perc_no": "3,95",
            "dt_agg": 20250609164114
        },
        {
            "cod": 5,
            "desc": null,
            "sz_perv": 3,
            "vot_m": 229,
            "vot_f": 260,
            "vot_t": 489,
            "perc_vot": "25,67",
            "sk_bianche": 7,
            "sk_nulle": 4,
            "sk_contestate": 0,
            "voti_si": 331,
            "voti_no": 147,
            "perc_si": "69,25",
            "perc_no": "30,75",
            "dt_agg": 20250609164114
        }
    ]
}