{
    "int": {
        "st": "ESERCIZIO",
        "t_ele": "Referendum",
        "t_ref": "ABROGATIVO",
        "f_elet": "SCRUTINI",
        "dt_ele": 20250608000000,
        "l_terr": "COMUNE",
        "area": "I",
        "cod_com": 50,
        "desc_com": "CIRIGLIANO",
        "cod_prov": 47,
        "desc_prov": "MATERA",
        "cod_reg": 17,
        "desc_reg": "BASILICATA",
        "ele_m": 106,
        "ele_f": 126,
        "ele_t": 232,
        "sz_tot": 1,
        "tipo_tras": "SZ"
    },
    "note": null,
    "scheda": [
        {
            "cod": 1,
            "desc": null,
            "sz_perv": 1,
            "vot_m": 21,
            "vot_f": 32,
            "vot_t": 53,
            "perc_vot": "22,84",
            "sk_bianche": 2,
            "sk_nulle": 1,
            "sk_contestate": 0,
            "voti_si": 48,
            "voti_no": 2,
            "perc_si": "96,00",
            "perc_no": "4,00",
            "dt_agg": 20250609163650
        },
        {
            "cod": 2,
            "desc": null,
            "sz_perv": 1,
            "vot_m": 21,
            "vot_f": 32,
            "vot_t": 53,
            "perc_vot": "22,84",
            "sk_bianche": 3,
            "sk_nulle": 1,
            "sk_contestate": 0,
            "voti_si": 47,
            "voti_no": 2,
            "perc_si": "95,92",
            "perc_no": "4,08",
            "dt_agg": 20250609163650
        },
        {
            "cod": 3,
            "desc": null,
            "sz_perv": 1,
            "vot_m": 21,
            "vot_f": 32,
            "vot_t": 53,
            "perc_vot": "22,84",
            "sk_bianche": 3,
            "sk_nulle": 1,
            "sk_contestate": 0,
            "voti_si": 48,
            "voti_no": 1,
            "perc_si": "97,96",
            "perc_no": "2,04",
            "dt_agg": 20250609163654
        },
        {
            "cod": 4,
            "desc": null,
            "sz_perv": 1,
            "vot_m": 21,
            "vot_f": 32,
            "vot_t": 53,
            "perc_vot": "22,84",
            "sk_bianche": 1,
            "sk_nulle": 1,
            "sk_contestate": 0,
            "voti_si": 50,
            "voti_no": 1,
            "perc_si": "98,04",
            "perc_no": "1,96",
            "dt_agg": 20250609163658
        },
        {
            "cod": 5,
            "desc": null,
            "sz_perv": 1,
            "vot_m": 21,
            "vot_f": 32,
            "vot_t": 53,
            "perc_vot": "22,84",
            "sk_bianche": 1,
            "sk_nulle": 1,
            "sk_contestate": 0,
            "voti_si": 33,
            "voti_no": 18,
            "perc_si": "64,71",
            "perc_no": "35,29",
            "dt_agg": 20250609163742
        }
    ]
}