{
    "int": {
        "st": "ESERCIZIO",
        "t_ele": "Referendum",
        "t_ref": "ABROGATIVO",
        "f_elet": "SCRUTINI",
        "dt_ele": 20250608000000,
        "l_terr": "COMUNE",
        "area": "I",
        "cod_com": 170,
        "desc_com": "MONTESCAGLIOSO",
        "cod_prov": 47,
        "desc_prov": "MATERA",
        "cod_reg": 17,
        "desc_reg": "BASILICATA",
        "ele_m": 3565,
        "ele_f": 3695,
        "ele_t": 7260,
        "sz_tot": 11,
        "tipo_tras": "SZ"
    },
    "note": null,
    "scheda": [
        {
            "cod": 1,
            "desc": null,
            "sz_perv": 11,
            "vot_m": 992,
            "vot_f": 1136,
            "vot_t": 2128,
            "perc_vot": "29,31",
            "sk_bianche": 38,
            "sk_nulle": 22,
            "sk_contestate": 0,
            "voti_si": 1897,
            "voti_no": 171,
            "perc_si": "91,73",
            "perc_no": "8,27",
            "dt_agg": 20250609185538
        },
        {
            "cod": 2,
            "desc": null,
            "sz_perv": 11,
            "vot_m": 992,
            "vot_f": 1136,
            "vot_t": 2128,
            "perc_vot": "29,31",
            "sk_bianche": 35,
            "sk_nulle": 21,
            "sk_contestate": 0,
            "voti_si": 1871,
            "voti_no": 201,
            "perc_si": "90,30",
            "perc_no": "9,70",
            "dt_agg": 20250609185617
        },
        {
            "cod": 3,
            "desc": null,
            "sz_perv": 11,
            "vot_m": 992,
            "vot_f": 1136,
            "vot_t": 2128,
            "perc_vot": "29,31",
            "sk_bianche": 36,
            "sk_nulle": 19,
            "sk_contestate": 0,
            "voti_si": 1912,
            "voti_no": 161,
            "perc_si": "92,23",
            "perc_no": "7,77",
            "dt_agg": 20250609185630
        },
        {
            "cod": 4,
            "desc": null,
            "sz_perv": 11,
            "vot_m": 991,
            "vot_f": 1135,
            "vot_t": 2126,
            "perc_vot": "29,28",
            "sk_bianche": 33,
            "sk_nulle": 22,
            "sk_contestate": 0,
            "voti_si": 1880,
            "voti_no": 191,
            "perc_si": "90,78",
            "perc_no": "9,22",
            "dt_agg": 20250609185702
        },
        {
            "cod": 5,
            "desc": null,
            "sz_perv": 11,
            "vot_m": 992,
            "vot_f": 1137,
            "vot_t": 2129,
            "perc_vot": "29,33",
            "sk_bianche": 34,
            "sk_nulle": 21,
            "sk_contestate": 0,
            "voti_si": 1334,
            "voti_no": 740,
            "perc_si": "64,32",
            "perc_no": "35,68",
            "dt_agg": 20250609185719
        }
    ]
}