{
    "int": {
        "st": "ESERCIZIO",
        "t_ele": "Referendum",
        "t_ref": "ABROGATIVO",
        "f_elet": "SCRUTINI",
        "dt_ele": 20250608000000,
        "l_terr": "COMUNE",
        "area": "I",
        "cod_com": 230,
        "desc_com": "SALANDRA",
        "cod_prov": 47,
        "desc_prov": "MATERA",
        "cod_reg": 17,
        "desc_reg": "BASILICATA",
        "ele_m": 1002,
        "ele_f": 1054,
        "ele_t": 2056,
        "sz_tot": 4,
        "tipo_tras": "SZ"
    },
    "note": null,
    "scheda": [
        {
            "cod": 1,
            "desc": null,
            "sz_perv": 4,
            "vot_m": 317,
            "vot_f": 307,
            "vot_t": 624,
            "perc_vot": "30,35",
            "sk_bianche": 9,
            "sk_nulle": 4,
            "sk_contestate": 0,
            "voti_si": 582,
            "voti_no": 29,
            "perc_si": "95,25",
            "perc_no": "4,75",
            "dt_agg": 20250609182709
        },
        {
            "cod": 2,
            "desc": null,
            "sz_perv": 4,
            "vot_m": 318,
            "vot_f": 307,
            "vot_t": 625,
            "perc_vot": "30,40",
            "sk_bianche": 12,
            "sk_nulle": 5,
            "sk_contestate": 0,
            "voti_si": 572,
            "voti_no": 36,
            "perc_si": "94,08",
            "perc_no": "5,92",
            "dt_agg": 20250609182757
        },
        {
            "cod": 3,
            "desc": null,
            "sz_perv": 4,
            "vot_m": 317,
            "vot_f": 307,
            "vot_t": 624,
            "perc_vot": "30,35",
            "sk_bianche": 10,
            "sk_nulle": 4,
            "sk_contestate": 0,
            "voti_si": 584,
            "voti_no": 26,
            "perc_si": "95,74",
            "perc_no": "4,26",
            "dt_agg": 20250609182835
        },
        {
            "cod": 4,
            "desc": null,
            "sz_perv": 4,
            "vot_m": 317,
            "vot_f": 306,
            "vot_t": 623,
            "perc_vot": "30,30",
            "sk_bianche": 13,
            "sk_nulle": 4,
            "sk_contestate": 0,
            "voti_si": 567,
            "voti_no": 39,
            "perc_si": "93,56",
            "perc_no": "6,44",
            "dt_agg": 20250609182858
        },
        {
            "cod": 5,
            "desc": null,
            "sz_perv": 4,
            "vot_m": 317,
            "vot_f": 306,
            "vot_t": 623,
            "perc_vot": "30,30",
            "sk_bianche": 14,
            "sk_nulle": 4,
            "sk_contestate": 0,
            "voti_si": 395,
            "voti_no": 210,
            "perc_si": "65,29",
            "perc_no": "34,71",
            "dt_agg": 20250609183015
        }
    ]
}