{
    "int": {
        "st": "ESERCIZIO",
        "t_ele": "Referendum",
        "t_ref": "ABROGATIVO",
        "f_elet": "SCRUTINI",
        "dt_ele": 20250608000000,
        "l_terr": "COMUNE",
        "area": "I",
        "cod_com": 80,
        "desc_com": "FERRANDINA",
        "cod_prov": 47,
        "desc_prov": "MATERA",
        "cod_reg": 17,
        "desc_reg": "BASILICATA",
        "ele_m": 3247,
        "ele_f": 3357,
        "ele_t": 6604,
        "sz_tot": 11,
        "tipo_tras": "SZ"
    },
    "note": null,
    "scheda": [
        {
            "cod": 1,
            "desc": null,
            "sz_perv": 11,
            "vot_m": 1077,
            "vot_f": 1067,
            "vot_t": 2144,
            "perc_vot": "32,47",
            "sk_bianche": 26,
            "sk_nulle": 29,
            "sk_contestate": 0,
            "voti_si": 1942,
            "voti_no": 147,
            "perc_si": "92,96",
            "perc_no": "7,04",
            "dt_agg": 20250609193504
        },
        {
            "cod": 2,
            "desc": null,
            "sz_perv": 11,
            "vot_m": 1077,
            "vot_f": 1067,
            "vot_t": 2144,
            "perc_vot": "32,47",
            "sk_bianche": 24,
            "sk_nulle": 25,
            "sk_contestate": 0,
            "voti_si": 1925,
            "voti_no": 170,
            "perc_si": "91,89",
            "perc_no": "8,11",
            "dt_agg": 20250609193546
        },
        {
            "cod": 3,
            "desc": null,
            "sz_perv": 11,
            "vot_m": 1077,
            "vot_f": 1067,
            "vot_t": 2144,
            "perc_vot": "32,47",
            "sk_bianche": 23,
            "sk_nulle": 27,
            "sk_contestate": 0,
            "voti_si": 1946,
            "voti_no": 148,
            "perc_si": "92,93",
            "perc_no": "7,07",
            "dt_agg": 20250609193615
        },
        {
            "cod": 4,
            "desc": null,
            "sz_perv": 11,
            "vot_m": 1079,
            "vot_f": 1068,
            "vot_t": 2147,
            "perc_vot": "32,51",
            "sk_bianche": 29,
            "sk_nulle": 25,
            "sk_contestate": 0,
            "voti_si": 1863,
            "voti_no": 230,
            "perc_si": "89,01",
            "perc_no": "10,99",
            "dt_agg": 20250609193649
        },
        {
            "cod": 5,
            "desc": null,
            "sz_perv": 11,
            "vot_m": 1076,
            "vot_f": 1066,
            "vot_t": 2142,
            "perc_vot": "32,43",
            "sk_bianche": 26,
            "sk_nulle": 32,
            "sk_contestate": 0,
            "voti_si": 1378,
            "voti_no": 706,
            "perc_si": "66,12",
            "perc_no": "33,88",
            "dt_agg": 20250609193649
        }
    ]
}