{
    "int": {
        "st": "ESERCIZIO",
        "t_ele": "Referendum",
        "t_ref": "ABROGATIVO",
        "f_elet": "SCRUTINI",
        "dt_ele": 20250608000000,
        "l_terr": "COMUNE",
        "area": "I",
        "cod_com": 130,
        "desc_com": "IRSINA",
        "cod_prov": 47,
        "desc_prov": "MATERA",
        "cod_reg": 17,
        "desc_reg": "BASILICATA",
        "ele_m": 1659,
        "ele_f": 1733,
        "ele_t": 3392,
        "sz_tot": 8,
        "tipo_tras": "SZ"
    },
    "note": null,
    "scheda": [
        {
            "cod": 1,
            "desc": null,
            "sz_perv": 8,
            "vot_m": 586,
            "vot_f": 604,
            "vot_t": 1190,
            "perc_vot": "35,08",
            "sk_bianche": 23,
            "sk_nulle": 7,
            "sk_contestate": 0,
            "voti_si": 1088,
            "voti_no": 72,
            "perc_si": "93,79",
            "perc_no": "6,21",
            "dt_agg": 20250609173922
        },
        {
            "cod": 2,
            "desc": null,
            "sz_perv": 8,
            "vot_m": 586,
            "vot_f": 604,
            "vot_t": 1190,
            "perc_vot": "35,08",
            "sk_bianche": 23,
            "sk_nulle": 7,
            "sk_contestate": 0,
            "voti_si": 1075,
            "voti_no": 85,
            "perc_si": "92,67",
            "perc_no": "7,33",
            "dt_agg": 20250609173922
        },
        {
            "cod": 3,
            "desc": null,
            "sz_perv": 8,
            "vot_m": 586,
            "vot_f": 604,
            "vot_t": 1190,
            "perc_vot": "35,08",
            "sk_bianche": 17,
            "sk_nulle": 8,
            "sk_contestate": 0,
            "voti_si": 1094,
            "voti_no": 71,
            "perc_si": "93,91",
            "perc_no": "6,09",
            "dt_agg": 20250609174010
        },
        {
            "cod": 4,
            "desc": null,
            "sz_perv": 8,
            "vot_m": 586,
            "vot_f": 604,
            "vot_t": 1190,
            "perc_vot": "35,08",
            "sk_bianche": 21,
            "sk_nulle": 8,
            "sk_contestate": 0,
            "voti_si": 1069,
            "voti_no": 92,
            "perc_si": "92,08",
            "perc_no": "7,92",
            "dt_agg": 20250609174010
        },
        {
            "cod": 5,
            "desc": null,
            "sz_perv": 8,
            "vot_m": 587,
            "vot_f": 604,
            "vot_t": 1191,
            "perc_vot": "35,11",
            "sk_bianche": 21,
            "sk_nulle": 9,
            "sk_contestate": 0,
            "voti_si": 722,
            "voti_no": 439,
            "perc_si": "62,19",
            "perc_no": "37,81",
            "dt_agg": 20250609174019
        }
    ]
}