{
    "int": {
        "st": "ESERCIZIO",
        "t_ele": "Referendum",
        "t_ref": "ABROGATIVO",
        "f_elet": "SCRUTINI",
        "dt_ele": 20250608000000,
        "l_terr": "COMUNE",
        "area": "I",
        "cod_com": 40,
        "desc_com": "CALCIANO",
        "cod_prov": 47,
        "desc_prov": "MATERA",
        "cod_reg": 17,
        "desc_reg": "BASILICATA",
        "ele_m": 275,
        "ele_f": 269,
        "ele_t": 544,
        "sz_tot": 1,
        "tipo_tras": "SZ"
    },
    "note": null,
    "scheda": [
        {
            "cod": 1,
            "desc": null,
            "sz_perv": 1,
            "vot_m": 55,
            "vot_f": 67,
            "vot_t": 122,
            "perc_vot": "22,43",
            "sk_bianche": 3,
            "sk_nulle": 3,
            "sk_contestate": 0,
            "voti_si": 107,
            "voti_no": 9,
            "perc_si": "92,24",
            "perc_no": "7,76",
            "dt_agg": 20250609155710
        },
        {
            "cod": 2,
            "desc": null,
            "sz_perv": 1,
            "vot_m": 55,
            "vot_f": 67,
            "vot_t": 122,
            "perc_vot": "22,43",
            "sk_bianche": 3,
            "sk_nulle": 3,
            "sk_contestate": 0,
            "voti_si": 106,
            "voti_no": 10,
            "perc_si": "91,38",
            "perc_no": "8,62",
            "dt_agg": 20250609160248
        },
        {
            "cod": 3,
            "desc": null,
            "sz_perv": 1,
            "vot_m": 55,
            "vot_f": 67,
            "vot_t": 122,
            "perc_vot": "22,43",
            "sk_bianche": 3,
            "sk_nulle": 3,
            "sk_contestate": 0,
            "voti_si": 104,
            "voti_no": 12,
            "perc_si": "89,66",
            "perc_no": "10,34",
            "dt_agg": 20250609161632
        },
        {
            "cod": 4,
            "desc": null,
            "sz_perv": 1,
            "vot_m": 55,
            "vot_f": 67,
            "vot_t": 122,
            "perc_vot": "22,43",
            "sk_bianche": 2,
            "sk_nulle": 3,
            "sk_contestate": 0,
            "voti_si": 102,
            "voti_no": 15,
            "perc_si": "87,18",
            "perc_no": "12,82",
            "dt_agg": 20250609162928
        },
        {
            "cod": 5,
            "desc": null,
            "sz_perv": 1,
            "vot_m": 55,
            "vot_f": 67,
            "vot_t": 122,
            "perc_vot": "22,43",
            "sk_bianche": 2,
            "sk_nulle": 2,
            "sk_contestate": 0,
            "voti_si": 69,
            "voti_no": 49,
            "perc_si": "58,47",
            "perc_no": "41,53",
            "dt_agg": 20250609164427
        }
    ]
}