{
    "int": {
        "st": "ESERCIZIO",
        "t_ele": "Referendum",
        "t_ref": "ABROGATIVO",
        "f_elet": "SCRUTINI",
        "dt_ele": 20250608000000,
        "l_terr": "COMUNE",
        "area": "I",
        "cod_com": 290,
        "desc_com": "VALSINNI",
        "cod_prov": 47,
        "desc_prov": "MATERA",
        "cod_reg": 17,
        "desc_reg": "BASILICATA",
        "ele_m": 528,
        "ele_f": 560,
        "ele_t": 1088,
        "sz_tot": 2,
        "tipo_tras": "SZ"
    },
    "note": null,
    "scheda": [
        {
            "cod": 1,
            "desc": null,
            "sz_perv": 2,
            "vot_m": 134,
            "vot_f": 145,
            "vot_t": 279,
            "perc_vot": "25,64",
            "sk_bianche": 8,
            "sk_nulle": 2,
            "sk_contestate": 0,
            "voti_si": 247,
            "voti_no": 22,
            "perc_si": "91,82",
            "perc_no": "8,18",
            "dt_agg": 20250609160750
        },
        {
            "cod": 2,
            "desc": null,
            "sz_perv": 2,
            "vot_m": 134,
            "vot_f": 145,
            "vot_t": 279,
            "perc_vot": "25,64",
            "sk_bianche": 5,
            "sk_nulle": 2,
            "sk_contestate": 0,
            "voti_si": 252,
            "voti_no": 20,
            "perc_si": "92,65",
            "perc_no": "7,35",
            "dt_agg": 20250609160750
        },
        {
            "cod": 3,
            "desc": null,
            "sz_perv": 2,
            "vot_m": 134,
            "vot_f": 145,
            "vot_t": 279,
            "perc_vot": "25,64",
            "sk_bianche": 6,
            "sk_nulle": 2,
            "sk_contestate": 0,
            "voti_si": 252,
            "voti_no": 19,
            "perc_si": "92,99",
            "perc_no": "7,01",
            "dt_agg": 20250609160750
        },
        {
            "cod": 4,
            "desc": null,
            "sz_perv": 2,
            "vot_m": 134,
            "vot_f": 145,
            "vot_t": 279,
            "perc_vot": "25,64",
            "sk_bianche": 4,
            "sk_nulle": 3,
            "sk_contestate": 0,
            "voti_si": 244,
            "voti_no": 28,
            "perc_si": "89,71",
            "perc_no": "10,29",
            "dt_agg": 20250609160750
        },
        {
            "cod": 5,
            "desc": null,
            "sz_perv": 2,
            "vot_m": 134,
            "vot_f": 145,
            "vot_t": 279,
            "perc_vot": "25,64",
            "sk_bianche": 7,
            "sk_nulle": 4,
            "sk_contestate": 0,
            "voti_si": 176,
            "voti_no": 92,
            "perc_si": "65,67",
            "perc_no": "34,33",
            "dt_agg": 20250609160750
        }
    ]
}