{
    "int": {
        "st": "ESERCIZIO",
        "t_ele": "Referendum",
        "t_ref": "ABROGATIVO",
        "f_elet": "SCRUTINI",
        "dt_ele": 20250608000000,
        "l_terr": "COMUNE",
        "area": "I",
        "cod_com": 270,
        "desc_com": "TRICARICO",
        "cod_prov": 47,
        "desc_prov": "MATERA",
        "cod_reg": 17,
        "desc_reg": "BASILICATA",
        "ele_m": 1958,
        "ele_f": 2022,
        "ele_t": 3980,
        "sz_tot": 8,
        "tipo_tras": "SZ"
    },
    "note": null,
    "scheda": [
        {
            "cod": 1,
            "desc": null,
            "sz_perv": 8,
            "vot_m": 536,
            "vot_f": 639,
            "vot_t": 1175,
            "perc_vot": "29,52",
            "sk_bianche": 16,
            "sk_nulle": 12,
            "sk_contestate": 0,
            "voti_si": 1048,
            "voti_no": 99,
            "perc_si": "91,37",
            "perc_no": "8,63",
            "dt_agg": 20250609191939
        },
        {
            "cod": 2,
            "desc": null,
            "sz_perv": 8,
            "vot_m": 536,
            "vot_f": 639,
            "vot_t": 1175,
            "perc_vot": "29,52",
            "sk_bianche": 16,
            "sk_nulle": 14,
            "sk_contestate": 0,
            "voti_si": 1047,
            "voti_no": 98,
            "perc_si": "91,44",
            "perc_no": "8,56",
            "dt_agg": 20250609192002
        },
        {
            "cod": 3,
            "desc": null,
            "sz_perv": 8,
            "vot_m": 536,
            "vot_f": 639,
            "vot_t": 1175,
            "perc_vot": "29,52",
            "sk_bianche": 15,
            "sk_nulle": 12,
            "sk_contestate": 0,
            "voti_si": 1049,
            "voti_no": 99,
            "perc_si": "91,38",
            "perc_no": "8,62",
            "dt_agg": 20250609192026
        },
        {
            "cod": 4,
            "desc": null,
            "sz_perv": 8,
            "vot_m": 536,
            "vot_f": 639,
            "vot_t": 1175,
            "perc_vot": "29,52",
            "sk_bianche": 11,
            "sk_nulle": 15,
            "sk_contestate": 0,
            "voti_si": 1038,
            "voti_no": 111,
            "perc_si": "90,34",
            "perc_no": "9,66",
            "dt_agg": 20250609192056
        },
        {
            "cod": 5,
            "desc": null,
            "sz_perv": 8,
            "vot_m": 536,
            "vot_f": 639,
            "vot_t": 1175,
            "perc_vot": "29,52",
            "sk_bianche": 14,
            "sk_nulle": 20,
            "sk_contestate": 0,
            "voti_si": 766,
            "voti_no": 375,
            "perc_si": "67,13",
            "perc_no": "32,87",
            "dt_agg": 20250609192122
        }
    ]
}