{
    "int": {
        "st": "ESERCIZIO",
        "t_ele": "Referendum",
        "t_ref": "ABROGATIVO",
        "f_elet": "SCRUTINI",
        "dt_ele": 20250608000000,
        "l_terr": "COMUNE",
        "area": "I",
        "cod_com": 110,
        "desc_com": "GRASSANO",
        "cod_prov": 47,
        "desc_prov": "MATERA",
        "cod_reg": 17,
        "desc_reg": "BASILICATA",
        "ele_m": 1909,
        "ele_f": 1941,
        "ele_t": 3850,
        "sz_tot": 6,
        "tipo_tras": "SZ"
    },
    "note": null,
    "scheda": [
        {
            "cod": 1,
            "desc": null,
            "sz_perv": 6,
            "vot_m": 505,
            "vot_f": 533,
            "vot_t": 1038,
            "perc_vot": "26,96",
            "sk_bianche": 24,
            "sk_nulle": 11,
            "sk_contestate": 0,
            "voti_si": 910,
            "voti_no": 93,
            "perc_si": "90,73",
            "perc_no": "9,27",
            "dt_agg": 20250609175609
        },
        {
            "cod": 2,
            "desc": null,
            "sz_perv": 6,
            "vot_m": 504,
            "vot_f": 533,
            "vot_t": 1037,
            "perc_vot": "26,94",
            "sk_bianche": 22,
            "sk_nulle": 10,
            "sk_contestate": 0,
            "voti_si": 875,
            "voti_no": 130,
            "perc_si": "87,06",
            "perc_no": "12,94",
            "dt_agg": 20250609175634
        },
        {
            "cod": 3,
            "desc": null,
            "sz_perv": 6,
            "vot_m": 505,
            "vot_f": 533,
            "vot_t": 1038,
            "perc_vot": "26,96",
            "sk_bianche": 25,
            "sk_nulle": 10,
            "sk_contestate": 0,
            "voti_si": 894,
            "voti_no": 109,
            "perc_si": "89,13",
            "perc_no": "10,87",
            "dt_agg": 20250609175706
        },
        {
            "cod": 4,
            "desc": null,
            "sz_perv": 6,
            "vot_m": 504,
            "vot_f": 533,
            "vot_t": 1037,
            "perc_vot": "26,94",
            "sk_bianche": 20,
            "sk_nulle": 10,
            "sk_contestate": 0,
            "voti_si": 885,
            "voti_no": 122,
            "perc_si": "87,88",
            "perc_no": "12,12",
            "dt_agg": 20250609175708
        },
        {
            "cod": 5,
            "desc": null,
            "sz_perv": 6,
            "vot_m": 504,
            "vot_f": 532,
            "vot_t": 1036,
            "perc_vot": "26,91",
            "sk_bianche": 26,
            "sk_nulle": 11,
            "sk_contestate": 0,
            "voti_si": 579,
            "voti_no": 420,
            "perc_si": "57,96",
            "perc_no": "42,04",
            "dt_agg": 20250609175738
        }
    ]
}