{
    "int": {
        "st": "ESERCIZIO",
        "t_ele": "Referendum",
        "t_ref": "ABROGATIVO",
        "f_elet": "SCRUTINI",
        "dt_ele": 20250608000000,
        "l_terr": "COMUNE",
        "area": "I",
        "cod_com": 20,
        "desc_com": "ALIANO",
        "cod_prov": 47,
        "desc_prov": "MATERA",
        "cod_reg": 17,
        "desc_reg": "BASILICATA",
        "ele_m": 342,
        "ele_f": 334,
        "ele_t": 676,
        "sz_tot": 2,
        "tipo_tras": "SZ"
    },
    "note": null,
    "scheda": [
        {
            "cod": 1,
            "desc": null,
            "sz_perv": 2,
            "vot_m": 62,
            "vot_f": 59,
            "vot_t": 121,
            "perc_vot": "17,90",
            "sk_bianche": 1,
            "sk_nulle": 4,
            "sk_contestate": 0,
            "voti_si": 107,
            "voti_no": 9,
            "perc_si": "92,24",
            "perc_no": "7,76",
            "dt_agg": 20250609163331
        },
        {
            "cod": 2,
            "desc": null,
            "sz_perv": 2,
            "vot_m": 62,
            "vot_f": 59,
            "vot_t": 121,
            "perc_vot": "17,90",
            "sk_bianche": 1,
            "sk_nulle": 3,
            "sk_contestate": 0,
            "voti_si": 104,
            "voti_no": 13,
            "perc_si": "88,89",
            "perc_no": "11,11",
            "dt_agg": 20250609163236
        },
        {
            "cod": 3,
            "desc": null,
            "sz_perv": 2,
            "vot_m": 62,
            "vot_f": 59,
            "vot_t": 121,
            "perc_vot": "17,90",
            "sk_bianche": 2,
            "sk_nulle": 4,
            "sk_contestate": 0,
            "voti_si": 104,
            "voti_no": 11,
            "perc_si": "90,43",
            "perc_no": "9,57",
            "dt_agg": 20250609163235
        },
        {
            "cod": 4,
            "desc": null,
            "sz_perv": 2,
            "vot_m": 62,
            "vot_f": 59,
            "vot_t": 121,
            "perc_vot": "17,90",
            "sk_bianche": 2,
            "sk_nulle": 2,
            "sk_contestate": 0,
            "voti_si": 105,
            "voti_no": 12,
            "perc_si": "89,74",
            "perc_no": "10,26",
            "dt_agg": 20250609163235
        },
        {
            "cod": 5,
            "desc": null,
            "sz_perv": 2,
            "vot_m": 57,
            "vot_f": 57,
            "vot_t": 114,
            "perc_vot": "16,86",
            "sk_bianche": 1,
            "sk_nulle": 1,
            "sk_contestate": 0,
            "voti_si": 66,
            "voti_no": 46,
            "perc_si": "58,93",
            "perc_no": "41,07",
            "dt_agg": 20250609163103
        }
    ]
}