{
    "int": {
        "st": "ESERCIZIO",
        "t_ele": "Referendum",
        "t_ref": "ABROGATIVO",
        "f_elet": "SCRUTINI",
        "dt_ele": 20250608000000,
        "l_terr": "COMUNE",
        "area": "I",
        "cod_com": 100,
        "desc_com": "GORGOGLIONE",
        "cod_prov": 47,
        "desc_prov": "MATERA",
        "cod_reg": 17,
        "desc_reg": "BASILICATA",
        "ele_m": 323,
        "ele_f": 329,
        "ele_t": 652,
        "sz_tot": 2,
        "tipo_tras": "SZ"
    },
    "note": null,
    "scheda": [
        {
            "cod": 1,
            "desc": null,
            "sz_perv": 2,
            "vot_m": 74,
            "vot_f": 89,
            "vot_t": 163,
            "perc_vot": "25,00",
            "sk_bianche": 4,
            "sk_nulle": 3,
            "sk_contestate": 0,
            "voti_si": 141,
            "voti_no": 15,
            "perc_si": "90,38",
            "perc_no": "9,62",
            "dt_agg": 20250609164245
        },
        {
            "cod": 2,
            "desc": null,
            "sz_perv": 2,
            "vot_m": 74,
            "vot_f": 89,
            "vot_t": 163,
            "perc_vot": "25,00",
            "sk_bianche": 5,
            "sk_nulle": 3,
            "sk_contestate": 0,
            "voti_si": 140,
            "voti_no": 15,
            "perc_si": "90,32",
            "perc_no": "9,68",
            "dt_agg": 20250609164427
        },
        {
            "cod": 3,
            "desc": null,
            "sz_perv": 2,
            "vot_m": 74,
            "vot_f": 89,
            "vot_t": 163,
            "perc_vot": "25,00",
            "sk_bianche": 4,
            "sk_nulle": 3,
            "sk_contestate": 0,
            "voti_si": 141,
            "voti_no": 15,
            "perc_si": "90,38",
            "perc_no": "9,62",
            "dt_agg": 20250609164515
        },
        {
            "cod": 4,
            "desc": null,
            "sz_perv": 2,
            "vot_m": 74,
            "vot_f": 89,
            "vot_t": 163,
            "perc_vot": "25,00",
            "sk_bianche": 7,
            "sk_nulle": 4,
            "sk_contestate": 0,
            "voti_si": 134,
            "voti_no": 18,
            "perc_si": "88,16",
            "perc_no": "11,84",
            "dt_agg": 20250609164549
        },
        {
            "cod": 5,
            "desc": null,
            "sz_perv": 2,
            "vot_m": 74,
            "vot_f": 89,
            "vot_t": 163,
            "perc_vot": "25,00",
            "sk_bianche": 6,
            "sk_nulle": 5,
            "sk_contestate": 0,
            "voti_si": 91,
            "voti_no": 61,
            "perc_si": "59,87",
            "perc_no": "40,13",
            "dt_agg": 20250609164616
        }
    ]
}