{
    "int": {
        "st": "ESERCIZIO",
        "t_ele": "Referendum",
        "t_ref": "ABROGATIVO",
        "f_elet": "SCRUTINI",
        "dt_ele": 20250608000000,
        "l_terr": "COMUNE",
        "area": "I",
        "cod_com": 30,
        "desc_com": "BERNALDA",
        "cod_prov": 47,
        "desc_prov": "MATERA",
        "cod_reg": 17,
        "desc_reg": "BASILICATA",
        "ele_m": 4542,
        "ele_f": 4714,
        "ele_t": 9256,
        "sz_tot": 14,
        "tipo_tras": "SZ"
    },
    "note": null,
    "scheda": [
        {
            "cod": 1,
            "desc": null,
            "sz_perv": 14,
            "vot_m": 1254,
            "vot_f": 1377,
            "vot_t": 2631,
            "perc_vot": "28,42",
            "sk_bianche": 45,
            "sk_nulle": 18,
            "sk_contestate": 0,
            "voti_si": 2367,
            "voti_no": 201,
            "perc_si": "92,17",
            "perc_no": "7,83",
            "dt_agg": 20250609175603
        },
        {
            "cod": 2,
            "desc": null,
            "sz_perv": 14,
            "vot_m": 1254,
            "vot_f": 1377,
            "vot_t": 2631,
            "perc_vot": "28,42",
            "sk_bianche": 38,
            "sk_nulle": 18,
            "sk_contestate": 0,
            "voti_si": 2347,
            "voti_no": 228,
            "perc_si": "91,15",
            "perc_no": "8,85",
            "dt_agg": 20250609180015
        },
        {
            "cod": 3,
            "desc": null,
            "sz_perv": 14,
            "vot_m": 1254,
            "vot_f": 1377,
            "vot_t": 2631,
            "perc_vot": "28,42",
            "sk_bianche": 43,
            "sk_nulle": 14,
            "sk_contestate": 0,
            "voti_si": 2368,
            "voti_no": 206,
            "perc_si": "92,00",
            "perc_no": "8,00",
            "dt_agg": 20250609180529
        },
        {
            "cod": 4,
            "desc": null,
            "sz_perv": 14,
            "vot_m": 1255,
            "vot_f": 1377,
            "vot_t": 2632,
            "perc_vot": "28,44",
            "sk_bianche": 39,
            "sk_nulle": 22,
            "sk_contestate": 0,
            "voti_si": 2326,
            "voti_no": 245,
            "perc_si": "90,47",
            "perc_no": "9,53",
            "dt_agg": 20250609181152
        },
        {
            "cod": 5,
            "desc": null,
            "sz_perv": 14,
            "vot_m": 1255,
            "vot_f": 1375,
            "vot_t": 2630,
            "perc_vot": "28,41",
            "sk_bianche": 50,
            "sk_nulle": 22,
            "sk_contestate": 0,
            "voti_si": 1591,
            "voti_no": 967,
            "perc_si": "62,20",
            "perc_no": "37,80",
            "dt_agg": 20250609181645
        }
    ]
}