{
    "int": {
        "st": "ESERCIZIO",
        "t_ele": "Referendum",
        "t_ref": "ABROGATIVO",
        "f_elet": "SCRUTINI",
        "dt_ele": 20250608000000,
        "l_terr": "COMUNE",
        "area": "I",
        "cod_com": 260,
        "desc_com": "STIGLIANO",
        "cod_prov": 47,
        "desc_prov": "MATERA",
        "cod_reg": 17,
        "desc_reg": "BASILICATA",
        "ele_m": 1434,
        "ele_f": 1606,
        "ele_t": 3040,
        "sz_tot": 6,
        "tipo_tras": "SZ"
    },
    "note": null,
    "scheda": [
        {
            "cod": 1,
            "desc": null,
            "sz_perv": 6,
            "vot_m": 338,
            "vot_f": 366,
            "vot_t": 704,
            "perc_vot": "23,16",
            "sk_bianche": 19,
            "sk_nulle": 3,
            "sk_contestate": 0,
            "voti_si": 628,
            "voti_no": 54,
            "perc_si": "92,08",
            "perc_no": "7,92",
            "dt_agg": 20250609172238
        },
        {
            "cod": 2,
            "desc": null,
            "sz_perv": 6,
            "vot_m": 338,
            "vot_f": 366,
            "vot_t": 704,
            "perc_vot": "23,16",
            "sk_bianche": 14,
            "sk_nulle": 5,
            "sk_contestate": 0,
            "voti_si": 624,
            "voti_no": 61,
            "perc_si": "91,09",
            "perc_no": "8,91",
            "dt_agg": 20250609172310
        },
        {
            "cod": 3,
            "desc": null,
            "sz_perv": 6,
            "vot_m": 338,
            "vot_f": 366,
            "vot_t": 704,
            "perc_vot": "23,16",
            "sk_bianche": 18,
            "sk_nulle": 6,
            "sk_contestate": 0,
            "voti_si": 624,
            "voti_no": 56,
            "perc_si": "91,76",
            "perc_no": "8,24",
            "dt_agg": 20250609172404
        },
        {
            "cod": 4,
            "desc": null,
            "sz_perv": 6,
            "vot_m": 338,
            "vot_f": 366,
            "vot_t": 704,
            "perc_vot": "23,16",
            "sk_bianche": 14,
            "sk_nulle": 5,
            "sk_contestate": 0,
            "voti_si": 620,
            "voti_no": 65,
            "perc_si": "90,51",
            "perc_no": "9,49",
            "dt_agg": 20250609172404
        },
        {
            "cod": 5,
            "desc": null,
            "sz_perv": 6,
            "vot_m": 338,
            "vot_f": 366,
            "vot_t": 704,
            "perc_vot": "23,16",
            "sk_bianche": 17,
            "sk_nulle": 5,
            "sk_contestate": 0,
            "voti_si": 474,
            "voti_no": 208,
            "perc_si": "69,50",
            "perc_no": "30,50",
            "dt_agg": 20250609172501
        }
    ]
}