{
    "int": {
        "st": "ESERCIZIO",
        "t_ele": "Referendum",
        "t_ref": "ABROGATIVO",
        "f_elet": "SCRUTINI",
        "dt_ele": 20250608000000,
        "l_terr": "COMUNE",
        "area": "I",
        "cod_com": 201,
        "desc_com": "POLICORO",
        "cod_prov": 47,
        "desc_prov": "MATERA",
        "cod_reg": 17,
        "desc_reg": "BASILICATA",
        "ele_m": 6492,
        "ele_f": 6948,
        "ele_t": 13440,
        "sz_tot": 16,
        "tipo_tras": "SZ"
    },
    "note": null,
    "scheda": [
        {
            "cod": 1,
            "desc": null,
            "sz_perv": 16,
            "vot_m": 1361,
            "vot_f": 1569,
            "vot_t": 2930,
            "perc_vot": "21,80",
            "sk_bianche": 60,
            "sk_nulle": 21,
            "sk_contestate": 0,
            "voti_si": 2628,
            "voti_no": 221,
            "perc_si": "92,24",
            "perc_no": "7,76",
            "dt_agg": 20250609180213
        },
        {
            "cod": 2,
            "desc": null,
            "sz_perv": 16,
            "vot_m": 1361,
            "vot_f": 1569,
            "vot_t": 2930,
            "perc_vot": "21,80",
            "sk_bianche": 65,
            "sk_nulle": 23,
            "sk_contestate": 0,
            "voti_si": 2572,
            "voti_no": 270,
            "perc_si": "90,50",
            "perc_no": "9,50",
            "dt_agg": 20250609180213
        },
        {
            "cod": 3,
            "desc": null,
            "sz_perv": 16,
            "vot_m": 1361,
            "vot_f": 1569,
            "vot_t": 2930,
            "perc_vot": "21,80",
            "sk_bianche": 52,
            "sk_nulle": 19,
            "sk_contestate": 0,
            "voti_si": 2623,
            "voti_no": 236,
            "perc_si": "91,75",
            "perc_no": "8,25",
            "dt_agg": 20250609180237
        },
        {
            "cod": 4,
            "desc": null,
            "sz_perv": 16,
            "vot_m": 1361,
            "vot_f": 1569,
            "vot_t": 2930,
            "perc_vot": "21,80",
            "sk_bianche": 61,
            "sk_nulle": 21,
            "sk_contestate": 0,
            "voti_si": 2537,
            "voti_no": 311,
            "perc_si": "89,08",
            "perc_no": "10,92",
            "dt_agg": 20250609180335
        },
        {
            "cod": 5,
            "desc": null,
            "sz_perv": 16,
            "vot_m": 1365,
            "vot_f": 1570,
            "vot_t": 2935,
            "perc_vot": "21,84",
            "sk_bianche": 66,
            "sk_nulle": 19,
            "sk_contestate": 0,
            "voti_si": 1941,
            "voti_no": 909,
            "perc_si": "68,11",
            "perc_no": "31,89",
            "dt_agg": 20250609180352
        }
    ]
}