{
    "int": {
        "st": "ESERCIZIO",
        "t_ele": "Referendum",
        "t_ref": "ABROGATIVO",
        "f_elet": "SCRUTINI",
        "dt_ele": 20250608000000,
        "l_terr": "COMUNE",
        "area": "I",
        "cod_com": 120,
        "desc_com": "GROTTOLE",
        "cod_prov": 47,
        "desc_prov": "MATERA",
        "cod_reg": 17,
        "desc_reg": "BASILICATA",
        "ele_m": 818,
        "ele_f": 856,
        "ele_t": 1674,
        "sz_tot": 3,
        "tipo_tras": "SZ"
    },
    "note": null,
    "scheda": [
        {
            "cod": 1,
            "desc": null,
            "sz_perv": 3,
            "vot_m": 209,
            "vot_f": 228,
            "vot_t": 437,
            "perc_vot": "26,11",
            "sk_bianche": 14,
            "sk_nulle": 1,
            "sk_contestate": 0,
            "voti_si": 403,
            "voti_no": 19,
            "perc_si": "95,50",
            "perc_no": "4,50",
            "dt_agg": 20250609161632
        },
        {
            "cod": 2,
            "desc": null,
            "sz_perv": 3,
            "vot_m": 209,
            "vot_f": 228,
            "vot_t": 437,
            "perc_vot": "26,11",
            "sk_bianche": 9,
            "sk_nulle": 1,
            "sk_contestate": 0,
            "voti_si": 402,
            "voti_no": 25,
            "perc_si": "94,15",
            "perc_no": "5,85",
            "dt_agg": 20250609163828
        },
        {
            "cod": 3,
            "desc": null,
            "sz_perv": 3,
            "vot_m": 209,
            "vot_f": 228,
            "vot_t": 437,
            "perc_vot": "26,11",
            "sk_bianche": 9,
            "sk_nulle": 0,
            "sk_contestate": 0,
            "voti_si": 409,
            "voti_no": 19,
            "perc_si": "95,56",
            "perc_no": "4,44",
            "dt_agg": 20250609165757
        },
        {
            "cod": 4,
            "desc": null,
            "sz_perv": 3,
            "vot_m": 209,
            "vot_f": 228,
            "vot_t": 437,
            "perc_vot": "26,11",
            "sk_bianche": 9,
            "sk_nulle": 1,
            "sk_contestate": 0,
            "voti_si": 395,
            "voti_no": 32,
            "perc_si": "92,51",
            "perc_no": "7,49",
            "dt_agg": 20250609172612
        },
        {
            "cod": 5,
            "desc": null,
            "sz_perv": 3,
            "vot_m": 209,
            "vot_f": 228,
            "vot_t": 437,
            "perc_vot": "26,11",
            "sk_bianche": 12,
            "sk_nulle": 4,
            "sk_contestate": 0,
            "voti_si": 294,
            "voti_no": 127,
            "perc_si": "69,83",
            "perc_no": "30,17",
            "dt_agg": 20250609181100
        }
    ]
}