{
    "int": {
        "st": "ESERCIZIO",
        "t_ele": "Referendum",
        "t_ref": "ABROGATIVO",
        "f_elet": "SCRUTINI",
        "dt_ele": 20250608000000,
        "l_terr": "COMUNE",
        "area": "I",
        "cod_com": 650,
        "desc_com": "PERANO",
        "cod_prov": 23,
        "desc_prov": "CHIETI",
        "cod_reg": 13,
        "desc_reg": "ABRUZZO",
        "ele_m": 588,
        "ele_f": 612,
        "ele_t": 1200,
        "sz_tot": 3,
        "tipo_tras": "SZ"
    },
    "note": null,
    "scheda": [
        {
            "cod": 1,
            "desc": null,
            "sz_perv": 3,
            "vot_m": 200,
            "vot_f": 206,
            "vot_t": 406,
            "perc_vot": "33,83",
            "sk_bianche": 9,
            "sk_nulle": 3,
            "sk_contestate": 0,
            "voti_si": 348,
            "voti_no": 46,
            "perc_si": "88,32",
            "perc_no": "11,68",
            "dt_agg": 20250609185719
        },
        {
            "cod": 2,
            "desc": null,
            "sz_perv": 3,
            "vot_m": 200,
            "vot_f": 206,
            "vot_t": 406,
            "perc_vot": "33,83",
            "sk_bianche": 8,
            "sk_nulle": 2,
            "sk_contestate": 0,
            "voti_si": 335,
            "voti_no": 61,
            "perc_si": "84,60",
            "perc_no": "15,40",
            "dt_agg": 20250609195204
        },
        {
            "cod": 3,
            "desc": null,
            "sz_perv": 3,
            "vot_m": 200,
            "vot_f": 206,
            "vot_t": 406,
            "perc_vot": "33,83",
            "sk_bianche": 7,
            "sk_nulle": 2,
            "sk_contestate": 0,
            "voti_si": 349,
            "voti_no": 48,
            "perc_si": "87,91",
            "perc_no": "12,09",
            "dt_agg": 20250609195204
        },
        {
            "cod": 4,
            "desc": null,
            "sz_perv": 3,
            "vot_m": 200,
            "vot_f": 206,
            "vot_t": 406,
            "perc_vot": "33,83",
            "sk_bianche": 8,
            "sk_nulle": 3,
            "sk_contestate": 0,
            "voti_si": 336,
            "voti_no": 59,
            "perc_si": "85,06",
            "perc_no": "14,94",
            "dt_agg": 20250609195204
        },
        {
            "cod": 5,
            "desc": null,
            "sz_perv": 3,
            "vot_m": 200,
            "vot_f": 206,
            "vot_t": 406,
            "perc_vot": "33,83",
            "sk_bianche": 8,
            "sk_nulle": 5,
            "sk_contestate": 0,
            "voti_si": 224,
            "voti_no": 169,
            "perc_si": "57,00",
            "perc_no": "43,00",
            "dt_agg": 20250609195204
        }
    ]
}