{
    "int": {
        "st": "ESERCIZIO",
        "t_ele": "Referendum",
        "t_ref": "ABROGATIVO",
        "f_elet": "SCRUTINI",
        "dt_ele": 20250608000000,
        "l_terr": "COMUNE",
        "area": "I",
        "cod_com": 510,
        "desc_com": "MONTAZZOLI",
        "cod_prov": 23,
        "desc_prov": "CHIETI",
        "cod_reg": 13,
        "desc_reg": "ABRUZZO",
        "ele_m": 337,
        "ele_f": 358,
        "ele_t": 695,
        "sz_tot": 2,
        "tipo_tras": "SZ"
    },
    "note": null,
    "scheda": [
        {
            "cod": 1,
            "desc": null,
            "sz_perv": 2,
            "vot_m": 100,
            "vot_f": 100,
            "vot_t": 200,
            "perc_vot": "28,78",
            "sk_bianche": 10,
            "sk_nulle": 10,
            "sk_contestate": 0,
            "voti_si": 157,
            "voti_no": 23,
            "perc_si": "87,22",
            "perc_no": "12,78",
            "dt_agg": 20250609174008
        },
        {
            "cod": 2,
            "desc": null,
            "sz_perv": 2,
            "vot_m": 100,
            "vot_f": 100,
            "vot_t": 200,
            "perc_vot": "28,78",
            "sk_bianche": 9,
            "sk_nulle": 10,
            "sk_contestate": 0,
            "voti_si": 152,
            "voti_no": 29,
            "perc_si": "83,98",
            "perc_no": "16,02",
            "dt_agg": 20250609182506
        },
        {
            "cod": 3,
            "desc": null,
            "sz_perv": 2,
            "vot_m": 100,
            "vot_f": 100,
            "vot_t": 200,
            "perc_vot": "28,78",
            "sk_bianche": 10,
            "sk_nulle": 11,
            "sk_contestate": 0,
            "voti_si": 156,
            "voti_no": 23,
            "perc_si": "87,15",
            "perc_no": "12,85",
            "dt_agg": 20250609182714
        },
        {
            "cod": 4,
            "desc": null,
            "sz_perv": 2,
            "vot_m": 100,
            "vot_f": 100,
            "vot_t": 200,
            "perc_vot": "28,78",
            "sk_bianche": 12,
            "sk_nulle": 10,
            "sk_contestate": 0,
            "voti_si": 151,
            "voti_no": 27,
            "perc_si": "84,83",
            "perc_no": "15,17",
            "dt_agg": 20250609200722
        },
        {
            "cod": 5,
            "desc": null,
            "sz_perv": 2,
            "vot_m": 99,
            "vot_f": 100,
            "vot_t": 199,
            "perc_vot": "28,63",
            "sk_bianche": 12,
            "sk_nulle": 12,
            "sk_contestate": 0,
            "voti_si": 85,
            "voti_no": 90,
            "perc_si": "48,57",
            "perc_no": "51,43",
            "dt_agg": 20250609201014
        }
    ]
}