{
    "int": {
        "st": "ESERCIZIO",
        "t_ele": "Referendum",
        "t_ref": "ABROGATIVO",
        "f_elet": "SCRUTINI",
        "dt_ele": 20250608000000,
        "l_terr": "COMUNE",
        "area": "I",
        "cod_com": 800,
        "desc_com": "SAN GIOVANNI LIPIONI",
        "cod_prov": 23,
        "desc_prov": "CHIETI",
        "cod_reg": 13,
        "desc_reg": "ABRUZZO",
        "ele_m": 60,
        "ele_f": 62,
        "ele_t": 122,
        "sz_tot": 1,
        "tipo_tras": "SZ"
    },
    "note": null,
    "scheda": [
        {
            "cod": 1,
            "desc": null,
            "sz_perv": 1,
            "vot_m": 30,
            "vot_f": 20,
            "vot_t": 50,
            "perc_vot": "40,98",
            "sk_bianche": 4,
            "sk_nulle": 2,
            "sk_contestate": 0,
            "voti_si": 41,
            "voti_no": 3,
            "perc_si": "93,18",
            "perc_no": "6,82",
            "dt_agg": 20250609174600
        },
        {
            "cod": 2,
            "desc": null,
            "sz_perv": 1,
            "vot_m": 30,
            "vot_f": 20,
            "vot_t": 50,
            "perc_vot": "40,98",
            "sk_bianche": 4,
            "sk_nulle": 2,
            "sk_contestate": 0,
            "voti_si": 39,
            "voti_no": 5,
            "perc_si": "88,64",
            "perc_no": "11,36",
            "dt_agg": 20250609174925
        },
        {
            "cod": 3,
            "desc": null,
            "sz_perv": 1,
            "vot_m": 30,
            "vot_f": 20,
            "vot_t": 50,
            "perc_vot": "40,98",
            "sk_bianche": 5,
            "sk_nulle": 2,
            "sk_contestate": 0,
            "voti_si": 40,
            "voti_no": 3,
            "perc_si": "93,02",
            "perc_no": "6,98",
            "dt_agg": 20250609174939
        },
        {
            "cod": 4,
            "desc": null,
            "sz_perv": 1,
            "vot_m": 31,
            "vot_f": 20,
            "vot_t": 51,
            "perc_vot": "41,80",
            "sk_bianche": 5,
            "sk_nulle": 2,
            "sk_contestate": 0,
            "voti_si": 38,
            "voti_no": 6,
            "perc_si": "86,36",
            "perc_no": "13,64",
            "dt_agg": 20250609175011
        },
        {
            "cod": 5,
            "desc": null,
            "sz_perv": 1,
            "vot_m": 30,
            "vot_f": 20,
            "vot_t": 50,
            "perc_vot": "40,98",
            "sk_bianche": 3,
            "sk_nulle": 2,
            "sk_contestate": 0,
            "voti_si": 24,
            "voti_no": 21,
            "perc_si": "53,33",
            "perc_no": "46,67",
            "dt_agg": 20250609175048
        }
    ]
}