{
    "int": {
        "st": "ESERCIZIO",
        "t_ele": "Referendum",
        "t_ref": "ABROGATIVO",
        "f_elet": "SCRUTINI",
        "dt_ele": 20250608000000,
        "l_terr": "COMUNE",
        "area": "I",
        "cod_com": 460,
        "desc_com": "LANCIANO",
        "cod_prov": 23,
        "desc_prov": "CHIETI",
        "cod_reg": 13,
        "desc_reg": "ABRUZZO",
        "ele_m": 13230,
        "ele_f": 14437,
        "ele_t": 27667,
        "sz_tot": 44,
        "tipo_tras": "SZ"
    },
    "note": null,
    "scheda": [
        {
            "cod": 1,
            "desc": null,
            "sz_perv": 44,
            "vot_m": 4269,
            "vot_f": 4926,
            "vot_t": 9195,
            "perc_vot": "33,23",
            "sk_bianche": 129,
            "sk_nulle": 59,
            "sk_contestate": 0,
            "voti_si": 8188,
            "voti_no": 819,
            "perc_si": "90,91",
            "perc_no": "9,09",
            "dt_agg": 20250609184122
        },
        {
            "cod": 2,
            "desc": null,
            "sz_perv": 44,
            "vot_m": 4268,
            "vot_f": 4924,
            "vot_t": 9192,
            "perc_vot": "33,22",
            "sk_bianche": 124,
            "sk_nulle": 56,
            "sk_contestate": 0,
            "voti_si": 8070,
            "voti_no": 942,
            "perc_si": "89,55",
            "perc_no": "10,45",
            "dt_agg": 20250609184149
        },
        {
            "cod": 3,
            "desc": null,
            "sz_perv": 44,
            "vot_m": 4270,
            "vot_f": 4925,
            "vot_t": 9195,
            "perc_vot": "33,23",
            "sk_bianche": 151,
            "sk_nulle": 59,
            "sk_contestate": 0,
            "voti_si": 8135,
            "voti_no": 850,
            "perc_si": "90,54",
            "perc_no": "9,46",
            "dt_agg": 20250609184157
        },
        {
            "cod": 4,
            "desc": null,
            "sz_perv": 44,
            "vot_m": 4273,
            "vot_f": 4923,
            "vot_t": 9196,
            "perc_vot": "33,24",
            "sk_bianche": 132,
            "sk_nulle": 65,
            "sk_contestate": 0,
            "voti_si": 8059,
            "voti_no": 940,
            "perc_si": "89,55",
            "perc_no": "10,45",
            "dt_agg": 20250609184157
        },
        {
            "cod": 5,
            "desc": null,
            "sz_perv": 44,
            "vot_m": 4268,
            "vot_f": 4922,
            "vot_t": 9190,
            "perc_vot": "33,22",
            "sk_bianche": 132,
            "sk_nulle": 70,
            "sk_contestate": 0,
            "voti_si": 5709,
            "voti_no": 3279,
            "perc_si": "63,52",
            "perc_no": "36,48",
            "dt_agg": 20250609185123
        }
    ]
}