{
    "int": {
        "st": "ESERCIZIO",
        "t_ele": "Referendum",
        "t_ref": "ABROGATIVO",
        "f_elet": "SCRUTINI",
        "dt_ele": 20250608000000,
        "l_terr": "COMUNE",
        "area": "I",
        "cod_com": 210,
        "desc_com": "CELENZA SUL TRIGNO",
        "cod_prov": 23,
        "desc_prov": "CHIETI",
        "cod_reg": 13,
        "desc_reg": "ABRUZZO",
        "ele_m": 324,
        "ele_f": 340,
        "ele_t": 664,
        "sz_tot": 1,
        "tipo_tras": "SZ"
    },
    "note": null,
    "scheda": [
        {
            "cod": 1,
            "desc": null,
            "sz_perv": 1,
            "vot_m": 148,
            "vot_f": 142,
            "vot_t": 290,
            "perc_vot": "43,67",
            "sk_bianche": 10,
            "sk_nulle": 0,
            "sk_contestate": 0,
            "voti_si": 257,
            "voti_no": 23,
            "perc_si": "91,79",
            "perc_no": "8,21",
            "dt_agg": 20250609163651
        },
        {
            "cod": 2,
            "desc": null,
            "sz_perv": 1,
            "vot_m": 148,
            "vot_f": 142,
            "vot_t": 290,
            "perc_vot": "43,67",
            "sk_bianche": 10,
            "sk_nulle": 0,
            "sk_contestate": 0,
            "voti_si": 249,
            "voti_no": 31,
            "perc_si": "88,93",
            "perc_no": "11,07",
            "dt_agg": 20250609163652
        },
        {
            "cod": 3,
            "desc": null,
            "sz_perv": 1,
            "vot_m": 148,
            "vot_f": 142,
            "vot_t": 290,
            "perc_vot": "43,67",
            "sk_bianche": 12,
            "sk_nulle": 0,
            "sk_contestate": 0,
            "voti_si": 252,
            "voti_no": 26,
            "perc_si": "90,65",
            "perc_no": "9,35",
            "dt_agg": 20250609163925
        },
        {
            "cod": 4,
            "desc": null,
            "sz_perv": 1,
            "vot_m": 148,
            "vot_f": 142,
            "vot_t": 290,
            "perc_vot": "43,67",
            "sk_bianche": 11,
            "sk_nulle": 0,
            "sk_contestate": 0,
            "voti_si": 252,
            "voti_no": 27,
            "perc_si": "90,32",
            "perc_no": "9,68",
            "dt_agg": 20250609163942
        },
        {
            "cod": 5,
            "desc": null,
            "sz_perv": 1,
            "vot_m": 148,
            "vot_f": 142,
            "vot_t": 290,
            "perc_vot": "43,67",
            "sk_bianche": 11,
            "sk_nulle": 1,
            "sk_contestate": 0,
            "voti_si": 186,
            "voti_no": 92,
            "perc_si": "66,91",
            "perc_no": "33,09",
            "dt_agg": 20250609164045
        }
    ]
}