{
    "int": {
        "st": "ESERCIZIO",
        "t_ele": "Referendum",
        "t_ref": "ABROGATIVO",
        "f_elet": "SCRUTINI",
        "dt_ele": 20250608000000,
        "l_terr": "COMUNE",
        "area": "I",
        "cod_com": 410,
        "desc_com": "GISSI",
        "cod_prov": 23,
        "desc_prov": "CHIETI",
        "cod_reg": 13,
        "desc_reg": "ABRUZZO",
        "ele_m": 978,
        "ele_f": 1019,
        "ele_t": 1997,
        "sz_tot": 3,
        "tipo_tras": "SZ"
    },
    "note": null,
    "scheda": [
        {
            "cod": 1,
            "desc": null,
            "sz_perv": 3,
            "vot_m": 259,
            "vot_f": 319,
            "vot_t": 578,
            "perc_vot": "28,94",
            "sk_bianche": 11,
            "sk_nulle": 12,
            "sk_contestate": 0,
            "voti_si": 500,
            "voti_no": 55,
            "perc_si": "90,09",
            "perc_no": "9,91",
            "dt_agg": 20250609183450
        },
        {
            "cod": 2,
            "desc": null,
            "sz_perv": 3,
            "vot_m": 259,
            "vot_f": 319,
            "vot_t": 578,
            "perc_vot": "28,94",
            "sk_bianche": 12,
            "sk_nulle": 10,
            "sk_contestate": 0,
            "voti_si": 493,
            "voti_no": 63,
            "perc_si": "88,67",
            "perc_no": "11,33",
            "dt_agg": 20250609183540
        },
        {
            "cod": 3,
            "desc": null,
            "sz_perv": 3,
            "vot_m": 259,
            "vot_f": 320,
            "vot_t": 579,
            "perc_vot": "28,99",
            "sk_bianche": 12,
            "sk_nulle": 11,
            "sk_contestate": 0,
            "voti_si": 497,
            "voti_no": 59,
            "perc_si": "89,39",
            "perc_no": "10,61",
            "dt_agg": 20250609183640
        },
        {
            "cod": 4,
            "desc": null,
            "sz_perv": 3,
            "vot_m": 259,
            "vot_f": 319,
            "vot_t": 578,
            "perc_vot": "28,94",
            "sk_bianche": 11,
            "sk_nulle": 12,
            "sk_contestate": 0,
            "voti_si": 491,
            "voti_no": 64,
            "perc_si": "88,47",
            "perc_no": "11,53",
            "dt_agg": 20250609183738
        },
        {
            "cod": 5,
            "desc": null,
            "sz_perv": 3,
            "vot_m": 257,
            "vot_f": 320,
            "vot_t": 577,
            "perc_vot": "28,89",
            "sk_bianche": 14,
            "sk_nulle": 12,
            "sk_contestate": 0,
            "voti_si": 314,
            "voti_no": 237,
            "perc_si": "56,99",
            "perc_no": "43,01",
            "dt_agg": 20250609183836
        }
    ]
}