{
    "int": {
        "st": "ESERCIZIO",
        "t_ele": "Referendum",
        "t_ref": "ABROGATIVO",
        "f_elet": "SCRUTINI",
        "dt_ele": 20250608000000,
        "l_terr": "COMUNE",
        "area": "I",
        "cod_com": 190,
        "desc_com": "CASTELGUIDONE",
        "cod_prov": 23,
        "desc_prov": "CHIETI",
        "cod_reg": 13,
        "desc_reg": "ABRUZZO",
        "ele_m": 130,
        "ele_f": 124,
        "ele_t": 254,
        "sz_tot": 1,
        "tipo_tras": "SZ"
    },
    "note": null,
    "scheda": [
        {
            "cod": 1,
            "desc": null,
            "sz_perv": 1,
            "vot_m": 51,
            "vot_f": 54,
            "vot_t": 105,
            "perc_vot": "41,34",
            "sk_bianche": 7,
            "sk_nulle": 2,
            "sk_contestate": 0,
            "voti_si": 92,
            "voti_no": 4,
            "perc_si": "95,83",
            "perc_no": "4,17",
            "dt_agg": 20250609165455
        },
        {
            "cod": 2,
            "desc": null,
            "sz_perv": 1,
            "vot_m": 51,
            "vot_f": 54,
            "vot_t": 105,
            "perc_vot": "41,34",
            "sk_bianche": 7,
            "sk_nulle": 2,
            "sk_contestate": 0,
            "voti_si": 88,
            "voti_no": 8,
            "perc_si": "91,67",
            "perc_no": "8,33",
            "dt_agg": 20250609165528
        },
        {
            "cod": 3,
            "desc": null,
            "sz_perv": 1,
            "vot_m": 51,
            "vot_f": 54,
            "vot_t": 105,
            "perc_vot": "41,34",
            "sk_bianche": 8,
            "sk_nulle": 2,
            "sk_contestate": 0,
            "voti_si": 91,
            "voti_no": 4,
            "perc_si": "95,79",
            "perc_no": "4,21",
            "dt_agg": 20250609165601
        },
        {
            "cod": 4,
            "desc": null,
            "sz_perv": 1,
            "vot_m": 51,
            "vot_f": 54,
            "vot_t": 105,
            "perc_vot": "41,34",
            "sk_bianche": 7,
            "sk_nulle": 2,
            "sk_contestate": 0,
            "voti_si": 82,
            "voti_no": 14,
            "perc_si": "85,42",
            "perc_no": "14,58",
            "dt_agg": 20250609165632
        },
        {
            "cod": 5,
            "desc": null,
            "sz_perv": 1,
            "vot_m": 51,
            "vot_f": 54,
            "vot_t": 105,
            "perc_vot": "41,34",
            "sk_bianche": 10,
            "sk_nulle": 2,
            "sk_contestate": 0,
            "voti_si": 62,
            "voti_no": 31,
            "perc_si": "66,67",
            "perc_no": "33,33",
            "dt_agg": 20250609165714
        }
    ]
}