{
    "int": {
        "st": "ESERCIZIO",
        "t_ele": "Referendum",
        "t_ref": "ABROGATIVO",
        "f_elet": "SCRUTINI",
        "dt_ele": 20250608000000,
        "l_terr": "COMUNE",
        "area": "I",
        "cod_com": 1000,
        "desc_com": "VILLALFONSINA",
        "cod_prov": 23,
        "desc_prov": "CHIETI",
        "cod_reg": 13,
        "desc_reg": "ABRUZZO",
        "ele_m": 340,
        "ele_f": 344,
        "ele_t": 684,
        "sz_tot": 1,
        "tipo_tras": "SZ"
    },
    "note": null,
    "scheda": [
        {
            "cod": 1,
            "desc": null,
            "sz_perv": 1,
            "vot_m": 101,
            "vot_f": 86,
            "vot_t": 187,
            "perc_vot": "27,34",
            "sk_bianche": 6,
            "sk_nulle": 6,
            "sk_contestate": 0,
            "voti_si": 167,
            "voti_no": 8,
            "perc_si": "95,43",
            "perc_no": "4,57",
            "dt_agg": 20250609171244
        },
        {
            "cod": 2,
            "desc": null,
            "sz_perv": 1,
            "vot_m": 101,
            "vot_f": 86,
            "vot_t": 187,
            "perc_vot": "27,34",
            "sk_bianche": 6,
            "sk_nulle": 6,
            "sk_contestate": 0,
            "voti_si": 168,
            "voti_no": 7,
            "perc_si": "96,00",
            "perc_no": "4,00",
            "dt_agg": 20250609171425
        },
        {
            "cod": 3,
            "desc": null,
            "sz_perv": 1,
            "vot_m": 101,
            "vot_f": 86,
            "vot_t": 187,
            "perc_vot": "27,34",
            "sk_bianche": 7,
            "sk_nulle": 6,
            "sk_contestate": 0,
            "voti_si": 166,
            "voti_no": 8,
            "perc_si": "95,40",
            "perc_no": "4,60",
            "dt_agg": 20250609171430
        },
        {
            "cod": 4,
            "desc": null,
            "sz_perv": 1,
            "vot_m": 101,
            "vot_f": 86,
            "vot_t": 187,
            "perc_vot": "27,34",
            "sk_bianche": 7,
            "sk_nulle": 6,
            "sk_contestate": 0,
            "voti_si": 166,
            "voti_no": 8,
            "perc_si": "95,40",
            "perc_no": "4,60",
            "dt_agg": 20250609171513
        },
        {
            "cod": 5,
            "desc": null,
            "sz_perv": 1,
            "vot_m": 101,
            "vot_f": 86,
            "vot_t": 187,
            "perc_vot": "27,34",
            "sk_bianche": 4,
            "sk_nulle": 6,
            "sk_contestate": 0,
            "voti_si": 111,
            "voti_no": 66,
            "perc_si": "62,71",
            "perc_no": "37,29",
            "dt_agg": 20250609171733
        }
    ]
}