{
    "int": {
        "st": "ESERCIZIO",
        "t_ele": "Referendum",
        "t_ref": "ABROGATIVO",
        "f_elet": "SCRUTINI",
        "dt_ele": 20250608000000,
        "l_terr": "COMUNE",
        "area": "I",
        "cod_com": 160,
        "desc_com": "CASALINCONTRADA",
        "cod_prov": 23,
        "desc_prov": "CHIETI",
        "cod_reg": 13,
        "desc_reg": "ABRUZZO",
        "ele_m": 1207,
        "ele_f": 1235,
        "ele_t": 2442,
        "sz_tot": 3,
        "tipo_tras": "SZ"
    },
    "note": null,
    "scheda": [
        {
            "cod": 1,
            "desc": null,
            "sz_perv": 3,
            "vot_m": 351,
            "vot_f": 390,
            "vot_t": 741,
            "perc_vot": "30,34",
            "sk_bianche": 10,
            "sk_nulle": 10,
            "sk_contestate": 0,
            "voti_si": 640,
            "voti_no": 81,
            "perc_si": "88,77",
            "perc_no": "11,23",
            "dt_agg": 20250609185636
        },
        {
            "cod": 2,
            "desc": null,
            "sz_perv": 3,
            "vot_m": 351,
            "vot_f": 390,
            "vot_t": 741,
            "perc_vot": "30,34",
            "sk_bianche": 12,
            "sk_nulle": 9,
            "sk_contestate": 0,
            "voti_si": 630,
            "voti_no": 90,
            "perc_si": "87,50",
            "perc_no": "12,50",
            "dt_agg": 20250609185636
        },
        {
            "cod": 3,
            "desc": null,
            "sz_perv": 3,
            "vot_m": 351,
            "vot_f": 390,
            "vot_t": 741,
            "perc_vot": "30,34",
            "sk_bianche": 11,
            "sk_nulle": 9,
            "sk_contestate": 0,
            "voti_si": 649,
            "voti_no": 72,
            "perc_si": "90,01",
            "perc_no": "9,99",
            "dt_agg": 20250609185719
        },
        {
            "cod": 4,
            "desc": null,
            "sz_perv": 3,
            "vot_m": 352,
            "vot_f": 389,
            "vot_t": 741,
            "perc_vot": "30,34",
            "sk_bianche": 12,
            "sk_nulle": 10,
            "sk_contestate": 0,
            "voti_si": 640,
            "voti_no": 79,
            "perc_si": "89,01",
            "perc_no": "10,99",
            "dt_agg": 20250609185736
        },
        {
            "cod": 5,
            "desc": null,
            "sz_perv": 3,
            "vot_m": 351,
            "vot_f": 389,
            "vot_t": 740,
            "perc_vot": "30,30",
            "sk_bianche": 14,
            "sk_nulle": 7,
            "sk_contestate": 0,
            "voti_si": 435,
            "voti_no": 284,
            "perc_si": "60,50",
            "perc_no": "39,50",
            "dt_agg": 20250609185804
        }
    ]
}