{
    "int": {
        "st": "ESERCIZIO",
        "t_ele": "Referendum",
        "t_ref": "ABROGATIVO",
        "f_elet": "SCRUTINI",
        "dt_ele": 20250608000000,
        "l_terr": "COMUNE",
        "area": "I",
        "cod_com": 590,
        "desc_com": "PAGLIETA",
        "cod_prov": 23,
        "desc_prov": "CHIETI",
        "cod_reg": 13,
        "desc_reg": "ABRUZZO",
        "ele_m": 1646,
        "ele_f": 1689,
        "ele_t": 3335,
        "sz_tot": 5,
        "tipo_tras": "SZ"
    },
    "note": null,
    "scheda": [
        {
            "cod": 1,
            "desc": null,
            "sz_perv": 5,
            "vot_m": 544,
            "vot_f": 571,
            "vot_t": 1115,
            "perc_vot": "33,43",
            "sk_bianche": 22,
            "sk_nulle": 9,
            "sk_contestate": 0,
            "voti_si": 972,
            "voti_no": 112,
            "perc_si": "89,67",
            "perc_no": "10,33",
            "dt_agg": 20250609171454
        },
        {
            "cod": 2,
            "desc": null,
            "sz_perv": 5,
            "vot_m": 544,
            "vot_f": 571,
            "vot_t": 1115,
            "perc_vot": "33,43",
            "sk_bianche": 22,
            "sk_nulle": 9,
            "sk_contestate": 0,
            "voti_si": 962,
            "voti_no": 122,
            "perc_si": "88,75",
            "perc_no": "11,25",
            "dt_agg": 20250609171732
        },
        {
            "cod": 3,
            "desc": null,
            "sz_perv": 5,
            "vot_m": 543,
            "vot_f": 571,
            "vot_t": 1114,
            "perc_vot": "33,40",
            "sk_bianche": 24,
            "sk_nulle": 10,
            "sk_contestate": 0,
            "voti_si": 963,
            "voti_no": 117,
            "perc_si": "89,17",
            "perc_no": "10,83",
            "dt_agg": 20250609171733
        },
        {
            "cod": 4,
            "desc": null,
            "sz_perv": 5,
            "vot_m": 544,
            "vot_f": 571,
            "vot_t": 1115,
            "perc_vot": "33,43",
            "sk_bianche": 28,
            "sk_nulle": 11,
            "sk_contestate": 0,
            "voti_si": 957,
            "voti_no": 119,
            "perc_si": "88,94",
            "perc_no": "11,06",
            "dt_agg": 20250609171733
        },
        {
            "cod": 5,
            "desc": null,
            "sz_perv": 5,
            "vot_m": 545,
            "vot_f": 571,
            "vot_t": 1116,
            "perc_vot": "33,46",
            "sk_bianche": 26,
            "sk_nulle": 14,
            "sk_contestate": 0,
            "voti_si": 598,
            "voti_no": 478,
            "perc_si": "55,58",
            "perc_no": "44,42",
            "dt_agg": 20250609171934
        }
    ]
}