{
    "int": {
        "st": "ESERCIZIO",
        "t_ele": "Referendum",
        "t_ref": "ABROGATIVO",
        "f_elet": "SCRUTINI",
        "dt_ele": 20250608000000,
        "l_terr": "COMUNE",
        "area": "I",
        "cod_com": 400,
        "desc_com": "GESSOPALENA",
        "cod_prov": 23,
        "desc_prov": "CHIETI",
        "cod_reg": 13,
        "desc_reg": "ABRUZZO",
        "ele_m": 471,
        "ele_f": 493,
        "ele_t": 964,
        "sz_tot": 2,
        "tipo_tras": "SZ"
    },
    "note": null,
    "scheda": [
        {
            "cod": 1,
            "desc": null,
            "sz_perv": 2,
            "vot_m": 221,
            "vot_f": 211,
            "vot_t": 432,
            "perc_vot": "44,81",
            "sk_bianche": 12,
            "sk_nulle": 4,
            "sk_contestate": 0,
            "voti_si": 392,
            "voti_no": 24,
            "perc_si": "94,23",
            "perc_no": "5,77",
            "dt_agg": 20250609191351
        },
        {
            "cod": 2,
            "desc": null,
            "sz_perv": 2,
            "vot_m": 221,
            "vot_f": 211,
            "vot_t": 432,
            "perc_vot": "44,81",
            "sk_bianche": 12,
            "sk_nulle": 1,
            "sk_contestate": 0,
            "voti_si": 393,
            "voti_no": 26,
            "perc_si": "93,79",
            "perc_no": "6,21",
            "dt_agg": 20250609191505
        },
        {
            "cod": 3,
            "desc": null,
            "sz_perv": 2,
            "vot_m": 221,
            "vot_f": 211,
            "vot_t": 432,
            "perc_vot": "44,81",
            "sk_bianche": 16,
            "sk_nulle": 4,
            "sk_contestate": 0,
            "voti_si": 393,
            "voti_no": 19,
            "perc_si": "95,39",
            "perc_no": "4,61",
            "dt_agg": 20250609191538
        },
        {
            "cod": 4,
            "desc": null,
            "sz_perv": 2,
            "vot_m": 221,
            "vot_f": 211,
            "vot_t": 432,
            "perc_vot": "44,81",
            "sk_bianche": 11,
            "sk_nulle": 2,
            "sk_contestate": 0,
            "voti_si": 386,
            "voti_no": 33,
            "perc_si": "92,12",
            "perc_no": "7,88",
            "dt_agg": 20250609191606
        },
        {
            "cod": 5,
            "desc": null,
            "sz_perv": 2,
            "vot_m": 220,
            "vot_f": 211,
            "vot_t": 431,
            "perc_vot": "44,71",
            "sk_bianche": 16,
            "sk_nulle": 1,
            "sk_contestate": 0,
            "voti_si": 296,
            "voti_no": 118,
            "perc_si": "71,50",
            "perc_no": "28,50",
            "dt_agg": 20250609191643
        }
    ]
}