{
    "int": {
        "st": "ESERCIZIO",
        "t_ele": "Referendum",
        "t_ref": "ABROGATIVO",
        "f_elet": "SCRUTINI",
        "dt_ele": 20250608000000,
        "l_terr": "COMUNE",
        "area": "I",
        "cod_com": 990,
        "desc_com": "VASTO",
        "cod_prov": 23,
        "desc_prov": "CHIETI",
        "cod_reg": 13,
        "desc_reg": "ABRUZZO",
        "ele_m": 15832,
        "ele_f": 16861,
        "ele_t": 32693,
        "sz_tot": 44,
        "tipo_tras": "SZ"
    },
    "note": null,
    "scheda": [
        {
            "cod": 1,
            "desc": null,
            "sz_perv": 44,
            "vot_m": 4739,
            "vot_f": 5237,
            "vot_t": 9976,
            "perc_vot": "30,51",
            "sk_bianche": 144,
            "sk_nulle": 51,
            "sk_contestate": 0,
            "voti_si": 9016,
            "voti_no": 765,
            "perc_si": "92,18",
            "perc_no": "7,82",
            "dt_agg": 20250609190338
        },
        {
            "cod": 2,
            "desc": null,
            "sz_perv": 44,
            "vot_m": 4738,
            "vot_f": 5236,
            "vot_t": 9974,
            "perc_vot": "30,51",
            "sk_bianche": 143,
            "sk_nulle": 64,
            "sk_contestate": 0,
            "voti_si": 8864,
            "voti_no": 903,
            "perc_si": "90,75",
            "perc_no": "9,25",
            "dt_agg": 20250609190347
        },
        {
            "cod": 3,
            "desc": null,
            "sz_perv": 44,
            "vot_m": 4739,
            "vot_f": 5237,
            "vot_t": 9976,
            "perc_vot": "30,51",
            "sk_bianche": 165,
            "sk_nulle": 60,
            "sk_contestate": 0,
            "voti_si": 8952,
            "voti_no": 799,
            "perc_si": "91,81",
            "perc_no": "8,19",
            "dt_agg": 20250609190425
        },
        {
            "cod": 4,
            "desc": null,
            "sz_perv": 44,
            "vot_m": 4736,
            "vot_f": 5238,
            "vot_t": 9974,
            "perc_vot": "30,51",
            "sk_bianche": 147,
            "sk_nulle": 57,
            "sk_contestate": 0,
            "voti_si": 8830,
            "voti_no": 940,
            "perc_si": "90,38",
            "perc_no": "9,62",
            "dt_agg": 20250609190430
        },
        {
            "cod": 5,
            "desc": null,
            "sz_perv": 44,
            "vot_m": 4732,
            "vot_f": 5226,
            "vot_t": 9958,
            "perc_vot": "30,46",
            "sk_bianche": 159,
            "sk_nulle": 63,
            "sk_contestate": 0,
            "voti_si": 5974,
            "voti_no": 3762,
            "perc_si": "61,36",
            "perc_no": "38,64",
            "dt_agg": 20250609190456
        }
    ]
}