{
    "int": {
        "st": "ESERCIZIO",
        "t_ele": "Referendum",
        "t_ref": "ABROGATIVO",
        "f_elet": "SCRUTINI",
        "dt_ele": 20250608000000,
        "l_terr": "COMUNE",
        "area": "I",
        "cod_com": 240,
        "desc_com": "CIVITELLA MESSER RAIMONDO",
        "cod_prov": 23,
        "desc_prov": "CHIETI",
        "cod_reg": 13,
        "desc_reg": "ABRUZZO",
        "ele_m": 315,
        "ele_f": 305,
        "ele_t": 620,
        "sz_tot": 1,
        "tipo_tras": "SZ"
    },
    "note": null,
    "scheda": [
        {
            "cod": 1,
            "desc": null,
            "sz_perv": 1,
            "vot_m": 106,
            "vot_f": 95,
            "vot_t": 201,
            "perc_vot": "32,42",
            "sk_bianche": 7,
            "sk_nulle": 1,
            "sk_contestate": 0,
            "voti_si": 166,
            "voti_no": 27,
            "perc_si": "86,01",
            "perc_no": "13,99",
            "dt_agg": 20250609173733
        },
        {
            "cod": 2,
            "desc": null,
            "sz_perv": 1,
            "vot_m": 106,
            "vot_f": 95,
            "vot_t": 201,
            "perc_vot": "32,42",
            "sk_bianche": 7,
            "sk_nulle": 1,
            "sk_contestate": 0,
            "voti_si": 164,
            "voti_no": 29,
            "perc_si": "84,97",
            "perc_no": "15,03",
            "dt_agg": 20250609173810
        },
        {
            "cod": 3,
            "desc": null,
            "sz_perv": 1,
            "vot_m": 106,
            "vot_f": 95,
            "vot_t": 201,
            "perc_vot": "32,42",
            "sk_bianche": 10,
            "sk_nulle": 2,
            "sk_contestate": 0,
            "voti_si": 163,
            "voti_no": 26,
            "perc_si": "86,24",
            "perc_no": "13,76",
            "dt_agg": 20250609173910
        },
        {
            "cod": 4,
            "desc": null,
            "sz_perv": 1,
            "vot_m": 106,
            "vot_f": 95,
            "vot_t": 201,
            "perc_vot": "32,42",
            "sk_bianche": 8,
            "sk_nulle": 2,
            "sk_contestate": 0,
            "voti_si": 164,
            "voti_no": 27,
            "perc_si": "85,86",
            "perc_no": "14,14",
            "dt_agg": 20250609173915
        },
        {
            "cod": 5,
            "desc": null,
            "sz_perv": 1,
            "vot_m": 107,
            "vot_f": 95,
            "vot_t": 202,
            "perc_vot": "32,58",
            "sk_bianche": 12,
            "sk_nulle": 1,
            "sk_contestate": 0,
            "voti_si": 101,
            "voti_no": 88,
            "perc_si": "53,44",
            "perc_no": "46,56",
            "dt_agg": 20250609174008
        }
    ]
}