{
    "int": {
        "st": "ESERCIZIO",
        "t_ele": "Referendum",
        "t_ref": "ABROGATIVO",
        "f_elet": "SCRUTINI",
        "dt_ele": 20250608000000,
        "l_terr": "COMUNE",
        "area": "I",
        "cod_com": 50,
        "desc_com": "ATESSA",
        "cod_prov": 23,
        "desc_prov": "CHIETI",
        "cod_reg": 13,
        "desc_reg": "ABRUZZO",
        "ele_m": 3940,
        "ele_f": 4232,
        "ele_t": 8172,
        "sz_tot": 12,
        "tipo_tras": "SZ"
    },
    "note": null,
    "scheda": [
        {
            "cod": 1,
            "desc": null,
            "sz_perv": 12,
            "vot_m": 1193,
            "vot_f": 1293,
            "vot_t": 2486,
            "perc_vot": "30,42",
            "sk_bianche": 55,
            "sk_nulle": 27,
            "sk_contestate": 0,
            "voti_si": 2196,
            "voti_no": 208,
            "perc_si": "91,35",
            "perc_no": "8,65",
            "dt_agg": 20250609184930
        },
        {
            "cod": 2,
            "desc": null,
            "sz_perv": 12,
            "vot_m": 1191,
            "vot_f": 1292,
            "vot_t": 2483,
            "perc_vot": "30,38",
            "sk_bianche": 52,
            "sk_nulle": 28,
            "sk_contestate": 0,
            "voti_si": 2143,
            "voti_no": 260,
            "perc_si": "89,18",
            "perc_no": "10,82",
            "dt_agg": 20250609185007
        },
        {
            "cod": 3,
            "desc": null,
            "sz_perv": 12,
            "vot_m": 1192,
            "vot_f": 1293,
            "vot_t": 2485,
            "perc_vot": "30,41",
            "sk_bianche": 59,
            "sk_nulle": 31,
            "sk_contestate": 0,
            "voti_si": 2175,
            "voti_no": 220,
            "perc_si": "90,81",
            "perc_no": "9,19",
            "dt_agg": 20250609185036
        },
        {
            "cod": 4,
            "desc": null,
            "sz_perv": 12,
            "vot_m": 1189,
            "vot_f": 1290,
            "vot_t": 2479,
            "perc_vot": "30,34",
            "sk_bianche": 52,
            "sk_nulle": 30,
            "sk_contestate": 0,
            "voti_si": 2110,
            "voti_no": 287,
            "perc_si": "88,03",
            "perc_no": "11,97",
            "dt_agg": 20250609185107
        },
        {
            "cod": 5,
            "desc": null,
            "sz_perv": 12,
            "vot_m": 1185,
            "vot_f": 1286,
            "vot_t": 2471,
            "perc_vot": "30,24",
            "sk_bianche": 52,
            "sk_nulle": 32,
            "sk_contestate": 0,
            "voti_si": 1343,
            "voti_no": 1044,
            "perc_si": "56,26",
            "perc_no": "43,74",
            "dt_agg": 20250609185138
        }
    ]
}