{
    "int": {
        "st": "ESERCIZIO",
        "t_ele": "Referendum",
        "t_ref": "ABROGATIVO",
        "f_elet": "SCRUTINI",
        "dt_ele": 20250608000000,
        "l_terr": "COMUNE",
        "area": "I",
        "cod_com": 890,
        "desc_com": "TARANTA PELIGNA",
        "cod_prov": 23,
        "desc_prov": "CHIETI",
        "cod_reg": 13,
        "desc_reg": "ABRUZZO",
        "ele_m": 137,
        "ele_f": 118,
        "ele_t": 255,
        "sz_tot": 1,
        "tipo_tras": "SZ"
    },
    "note": null,
    "scheda": [
        {
            "cod": 1,
            "desc": null,
            "sz_perv": 1,
            "vot_m": 50,
            "vot_f": 38,
            "vot_t": 88,
            "perc_vot": "34,51",
            "sk_bianche": 4,
            "sk_nulle": 0,
            "sk_contestate": 0,
            "voti_si": 72,
            "voti_no": 12,
            "perc_si": "85,71",
            "perc_no": "14,29",
            "dt_agg": 20250609181953
        },
        {
            "cod": 2,
            "desc": null,
            "sz_perv": 1,
            "vot_m": 50,
            "vot_f": 38,
            "vot_t": 88,
            "perc_vot": "34,51",
            "sk_bianche": 3,
            "sk_nulle": 0,
            "sk_contestate": 0,
            "voti_si": 72,
            "voti_no": 13,
            "perc_si": "84,71",
            "perc_no": "15,29",
            "dt_agg": 20250609182027
        },
        {
            "cod": 3,
            "desc": null,
            "sz_perv": 1,
            "vot_m": 49,
            "vot_f": 38,
            "vot_t": 87,
            "perc_vot": "34,12",
            "sk_bianche": 5,
            "sk_nulle": 0,
            "sk_contestate": 0,
            "voti_si": 73,
            "voti_no": 9,
            "perc_si": "89,02",
            "perc_no": "10,98",
            "dt_agg": 20250609182101
        },
        {
            "cod": 4,
            "desc": null,
            "sz_perv": 1,
            "vot_m": 52,
            "vot_f": 38,
            "vot_t": 90,
            "perc_vot": "35,29",
            "sk_bianche": 3,
            "sk_nulle": 0,
            "sk_contestate": 0,
            "voti_si": 72,
            "voti_no": 15,
            "perc_si": "82,76",
            "perc_no": "17,24",
            "dt_agg": 20250609182121
        },
        {
            "cod": 5,
            "desc": null,
            "sz_perv": 1,
            "vot_m": 55,
            "vot_f": 39,
            "vot_t": 94,
            "perc_vot": "36,86",
            "sk_bianche": 3,
            "sk_nulle": 0,
            "sk_contestate": 0,
            "voti_si": 49,
            "voti_no": 42,
            "perc_si": "53,85",
            "perc_no": "46,15",
            "dt_agg": 20250609182148
        }
    ]
}