{
    "int": {
        "st": "ESERCIZIO",
        "t_ele": "Referendum",
        "t_ref": "ABROGATIVO",
        "f_elet": "SCRUTINI",
        "dt_ele": 20250608000000,
        "l_terr": "COMUNE",
        "area": "I",
        "cod_com": 980,
        "desc_com": "VACRI",
        "cod_prov": 23,
        "desc_prov": "CHIETI",
        "cod_reg": 13,
        "desc_reg": "ABRUZZO",
        "ele_m": 626,
        "ele_f": 607,
        "ele_t": 1233,
        "sz_tot": 2,
        "tipo_tras": "SZ"
    },
    "note": null,
    "scheda": [
        {
            "cod": 1,
            "desc": null,
            "sz_perv": 2,
            "vot_m": 149,
            "vot_f": 150,
            "vot_t": 299,
            "perc_vot": "24,25",
            "sk_bianche": 6,
            "sk_nulle": 1,
            "sk_contestate": 0,
            "voti_si": 257,
            "voti_no": 35,
            "perc_si": "88,01",
            "perc_no": "11,99",
            "dt_agg": 20250609173439
        },
        {
            "cod": 2,
            "desc": null,
            "sz_perv": 2,
            "vot_m": 149,
            "vot_f": 150,
            "vot_t": 299,
            "perc_vot": "24,25",
            "sk_bianche": 6,
            "sk_nulle": 0,
            "sk_contestate": 0,
            "voti_si": 254,
            "voti_no": 39,
            "perc_si": "86,69",
            "perc_no": "13,31",
            "dt_agg": 20250609173530
        },
        {
            "cod": 3,
            "desc": null,
            "sz_perv": 2,
            "vot_m": 149,
            "vot_f": 150,
            "vot_t": 299,
            "perc_vot": "24,25",
            "sk_bianche": 7,
            "sk_nulle": 2,
            "sk_contestate": 0,
            "voti_si": 255,
            "voti_no": 35,
            "perc_si": "87,93",
            "perc_no": "12,07",
            "dt_agg": 20250609173551
        },
        {
            "cod": 4,
            "desc": null,
            "sz_perv": 2,
            "vot_m": 149,
            "vot_f": 150,
            "vot_t": 299,
            "perc_vot": "24,25",
            "sk_bianche": 7,
            "sk_nulle": 2,
            "sk_contestate": 0,
            "voti_si": 245,
            "voti_no": 45,
            "perc_si": "84,48",
            "perc_no": "15,52",
            "dt_agg": 20250609173642
        },
        {
            "cod": 5,
            "desc": null,
            "sz_perv": 2,
            "vot_m": 148,
            "vot_f": 150,
            "vot_t": 298,
            "perc_vot": "24,17",
            "sk_bianche": 12,
            "sk_nulle": 2,
            "sk_contestate": 0,
            "voti_si": 171,
            "voti_no": 113,
            "perc_si": "60,21",
            "perc_no": "39,79",
            "dt_agg": 20250609173703
        }
    ]
}