{
    "int": {
        "st": "ESERCIZIO",
        "t_ele": "Referendum",
        "t_ref": "ABROGATIVO",
        "f_elet": "SCRUTINI",
        "dt_ele": 20250608000000,
        "l_terr": "COMUNE",
        "area": "I",
        "cod_com": 40,
        "desc_com": "ARIELLI",
        "cod_prov": 23,
        "desc_prov": "CHIETI",
        "cod_reg": 13,
        "desc_reg": "ABRUZZO",
        "ele_m": 413,
        "ele_f": 445,
        "ele_t": 858,
        "sz_tot": 1,
        "tipo_tras": "SZ"
    },
    "note": null,
    "scheda": [
        {
            "cod": 1,
            "desc": null,
            "sz_perv": 1,
            "vot_m": 93,
            "vot_f": 113,
            "vot_t": 206,
            "perc_vot": "24,01",
            "sk_bianche": 12,
            "sk_nulle": 0,
            "sk_contestate": 0,
            "voti_si": 153,
            "voti_no": 41,
            "perc_si": "78,87",
            "perc_no": "21,13",
            "dt_agg": 20250609160432
        },
        {
            "cod": 2,
            "desc": null,
            "sz_perv": 1,
            "vot_m": 93,
            "vot_f": 113,
            "vot_t": 206,
            "perc_vot": "24,01",
            "sk_bianche": 10,
            "sk_nulle": 0,
            "sk_contestate": 0,
            "voti_si": 155,
            "voti_no": 41,
            "perc_si": "79,08",
            "perc_no": "20,92",
            "dt_agg": 20250609171451
        },
        {
            "cod": 3,
            "desc": null,
            "sz_perv": 1,
            "vot_m": 93,
            "vot_f": 113,
            "vot_t": 206,
            "perc_vot": "24,01",
            "sk_bianche": 13,
            "sk_nulle": 1,
            "sk_contestate": 0,
            "voti_si": 146,
            "voti_no": 46,
            "perc_si": "76,04",
            "perc_no": "23,96",
            "dt_agg": 20250609171733
        },
        {
            "cod": 4,
            "desc": null,
            "sz_perv": 1,
            "vot_m": 93,
            "vot_f": 113,
            "vot_t": 206,
            "perc_vot": "24,01",
            "sk_bianche": 8,
            "sk_nulle": 1,
            "sk_contestate": 0,
            "voti_si": 155,
            "voti_no": 42,
            "perc_si": "78,68",
            "perc_no": "21,32",
            "dt_agg": 20250609175032
        },
        {
            "cod": 5,
            "desc": null,
            "sz_perv": 1,
            "vot_m": 93,
            "vot_f": 113,
            "vot_t": 206,
            "perc_vot": "24,01",
            "sk_bianche": 7,
            "sk_nulle": 2,
            "sk_contestate": 0,
            "voti_si": 102,
            "voti_no": 95,
            "perc_si": "51,78",
            "perc_no": "48,22",
            "dt_agg": 20250609181933
        }
    ]
}