{
    "int": {
        "st": "ESERCIZIO",
        "t_ele": "Referendum",
        "t_ref": "ABROGATIVO",
        "f_elet": "SCRUTINI",
        "dt_ele": 20250608000000,
        "l_terr": "COMUNE",
        "area": "I",
        "cod_com": 740,
        "desc_com": "ROCCA SAN GIOVANNI",
        "cod_prov": 23,
        "desc_prov": "CHIETI",
        "cod_reg": 13,
        "desc_reg": "ABRUZZO",
        "ele_m": 946,
        "ele_f": 959,
        "ele_t": 1905,
        "sz_tot": 3,
        "tipo_tras": "SZ"
    },
    "note": null,
    "scheda": [
        {
            "cod": 1,
            "desc": null,
            "sz_perv": 3,
            "vot_m": 233,
            "vot_f": 259,
            "vot_t": 492,
            "perc_vot": "25,83",
            "sk_bianche": 13,
            "sk_nulle": 5,
            "sk_contestate": 0,
            "voti_si": 422,
            "voti_no": 52,
            "perc_si": "89,03",
            "perc_no": "10,97",
            "dt_agg": 20250609173438
        },
        {
            "cod": 2,
            "desc": null,
            "sz_perv": 3,
            "vot_m": 233,
            "vot_f": 259,
            "vot_t": 492,
            "perc_vot": "25,83",
            "sk_bianche": 16,
            "sk_nulle": 5,
            "sk_contestate": 0,
            "voti_si": 408,
            "voti_no": 63,
            "perc_si": "86,62",
            "perc_no": "13,38",
            "dt_agg": 20250609173439
        },
        {
            "cod": 3,
            "desc": null,
            "sz_perv": 3,
            "vot_m": 233,
            "vot_f": 259,
            "vot_t": 492,
            "perc_vot": "25,83",
            "sk_bianche": 18,
            "sk_nulle": 5,
            "sk_contestate": 0,
            "voti_si": 413,
            "voti_no": 56,
            "perc_si": "88,06",
            "perc_no": "11,94",
            "dt_agg": 20250609180701
        },
        {
            "cod": 4,
            "desc": null,
            "sz_perv": 3,
            "vot_m": 234,
            "vot_f": 259,
            "vot_t": 493,
            "perc_vot": "25,88",
            "sk_bianche": 14,
            "sk_nulle": 6,
            "sk_contestate": 0,
            "voti_si": 415,
            "voti_no": 58,
            "perc_si": "87,74",
            "perc_no": "12,26",
            "dt_agg": 20250609173535
        },
        {
            "cod": 5,
            "desc": null,
            "sz_perv": 3,
            "vot_m": 234,
            "vot_f": 259,
            "vot_t": 493,
            "perc_vot": "25,88",
            "sk_bianche": 17,
            "sk_nulle": 2,
            "sk_contestate": 0,
            "voti_si": 289,
            "voti_no": 185,
            "perc_si": "60,97",
            "perc_no": "39,03",
            "dt_agg": 20250609173601
        }
    ]
}