{
    "int": {
        "st": "ESERCIZIO",
        "t_ele": "Referendum",
        "t_ref": "ABROGATIVO",
        "f_elet": "SCRUTINI",
        "dt_ele": 20250608000000,
        "l_terr": "COMUNE",
        "area": "I",
        "cod_com": 470,
        "desc_com": "LENTELLA",
        "cod_prov": 23,
        "desc_prov": "CHIETI",
        "cod_reg": 13,
        "desc_reg": "ABRUZZO",
        "ele_m": 248,
        "ele_f": 264,
        "ele_t": 512,
        "sz_tot": 1,
        "tipo_tras": "SZ"
    },
    "note": null,
    "scheda": [
        {
            "cod": 1,
            "desc": null,
            "sz_perv": 1,
            "vot_m": 111,
            "vot_f": 116,
            "vot_t": 227,
            "perc_vot": "44,34",
            "sk_bianche": 6,
            "sk_nulle": 1,
            "sk_contestate": 0,
            "voti_si": 204,
            "voti_no": 16,
            "perc_si": "92,73",
            "perc_no": "7,27",
            "dt_agg": 20250609184323
        },
        {
            "cod": 2,
            "desc": null,
            "sz_perv": 1,
            "vot_m": 111,
            "vot_f": 116,
            "vot_t": 227,
            "perc_vot": "44,34",
            "sk_bianche": 10,
            "sk_nulle": 1,
            "sk_contestate": 0,
            "voti_si": 202,
            "voti_no": 14,
            "perc_si": "93,52",
            "perc_no": "6,48",
            "dt_agg": 20250609184552
        },
        {
            "cod": 3,
            "desc": null,
            "sz_perv": 1,
            "vot_m": 111,
            "vot_f": 116,
            "vot_t": 227,
            "perc_vot": "44,34",
            "sk_bianche": 8,
            "sk_nulle": 1,
            "sk_contestate": 0,
            "voti_si": 201,
            "voti_no": 17,
            "perc_si": "92,20",
            "perc_no": "7,80",
            "dt_agg": 20250609184656
        },
        {
            "cod": 4,
            "desc": null,
            "sz_perv": 1,
            "vot_m": 111,
            "vot_f": 116,
            "vot_t": 227,
            "perc_vot": "44,34",
            "sk_bianche": 9,
            "sk_nulle": 1,
            "sk_contestate": 0,
            "voti_si": 197,
            "voti_no": 20,
            "perc_si": "90,78",
            "perc_no": "9,22",
            "dt_agg": 20250609184732
        },
        {
            "cod": 5,
            "desc": null,
            "sz_perv": 1,
            "vot_m": 110,
            "vot_f": 116,
            "vot_t": 226,
            "perc_vot": "44,14",
            "sk_bianche": 10,
            "sk_nulle": 2,
            "sk_contestate": 0,
            "voti_si": 141,
            "voti_no": 73,
            "perc_si": "65,89",
            "perc_no": "34,11",
            "dt_agg": 20250609184802
        }
    ]
}