{
    "int": {
        "st": "ESERCIZIO",
        "t_ele": "Referendum",
        "t_ref": "ABROGATIVO",
        "f_elet": "SCRUTINI",
        "dt_ele": 20250608000000,
        "l_terr": "COMUNE",
        "area": "I",
        "cod_com": 950,
        "desc_com": "TORRICELLA PELIGNA",
        "cod_prov": 23,
        "desc_prov": "CHIETI",
        "cod_reg": 13,
        "desc_reg": "ABRUZZO",
        "ele_m": 453,
        "ele_f": 463,
        "ele_t": 916,
        "sz_tot": 3,
        "tipo_tras": "SZ"
    },
    "note": null,
    "scheda": [
        {
            "cod": 1,
            "desc": null,
            "sz_perv": 3,
            "vot_m": 160,
            "vot_f": 169,
            "vot_t": 329,
            "perc_vot": "35,92",
            "sk_bianche": 6,
            "sk_nulle": 3,
            "sk_contestate": 0,
            "voti_si": 301,
            "voti_no": 19,
            "perc_si": "94,06",
            "perc_no": "5,94",
            "dt_agg": 20250609181945
        },
        {
            "cod": 2,
            "desc": null,
            "sz_perv": 3,
            "vot_m": 160,
            "vot_f": 169,
            "vot_t": 329,
            "perc_vot": "35,92",
            "sk_bianche": 7,
            "sk_nulle": 5,
            "sk_contestate": 0,
            "voti_si": 290,
            "voti_no": 27,
            "perc_si": "91,48",
            "perc_no": "8,52",
            "dt_agg": 20250609182011
        },
        {
            "cod": 3,
            "desc": null,
            "sz_perv": 3,
            "vot_m": 160,
            "vot_f": 169,
            "vot_t": 329,
            "perc_vot": "35,92",
            "sk_bianche": 8,
            "sk_nulle": 5,
            "sk_contestate": 0,
            "voti_si": 297,
            "voti_no": 19,
            "perc_si": "93,99",
            "perc_no": "6,01",
            "dt_agg": 20250609182038
        },
        {
            "cod": 4,
            "desc": null,
            "sz_perv": 3,
            "vot_m": 160,
            "vot_f": 169,
            "vot_t": 329,
            "perc_vot": "35,92",
            "sk_bianche": 4,
            "sk_nulle": 5,
            "sk_contestate": 0,
            "voti_si": 296,
            "voti_no": 24,
            "perc_si": "92,50",
            "perc_no": "7,50",
            "dt_agg": 20250609182105
        },
        {
            "cod": 5,
            "desc": null,
            "sz_perv": 3,
            "vot_m": 160,
            "vot_f": 169,
            "vot_t": 329,
            "perc_vot": "35,92",
            "sk_bianche": 6,
            "sk_nulle": 7,
            "sk_contestate": 0,
            "voti_si": 222,
            "voti_no": 94,
            "perc_si": "70,25",
            "perc_no": "29,75",
            "dt_agg": 20250609182137
        }
    ]
}