{
    "int": {
        "st": "ESERCIZIO",
        "t_ele": "Referendum",
        "t_ref": "ABROGATIVO",
        "f_elet": "SCRUTINI",
        "dt_ele": 20250608000000,
        "l_terr": "COMUNE",
        "area": "I",
        "cod_com": 310,
        "desc_com": "FARA SAN MARTINO",
        "cod_prov": 23,
        "desc_prov": "CHIETI",
        "cod_reg": 13,
        "desc_reg": "ABRUZZO",
        "ele_m": 539,
        "ele_f": 520,
        "ele_t": 1059,
        "sz_tot": 2,
        "tipo_tras": "SZ"
    },
    "note": null,
    "scheda": [
        {
            "cod": 1,
            "desc": null,
            "sz_perv": 2,
            "vot_m": 175,
            "vot_f": 161,
            "vot_t": 336,
            "perc_vot": "31,73",
            "sk_bianche": 3,
            "sk_nulle": 3,
            "sk_contestate": 0,
            "voti_si": 289,
            "voti_no": 41,
            "perc_si": "87,58",
            "perc_no": "12,42",
            "dt_agg": 20250609172311
        },
        {
            "cod": 2,
            "desc": null,
            "sz_perv": 2,
            "vot_m": 175,
            "vot_f": 161,
            "vot_t": 336,
            "perc_vot": "31,73",
            "sk_bianche": 7,
            "sk_nulle": 4,
            "sk_contestate": 0,
            "voti_si": 282,
            "voti_no": 43,
            "perc_si": "86,77",
            "perc_no": "13,23",
            "dt_agg": 20250609174925
        },
        {
            "cod": 3,
            "desc": null,
            "sz_perv": 2,
            "vot_m": 175,
            "vot_f": 161,
            "vot_t": 336,
            "perc_vot": "31,73",
            "sk_bianche": 8,
            "sk_nulle": 4,
            "sk_contestate": 0,
            "voti_si": 280,
            "voti_no": 44,
            "perc_si": "86,42",
            "perc_no": "13,58",
            "dt_agg": 20250609175100
        },
        {
            "cod": 4,
            "desc": null,
            "sz_perv": 2,
            "vot_m": 175,
            "vot_f": 161,
            "vot_t": 336,
            "perc_vot": "31,73",
            "sk_bianche": 9,
            "sk_nulle": 4,
            "sk_contestate": 0,
            "voti_si": 277,
            "voti_no": 46,
            "perc_si": "85,76",
            "perc_no": "14,24",
            "dt_agg": 20250609175305
        },
        {
            "cod": 5,
            "desc": null,
            "sz_perv": 2,
            "vot_m": 175,
            "vot_f": 161,
            "vot_t": 336,
            "perc_vot": "31,73",
            "sk_bianche": 6,
            "sk_nulle": 4,
            "sk_contestate": 0,
            "voti_si": 185,
            "voti_no": 141,
            "perc_si": "56,75",
            "perc_no": "43,25",
            "dt_agg": 20250609175501
        }
    ]
}