{
    "int": {
        "st": "ESERCIZIO",
        "t_ele": "Referendum",
        "t_ref": "ABROGATIVO",
        "f_elet": "SCRUTINI",
        "dt_ele": 20250608000000,
        "l_terr": "COMUNE",
        "area": "I",
        "cod_com": 651,
        "desc_com": "PIETRAFERRAZZANA",
        "cod_prov": 23,
        "desc_prov": "CHIETI",
        "cod_reg": 13,
        "desc_reg": "ABRUZZO",
        "ele_m": 58,
        "ele_f": 49,
        "ele_t": 107,
        "sz_tot": 1,
        "tipo_tras": "SZ"
    },
    "note": null,
    "scheda": [
        {
            "cod": 1,
            "desc": null,
            "sz_perv": 1,
            "vot_m": 26,
            "vot_f": 24,
            "vot_t": 50,
            "perc_vot": "46,73",
            "sk_bianche": 0,
            "sk_nulle": 1,
            "sk_contestate": 0,
            "voti_si": 43,
            "voti_no": 6,
            "perc_si": "87,76",
            "perc_no": "12,24",
            "dt_agg": 20250609154331
        },
        {
            "cod": 2,
            "desc": null,
            "sz_perv": 1,
            "vot_m": 26,
            "vot_f": 24,
            "vot_t": 50,
            "perc_vot": "46,73",
            "sk_bianche": 0,
            "sk_nulle": 1,
            "sk_contestate": 0,
            "voti_si": 39,
            "voti_no": 10,
            "perc_si": "79,59",
            "perc_no": "20,41",
            "dt_agg": 20250609154331
        },
        {
            "cod": 3,
            "desc": null,
            "sz_perv": 1,
            "vot_m": 26,
            "vot_f": 24,
            "vot_t": 50,
            "perc_vot": "46,73",
            "sk_bianche": 1,
            "sk_nulle": 1,
            "sk_contestate": 0,
            "voti_si": 41,
            "voti_no": 7,
            "perc_si": "85,42",
            "perc_no": "14,58",
            "dt_agg": 20250609154933
        },
        {
            "cod": 4,
            "desc": null,
            "sz_perv": 1,
            "vot_m": 26,
            "vot_f": 24,
            "vot_t": 50,
            "perc_vot": "46,73",
            "sk_bianche": 1,
            "sk_nulle": 1,
            "sk_contestate": 0,
            "voti_si": 43,
            "voti_no": 5,
            "perc_si": "89,58",
            "perc_no": "10,42",
            "dt_agg": 20250609155701
        },
        {
            "cod": 5,
            "desc": null,
            "sz_perv": 1,
            "vot_m": 26,
            "vot_f": 24,
            "vot_t": 50,
            "perc_vot": "46,73",
            "sk_bianche": 0,
            "sk_nulle": 1,
            "sk_contestate": 0,
            "voti_si": 21,
            "voti_no": 28,
            "perc_si": "42,86",
            "perc_no": "57,14",
            "dt_agg": 20250609160838
        }
    ]
}