{
    "int": {
        "st": "ESERCIZIO",
        "t_ele": "Referendum",
        "t_ref": "ABROGATIVO",
        "f_elet": "SCRUTINI",
        "dt_ele": 20250608000000,
        "l_terr": "COMUNE",
        "area": "I",
        "cod_com": 490,
        "desc_com": "LISCIA",
        "cod_prov": 23,
        "desc_prov": "CHIETI",
        "cod_reg": 13,
        "desc_reg": "ABRUZZO",
        "ele_m": 273,
        "ele_f": 263,
        "ele_t": 536,
        "sz_tot": 1,
        "tipo_tras": "SZ"
    },
    "note": null,
    "scheda": [
        {
            "cod": 1,
            "desc": null,
            "sz_perv": 1,
            "vot_m": 87,
            "vot_f": 78,
            "vot_t": 165,
            "perc_vot": "30,78",
            "sk_bianche": 5,
            "sk_nulle": 0,
            "sk_contestate": 0,
            "voti_si": 145,
            "voti_no": 15,
            "perc_si": "90,63",
            "perc_no": "9,38",
            "dt_agg": 20250609175953
        },
        {
            "cod": 2,
            "desc": null,
            "sz_perv": 1,
            "vot_m": 87,
            "vot_f": 78,
            "vot_t": 165,
            "perc_vot": "30,78",
            "sk_bianche": 6,
            "sk_nulle": 1,
            "sk_contestate": 0,
            "voti_si": 146,
            "voti_no": 12,
            "perc_si": "92,41",
            "perc_no": "7,59",
            "dt_agg": 20250609180220
        },
        {
            "cod": 3,
            "desc": null,
            "sz_perv": 1,
            "vot_m": 87,
            "vot_f": 78,
            "vot_t": 165,
            "perc_vot": "30,78",
            "sk_bianche": 6,
            "sk_nulle": 0,
            "sk_contestate": 0,
            "voti_si": 145,
            "voti_no": 14,
            "perc_si": "91,19",
            "perc_no": "8,81",
            "dt_agg": 20250609180309
        },
        {
            "cod": 4,
            "desc": null,
            "sz_perv": 1,
            "vot_m": 87,
            "vot_f": 78,
            "vot_t": 165,
            "perc_vot": "30,78",
            "sk_bianche": 4,
            "sk_nulle": 1,
            "sk_contestate": 0,
            "voti_si": 146,
            "voti_no": 14,
            "perc_si": "91,25",
            "perc_no": "8,75",
            "dt_agg": 20250609180340
        },
        {
            "cod": 5,
            "desc": null,
            "sz_perv": 1,
            "vot_m": 86,
            "vot_f": 78,
            "vot_t": 164,
            "perc_vot": "30,60",
            "sk_bianche": 6,
            "sk_nulle": 1,
            "sk_contestate": 0,
            "voti_si": 80,
            "voti_no": 77,
            "perc_si": "50,96",
            "perc_no": "49,04",
            "dt_agg": 20250609180539
        }
    ]
}