{
    "int": {
        "st": "ESERCIZIO",
        "t_ele": "Referendum",
        "t_ref": "ABROGATIVO",
        "f_elet": "SCRUTINI",
        "dt_ele": 20250608000000,
        "l_terr": "COMUNE",
        "area": "I",
        "cod_com": 810,
        "desc_com": "SAN GIOVANNI TEATINO",
        "cod_prov": 23,
        "desc_prov": "CHIETI",
        "cod_reg": 13,
        "desc_reg": "ABRUZZO",
        "ele_m": 5608,
        "ele_f": 5933,
        "ele_t": 11541,
        "sz_tot": 11,
        "tipo_tras": "SZ"
    },
    "note": null,
    "scheda": [
        {
            "cod": 1,
            "desc": null,
            "sz_perv": 11,
            "vot_m": 1588,
            "vot_f": 1795,
            "vot_t": 3383,
            "perc_vot": "29,31",
            "sk_bianche": 50,
            "sk_nulle": 24,
            "sk_contestate": 0,
            "voti_si": 3006,
            "voti_no": 303,
            "perc_si": "90,84",
            "perc_no": "9,16",
            "dt_agg": 20250609190425
        },
        {
            "cod": 2,
            "desc": null,
            "sz_perv": 11,
            "vot_m": 1587,
            "vot_f": 1795,
            "vot_t": 3382,
            "perc_vot": "29,30",
            "sk_bianche": 48,
            "sk_nulle": 18,
            "sk_contestate": 0,
            "voti_si": 2968,
            "voti_no": 348,
            "perc_si": "89,51",
            "perc_no": "10,49",
            "dt_agg": 20250609190432
        },
        {
            "cod": 3,
            "desc": null,
            "sz_perv": 11,
            "vot_m": 1587,
            "vot_f": 1795,
            "vot_t": 3382,
            "perc_vot": "29,30",
            "sk_bianche": 52,
            "sk_nulle": 20,
            "sk_contestate": 0,
            "voti_si": 3015,
            "voti_no": 295,
            "perc_si": "91,09",
            "perc_no": "8,91",
            "dt_agg": 20250609190456
        },
        {
            "cod": 4,
            "desc": null,
            "sz_perv": 11,
            "vot_m": 1587,
            "vot_f": 1795,
            "vot_t": 3382,
            "perc_vot": "29,30",
            "sk_bianche": 50,
            "sk_nulle": 23,
            "sk_contestate": 0,
            "voti_si": 2940,
            "voti_no": 369,
            "perc_si": "88,85",
            "perc_no": "11,15",
            "dt_agg": 20250609190516
        },
        {
            "cod": 5,
            "desc": null,
            "sz_perv": 11,
            "vot_m": 1588,
            "vot_f": 1795,
            "vot_t": 3383,
            "perc_vot": "29,31",
            "sk_bianche": 47,
            "sk_nulle": 21,
            "sk_contestate": 0,
            "voti_si": 2029,
            "voti_no": 1286,
            "perc_si": "61,21",
            "perc_no": "38,79",
            "dt_agg": 20250609190537
        }
    ]
}