{
    "int": {
        "st": "ESERCIZIO",
        "t_ele": "Referendum",
        "t_ref": "ABROGATIVO",
        "f_elet": "SCRUTINI",
        "dt_ele": 20250608000000,
        "l_terr": "COMUNE",
        "area": "I",
        "cod_com": 220,
        "desc_com": "CHIETI",
        "cod_prov": 23,
        "desc_prov": "CHIETI",
        "cod_reg": 13,
        "desc_reg": "ABRUZZO",
        "ele_m": 18975,
        "ele_f": 20988,
        "ele_t": 39963,
        "sz_tot": 54,
        "tipo_tras": "SZ"
    },
    "note": null,
    "scheda": [
        {
            "cod": 1,
            "desc": null,
            "sz_perv": 54,
            "vot_m": 5467,
            "vot_f": 6487,
            "vot_t": 11954,
            "perc_vot": "29,91",
            "sk_bianche": 154,
            "sk_nulle": 75,
            "sk_contestate": 0,
            "voti_si": 10534,
            "voti_no": 1191,
            "perc_si": "89,84",
            "perc_no": "10,16",
            "dt_agg": 20250609194106
        },
        {
            "cod": 2,
            "desc": null,
            "sz_perv": 54,
            "vot_m": 5465,
            "vot_f": 6486,
            "vot_t": 11951,
            "perc_vot": "29,91",
            "sk_bianche": 178,
            "sk_nulle": 76,
            "sk_contestate": 0,
            "voti_si": 10474,
            "voti_no": 1223,
            "perc_si": "89,54",
            "perc_no": "10,46",
            "dt_agg": 20250609194106
        },
        {
            "cod": 3,
            "desc": null,
            "sz_perv": 54,
            "vot_m": 5466,
            "vot_f": 6489,
            "vot_t": 11955,
            "perc_vot": "29,92",
            "sk_bianche": 172,
            "sk_nulle": 88,
            "sk_contestate": 0,
            "voti_si": 10613,
            "voti_no": 1082,
            "perc_si": "90,75",
            "perc_no": "9,25",
            "dt_agg": 20250609193931
        },
        {
            "cod": 4,
            "desc": null,
            "sz_perv": 54,
            "vot_m": 5465,
            "vot_f": 6492,
            "vot_t": 11957,
            "perc_vot": "29,92",
            "sk_bianche": 174,
            "sk_nulle": 85,
            "sk_contestate": 0,
            "voti_si": 10346,
            "voti_no": 1352,
            "perc_si": "88,44",
            "perc_no": "11,56",
            "dt_agg": 20250609193939
        },
        {
            "cod": 5,
            "desc": null,
            "sz_perv": 54,
            "vot_m": 5449,
            "vot_f": 6484,
            "vot_t": 11933,
            "perc_vot": "29,86",
            "sk_bianche": 155,
            "sk_nulle": 78,
            "sk_contestate": 5,
            "voti_si": 7687,
            "voti_no": 4008,
            "perc_si": "65,73",
            "perc_no": "34,27",
            "dt_agg": 20250609193940
        }
    ]
}