{
    "int": {
        "st": "ESERCIZIO",
        "t_ele": "Referendum",
        "t_ref": "ABROGATIVO",
        "f_elet": "SCRUTINI",
        "dt_ele": 20250608000000,
        "l_terr": "COMUNE",
        "area": "I",
        "cod_com": 440,
        "desc_com": "GUILMI",
        "cod_prov": 23,
        "desc_prov": "CHIETI",
        "cod_reg": 13,
        "desc_reg": "ABRUZZO",
        "ele_m": 167,
        "ele_f": 176,
        "ele_t": 343,
        "sz_tot": 1,
        "tipo_tras": "SZ"
    },
    "note": null,
    "scheda": [
        {
            "cod": 1,
            "desc": null,
            "sz_perv": 1,
            "vot_m": 52,
            "vot_f": 63,
            "vot_t": 115,
            "perc_vot": "33,53",
            "sk_bianche": 2,
            "sk_nulle": 5,
            "sk_contestate": 0,
            "voti_si": 96,
            "voti_no": 12,
            "perc_si": "88,89",
            "perc_no": "11,11",
            "dt_agg": 20250609154331
        },
        {
            "cod": 2,
            "desc": null,
            "sz_perv": 1,
            "vot_m": 52,
            "vot_f": 63,
            "vot_t": 115,
            "perc_vot": "33,53",
            "sk_bianche": 1,
            "sk_nulle": 3,
            "sk_contestate": 0,
            "voti_si": 96,
            "voti_no": 15,
            "perc_si": "86,49",
            "perc_no": "13,51",
            "dt_agg": 20250609155109
        },
        {
            "cod": 3,
            "desc": null,
            "sz_perv": 1,
            "vot_m": 52,
            "vot_f": 63,
            "vot_t": 115,
            "perc_vot": "33,53",
            "sk_bianche": 1,
            "sk_nulle": 3,
            "sk_contestate": 0,
            "voti_si": 97,
            "voti_no": 14,
            "perc_si": "87,39",
            "perc_no": "12,61",
            "dt_agg": 20250609160300
        },
        {
            "cod": 4,
            "desc": null,
            "sz_perv": 1,
            "vot_m": 52,
            "vot_f": 63,
            "vot_t": 115,
            "perc_vot": "33,53",
            "sk_bianche": 2,
            "sk_nulle": 3,
            "sk_contestate": 0,
            "voti_si": 92,
            "voti_no": 18,
            "perc_si": "83,64",
            "perc_no": "16,36",
            "dt_agg": 20250609161105
        },
        {
            "cod": 5,
            "desc": null,
            "sz_perv": 1,
            "vot_m": 49,
            "vot_f": 62,
            "vot_t": 111,
            "perc_vot": "32,36",
            "sk_bianche": 4,
            "sk_nulle": 3,
            "sk_contestate": 0,
            "voti_si": 38,
            "voti_no": 66,
            "perc_si": "36,54",
            "perc_no": "63,46",
            "dt_agg": 20250609162545
        }
    ]
}