{
    "int": {
        "st": "ESERCIZIO",
        "t_ele": "Referendum",
        "t_ref": "ABROGATIVO",
        "f_elet": "SCRUTINI",
        "dt_ele": 20250608000000,
        "l_terr": "COMUNE",
        "area": "I",
        "cod_com": 900,
        "desc_com": "TOLLO",
        "cod_prov": 23,
        "desc_prov": "CHIETI",
        "cod_reg": 13,
        "desc_reg": "ABRUZZO",
        "ele_m": 1551,
        "ele_f": 1613,
        "ele_t": 3164,
        "sz_tot": 4,
        "tipo_tras": "SZ"
    },
    "note": null,
    "scheda": [
        {
            "cod": 1,
            "desc": null,
            "sz_perv": 4,
            "vot_m": 453,
            "vot_f": 480,
            "vot_t": 933,
            "perc_vot": "29,49",
            "sk_bianche": 21,
            "sk_nulle": 13,
            "sk_contestate": 0,
            "voti_si": 818,
            "voti_no": 81,
            "perc_si": "90,99",
            "perc_no": "9,01",
            "dt_agg": 20250609190731
        },
        {
            "cod": 2,
            "desc": null,
            "sz_perv": 4,
            "vot_m": 453,
            "vot_f": 480,
            "vot_t": 933,
            "perc_vot": "29,49",
            "sk_bianche": 25,
            "sk_nulle": 14,
            "sk_contestate": 0,
            "voti_si": 795,
            "voti_no": 99,
            "perc_si": "88,93",
            "perc_no": "11,07",
            "dt_agg": 20250609191214
        },
        {
            "cod": 3,
            "desc": null,
            "sz_perv": 4,
            "vot_m": 454,
            "vot_f": 480,
            "vot_t": 934,
            "perc_vot": "29,52",
            "sk_bianche": 27,
            "sk_nulle": 12,
            "sk_contestate": 0,
            "voti_si": 808,
            "voti_no": 87,
            "perc_si": "90,28",
            "perc_no": "9,72",
            "dt_agg": 20250609191505
        },
        {
            "cod": 4,
            "desc": null,
            "sz_perv": 4,
            "vot_m": 453,
            "vot_f": 480,
            "vot_t": 933,
            "perc_vot": "29,49",
            "sk_bianche": 24,
            "sk_nulle": 12,
            "sk_contestate": 0,
            "voti_si": 806,
            "voti_no": 91,
            "perc_si": "89,86",
            "perc_no": "10,14",
            "dt_agg": 20250609191707
        },
        {
            "cod": 5,
            "desc": null,
            "sz_perv": 4,
            "vot_m": 452,
            "vot_f": 480,
            "vot_t": 932,
            "perc_vot": "29,46",
            "sk_bianche": 25,
            "sk_nulle": 13,
            "sk_contestate": 0,
            "voti_si": 571,
            "voti_no": 323,
            "perc_si": "63,87",
            "perc_no": "36,13",
            "dt_agg": 20250609191933
        }
    ]
}