{
    "int": {
        "st": "ESERCIZIO",
        "t_ele": "Referendum",
        "t_ref": "ABROGATIVO",
        "f_elet": "SCRUTINI",
        "dt_ele": 20250608000000,
        "l_terr": "COMUNE",
        "area": "I",
        "cod_com": 820,
        "desc_com": "SAN MARTINO SULLA MARRUCINA",
        "cod_prov": 23,
        "desc_prov": "CHIETI",
        "cod_reg": 13,
        "desc_reg": "ABRUZZO",
        "ele_m": 339,
        "ele_f": 357,
        "ele_t": 696,
        "sz_tot": 1,
        "tipo_tras": "SZ"
    },
    "note": null,
    "scheda": [
        {
            "cod": 1,
            "desc": null,
            "sz_perv": 1,
            "vot_m": 106,
            "vot_f": 118,
            "vot_t": 224,
            "perc_vot": "32,18",
            "sk_bianche": 1,
            "sk_nulle": 5,
            "sk_contestate": 0,
            "voti_si": 189,
            "voti_no": 29,
            "perc_si": "86,70",
            "perc_no": "13,30",
            "dt_agg": 20250609174546
        },
        {
            "cod": 2,
            "desc": null,
            "sz_perv": 1,
            "vot_m": 106,
            "vot_f": 118,
            "vot_t": 224,
            "perc_vot": "32,18",
            "sk_bianche": 4,
            "sk_nulle": 6,
            "sk_contestate": 0,
            "voti_si": 183,
            "voti_no": 31,
            "perc_si": "85,51",
            "perc_no": "14,49",
            "dt_agg": 20250609174925
        },
        {
            "cod": 3,
            "desc": null,
            "sz_perv": 1,
            "vot_m": 106,
            "vot_f": 118,
            "vot_t": 224,
            "perc_vot": "32,18",
            "sk_bianche": 4,
            "sk_nulle": 4,
            "sk_contestate": 0,
            "voti_si": 188,
            "voti_no": 28,
            "perc_si": "87,04",
            "perc_no": "12,96",
            "dt_agg": 20250609175021
        },
        {
            "cod": 4,
            "desc": null,
            "sz_perv": 1,
            "vot_m": 106,
            "vot_f": 118,
            "vot_t": 224,
            "perc_vot": "32,18",
            "sk_bianche": 2,
            "sk_nulle": 2,
            "sk_contestate": 0,
            "voti_si": 184,
            "voti_no": 36,
            "perc_si": "83,64",
            "perc_no": "16,36",
            "dt_agg": 20250609175313
        },
        {
            "cod": 5,
            "desc": null,
            "sz_perv": 1,
            "vot_m": 105,
            "vot_f": 117,
            "vot_t": 222,
            "perc_vot": "31,90",
            "sk_bianche": 4,
            "sk_nulle": 2,
            "sk_contestate": 0,
            "voti_si": 134,
            "voti_no": 82,
            "perc_si": "62,04",
            "perc_no": "37,96",
            "dt_agg": 20250609175501
        }
    ]
}