{
    "int": {
        "st": "ESERCIZIO",
        "t_ele": "Referendum",
        "t_ref": "ABROGATIVO",
        "f_elet": "SCRUTINI",
        "dt_ele": 20250608000000,
        "l_terr": "COMUNE",
        "area": "I",
        "cod_com": 511,
        "desc_com": "MONTEBELLO SUL SANGRO",
        "cod_prov": 23,
        "desc_prov": "CHIETI",
        "cod_reg": 13,
        "desc_reg": "ABRUZZO",
        "ele_m": 32,
        "ele_f": 34,
        "ele_t": 66,
        "sz_tot": 1,
        "tipo_tras": "SZ"
    },
    "note": null,
    "scheda": [
        {
            "cod": 1,
            "desc": null,
            "sz_perv": 1,
            "vot_m": 9,
            "vot_f": 16,
            "vot_t": 25,
            "perc_vot": "37,88",
            "sk_bianche": 1,
            "sk_nulle": 0,
            "sk_contestate": 0,
            "voti_si": 23,
            "voti_no": 1,
            "perc_si": "95,83",
            "perc_no": "4,17",
            "dt_agg": 20250609161832
        },
        {
            "cod": 2,
            "desc": null,
            "sz_perv": 1,
            "vot_m": 9,
            "vot_f": 16,
            "vot_t": 25,
            "perc_vot": "37,88",
            "sk_bianche": 0,
            "sk_nulle": 0,
            "sk_contestate": 0,
            "voti_si": 22,
            "voti_no": 3,
            "perc_si": "88,00",
            "perc_no": "12,00",
            "dt_agg": 20250609162159
        },
        {
            "cod": 3,
            "desc": null,
            "sz_perv": 1,
            "vot_m": 9,
            "vot_f": 16,
            "vot_t": 25,
            "perc_vot": "37,88",
            "sk_bianche": 1,
            "sk_nulle": 0,
            "sk_contestate": 0,
            "voti_si": 23,
            "voti_no": 1,
            "perc_si": "95,83",
            "perc_no": "4,17",
            "dt_agg": 20250609162159
        },
        {
            "cod": 4,
            "desc": null,
            "sz_perv": 1,
            "vot_m": 9,
            "vot_f": 16,
            "vot_t": 25,
            "perc_vot": "37,88",
            "sk_bianche": 1,
            "sk_nulle": 0,
            "sk_contestate": 0,
            "voti_si": 23,
            "voti_no": 1,
            "perc_si": "95,83",
            "perc_no": "4,17",
            "dt_agg": 20250609162200
        },
        {
            "cod": 5,
            "desc": null,
            "sz_perv": 1,
            "vot_m": 9,
            "vot_f": 15,
            "vot_t": 24,
            "perc_vot": "36,36",
            "sk_bianche": 2,
            "sk_nulle": 0,
            "sk_contestate": 0,
            "voti_si": 11,
            "voti_no": 11,
            "perc_si": "50,00",
            "perc_no": "50,00",
            "dt_agg": 20250609162215
        }
    ]
}