{
    "int": {
        "st": "ESERCIZIO",
        "t_ele": "Referendum",
        "t_ref": "ABROGATIVO",
        "f_elet": "SCRUTINI",
        "dt_ele": 20250608000000,
        "l_terr": "COMUNE",
        "area": "I",
        "cod_com": 770,
        "desc_com": "ROIO DEL SANGRO",
        "cod_prov": 23,
        "desc_prov": "CHIETI",
        "cod_reg": 13,
        "desc_reg": "ABRUZZO",
        "ele_m": 45,
        "ele_f": 40,
        "ele_t": 85,
        "sz_tot": 1,
        "tipo_tras": "SZ"
    },
    "note": null,
    "scheda": [
        {
            "cod": 1,
            "desc": null,
            "sz_perv": 1,
            "vot_m": 18,
            "vot_f": 11,
            "vot_t": 29,
            "perc_vot": "34,12",
            "sk_bianche": 3,
            "sk_nulle": 0,
            "sk_contestate": 0,
            "voti_si": 22,
            "voti_no": 4,
            "perc_si": "84,62",
            "perc_no": "15,38",
            "dt_agg": 20250609155217
        },
        {
            "cod": 2,
            "desc": null,
            "sz_perv": 1,
            "vot_m": 18,
            "vot_f": 11,
            "vot_t": 29,
            "perc_vot": "34,12",
            "sk_bianche": 3,
            "sk_nulle": 0,
            "sk_contestate": 0,
            "voti_si": 23,
            "voti_no": 3,
            "perc_si": "88,46",
            "perc_no": "11,54",
            "dt_agg": 20250609160838
        },
        {
            "cod": 3,
            "desc": null,
            "sz_perv": 1,
            "vot_m": 18,
            "vot_f": 11,
            "vot_t": 29,
            "perc_vot": "34,12",
            "sk_bianche": 2,
            "sk_nulle": 0,
            "sk_contestate": 0,
            "voti_si": 25,
            "voti_no": 2,
            "perc_si": "92,59",
            "perc_no": "7,41",
            "dt_agg": 20250609161419
        },
        {
            "cod": 4,
            "desc": null,
            "sz_perv": 1,
            "vot_m": 18,
            "vot_f": 11,
            "vot_t": 29,
            "perc_vot": "34,12",
            "sk_bianche": 4,
            "sk_nulle": 0,
            "sk_contestate": 0,
            "voti_si": 22,
            "voti_no": 3,
            "perc_si": "88,00",
            "perc_no": "12,00",
            "dt_agg": 20250609162504
        },
        {
            "cod": 5,
            "desc": null,
            "sz_perv": 1,
            "vot_m": 18,
            "vot_f": 11,
            "vot_t": 29,
            "perc_vot": "34,12",
            "sk_bianche": 4,
            "sk_nulle": 0,
            "sk_contestate": 0,
            "voti_si": 17,
            "voti_no": 8,
            "perc_si": "68,00",
            "perc_no": "32,00",
            "dt_agg": 20250609163505
        }
    ]
}