{
    "int": {
        "st": "ESERCIZIO",
        "t_ele": "Referendum",
        "t_ref": "ABROGATIVO",
        "f_elet": "SCRUTINI",
        "dt_ele": 20250608000000,
        "l_terr": "COMUNE",
        "area": "I",
        "cod_com": 530,
        "desc_com": "MONTELAPIANO",
        "cod_prov": 23,
        "desc_prov": "CHIETI",
        "cod_reg": 13,
        "desc_reg": "ABRUZZO",
        "ele_m": 31,
        "ele_f": 28,
        "ele_t": 59,
        "sz_tot": 1,
        "tipo_tras": "SZ"
    },
    "note": null,
    "scheda": [
        {
            "cod": 1,
            "desc": null,
            "sz_perv": 1,
            "vot_m": 7,
            "vot_f": 3,
            "vot_t": 10,
            "perc_vot": "16,95",
            "sk_bianche": 1,
            "sk_nulle": 0,
            "sk_contestate": 0,
            "voti_si": 6,
            "voti_no": 3,
            "perc_si": "66,67",
            "perc_no": "33,33",
            "dt_agg": 20250609154331
        },
        {
            "cod": 2,
            "desc": null,
            "sz_perv": 1,
            "vot_m": 7,
            "vot_f": 3,
            "vot_t": 10,
            "perc_vot": "16,95",
            "sk_bianche": 2,
            "sk_nulle": 0,
            "sk_contestate": 0,
            "voti_si": 6,
            "voti_no": 2,
            "perc_si": "75,00",
            "perc_no": "25,00",
            "dt_agg": 20250609154331
        },
        {
            "cod": 3,
            "desc": null,
            "sz_perv": 1,
            "vot_m": 7,
            "vot_f": 3,
            "vot_t": 10,
            "perc_vot": "16,95",
            "sk_bianche": 3,
            "sk_nulle": 0,
            "sk_contestate": 0,
            "voti_si": 5,
            "voti_no": 2,
            "perc_si": "71,43",
            "perc_no": "28,57",
            "dt_agg": 20250609154331
        },
        {
            "cod": 4,
            "desc": null,
            "sz_perv": 1,
            "vot_m": 7,
            "vot_f": 3,
            "vot_t": 10,
            "perc_vot": "16,95",
            "sk_bianche": 1,
            "sk_nulle": 0,
            "sk_contestate": 0,
            "voti_si": 6,
            "voti_no": 3,
            "perc_si": "66,67",
            "perc_no": "33,33",
            "dt_agg": 20250609154331
        },
        {
            "cod": 5,
            "desc": null,
            "sz_perv": 1,
            "vot_m": 7,
            "vot_f": 3,
            "vot_t": 10,
            "perc_vot": "16,95",
            "sk_bianche": 2,
            "sk_nulle": 0,
            "sk_contestate": 0,
            "voti_si": 6,
            "voti_no": 2,
            "perc_si": "75,00",
            "perc_no": "25,00",
            "dt_agg": 20250609154331
        }
    ]
}