{
    "int": {
        "st": "ESERCIZIO",
        "t_ele": "Referendum",
        "t_ref": "ABROGATIVO",
        "f_elet": "SCRUTINI",
        "dt_ele": 20250608000000,
        "l_terr": "COMUNE",
        "area": "I",
        "cod_com": 600,
        "desc_com": "PALENA",
        "cod_prov": 23,
        "desc_prov": "CHIETI",
        "cod_reg": 13,
        "desc_reg": "ABRUZZO",
        "ele_m": 524,
        "ele_f": 495,
        "ele_t": 1019,
        "sz_tot": 2,
        "tipo_tras": "SZ"
    },
    "note": null,
    "scheda": [
        {
            "cod": 1,
            "desc": null,
            "sz_perv": 2,
            "vot_m": 194,
            "vot_f": 199,
            "vot_t": 393,
            "perc_vot": "38,57",
            "sk_bianche": 8,
            "sk_nulle": 3,
            "sk_contestate": 0,
            "voti_si": 349,
            "voti_no": 33,
            "perc_si": "91,36",
            "perc_no": "8,64",
            "dt_agg": 20250609184250
        },
        {
            "cod": 2,
            "desc": null,
            "sz_perv": 2,
            "vot_m": 194,
            "vot_f": 199,
            "vot_t": 393,
            "perc_vot": "38,57",
            "sk_bianche": 10,
            "sk_nulle": 3,
            "sk_contestate": 0,
            "voti_si": 340,
            "voti_no": 40,
            "perc_si": "89,47",
            "perc_no": "10,53",
            "dt_agg": 20250609184320
        },
        {
            "cod": 3,
            "desc": null,
            "sz_perv": 2,
            "vot_m": 194,
            "vot_f": 199,
            "vot_t": 393,
            "perc_vot": "38,57",
            "sk_bianche": 14,
            "sk_nulle": 2,
            "sk_contestate": 0,
            "voti_si": 341,
            "voti_no": 36,
            "perc_si": "90,45",
            "perc_no": "9,55",
            "dt_agg": 20250609184350
        },
        {
            "cod": 4,
            "desc": null,
            "sz_perv": 2,
            "vot_m": 195,
            "vot_f": 199,
            "vot_t": 394,
            "perc_vot": "38,67",
            "sk_bianche": 9,
            "sk_nulle": 2,
            "sk_contestate": 0,
            "voti_si": 341,
            "voti_no": 42,
            "perc_si": "89,03",
            "perc_no": "10,97",
            "dt_agg": 20250609184442
        },
        {
            "cod": 5,
            "desc": null,
            "sz_perv": 2,
            "vot_m": 195,
            "vot_f": 198,
            "vot_t": 393,
            "perc_vot": "38,57",
            "sk_bianche": 12,
            "sk_nulle": 4,
            "sk_contestate": 0,
            "voti_si": 210,
            "voti_no": 167,
            "perc_si": "55,70",
            "perc_no": "44,30",
            "dt_agg": 20250609184500
        }
    ]
}