{
    "int": {
        "st": "ESERCIZIO",
        "t_ele": "Referendum",
        "t_ref": "ABROGATIVO",
        "f_elet": "SCRUTINI",
        "dt_ele": 20250608000000,
        "l_terr": "COMUNE",
        "area": "I",
        "cod_com": 790,
        "desc_com": "SAN BUONO",
        "cod_prov": 23,
        "desc_prov": "CHIETI",
        "cod_reg": 13,
        "desc_reg": "ABRUZZO",
        "ele_m": 371,
        "ele_f": 355,
        "ele_t": 726,
        "sz_tot": 2,
        "tipo_tras": "SZ"
    },
    "note": null,
    "scheda": [
        {
            "cod": 1,
            "desc": null,
            "sz_perv": 2,
            "vot_m": 119,
            "vot_f": 114,
            "vot_t": 233,
            "perc_vot": "32,09",
            "sk_bianche": 2,
            "sk_nulle": 8,
            "sk_contestate": 0,
            "voti_si": 198,
            "voti_no": 25,
            "perc_si": "88,79",
            "perc_no": "11,21",
            "dt_agg": 20250609185647
        },
        {
            "cod": 2,
            "desc": null,
            "sz_perv": 2,
            "vot_m": 119,
            "vot_f": 114,
            "vot_t": 233,
            "perc_vot": "32,09",
            "sk_bianche": 5,
            "sk_nulle": 8,
            "sk_contestate": 0,
            "voti_si": 199,
            "voti_no": 21,
            "perc_si": "90,45",
            "perc_no": "9,55",
            "dt_agg": 20250609185757
        },
        {
            "cod": 3,
            "desc": null,
            "sz_perv": 2,
            "vot_m": 119,
            "vot_f": 114,
            "vot_t": 233,
            "perc_vot": "32,09",
            "sk_bianche": 2,
            "sk_nulle": 8,
            "sk_contestate": 0,
            "voti_si": 201,
            "voti_no": 22,
            "perc_si": "90,13",
            "perc_no": "9,87",
            "dt_agg": 20250609185847
        },
        {
            "cod": 4,
            "desc": null,
            "sz_perv": 2,
            "vot_m": 119,
            "vot_f": 114,
            "vot_t": 233,
            "perc_vot": "32,09",
            "sk_bianche": 4,
            "sk_nulle": 7,
            "sk_contestate": 0,
            "voti_si": 199,
            "voti_no": 23,
            "perc_si": "89,64",
            "perc_no": "10,36",
            "dt_agg": 20250609190103
        },
        {
            "cod": 5,
            "desc": null,
            "sz_perv": 2,
            "vot_m": 119,
            "vot_f": 114,
            "vot_t": 233,
            "perc_vot": "32,09",
            "sk_bianche": 5,
            "sk_nulle": 8,
            "sk_contestate": 0,
            "voti_si": 137,
            "voti_no": 83,
            "perc_si": "62,27",
            "perc_no": "37,73",
            "dt_agg": 20250609190228
        }
    ]
}