{
    "int": {
        "st": "ESERCIZIO",
        "t_ele": "Referendum",
        "t_ref": "ABROGATIVO",
        "f_elet": "SCRUTINI",
        "dt_ele": 20250608000000,
        "l_terr": "COMUNE",
        "area": "I",
        "cod_com": 690,
        "desc_com": "PRETORO",
        "cod_prov": 23,
        "desc_prov": "CHIETI",
        "cod_reg": 13,
        "desc_reg": "ABRUZZO",
        "ele_m": 358,
        "ele_f": 381,
        "ele_t": 739,
        "sz_tot": 1,
        "tipo_tras": "SZ"
    },
    "note": null,
    "scheda": [
        {
            "cod": 1,
            "desc": null,
            "sz_perv": 1,
            "vot_m": 71,
            "vot_f": 88,
            "vot_t": 159,
            "perc_vot": "21,52",
            "sk_bianche": 6,
            "sk_nulle": 1,
            "sk_contestate": 0,
            "voti_si": 131,
            "voti_no": 21,
            "perc_si": "86,18",
            "perc_no": "13,82",
            "dt_agg": 20250609164501
        },
        {
            "cod": 2,
            "desc": null,
            "sz_perv": 1,
            "vot_m": 71,
            "vot_f": 88,
            "vot_t": 159,
            "perc_vot": "21,52",
            "sk_bianche": 5,
            "sk_nulle": 1,
            "sk_contestate": 0,
            "voti_si": 129,
            "voti_no": 24,
            "perc_si": "84,31",
            "perc_no": "15,69",
            "dt_agg": 20250609170903
        },
        {
            "cod": 3,
            "desc": null,
            "sz_perv": 1,
            "vot_m": 71,
            "vot_f": 88,
            "vot_t": 159,
            "perc_vot": "21,52",
            "sk_bianche": 6,
            "sk_nulle": 2,
            "sk_contestate": 0,
            "voti_si": 128,
            "voti_no": 23,
            "perc_si": "84,77",
            "perc_no": "15,23",
            "dt_agg": 20250609172735
        },
        {
            "cod": 4,
            "desc": null,
            "sz_perv": 1,
            "vot_m": 71,
            "vot_f": 88,
            "vot_t": 159,
            "perc_vot": "21,52",
            "sk_bianche": 5,
            "sk_nulle": 2,
            "sk_contestate": 0,
            "voti_si": 125,
            "voti_no": 27,
            "perc_si": "82,24",
            "perc_no": "17,76",
            "dt_agg": 20250609175309
        },
        {
            "cod": 5,
            "desc": null,
            "sz_perv": 1,
            "vot_m": 71,
            "vot_f": 88,
            "vot_t": 159,
            "perc_vot": "21,52",
            "sk_bianche": 3,
            "sk_nulle": 2,
            "sk_contestate": 0,
            "voti_si": 94,
            "voti_no": 60,
            "perc_si": "61,04",
            "perc_no": "38,96",
            "dt_agg": 20250609181404
        }
    ]
}