{
    "int": {
        "st": "ESERCIZIO",
        "t_ele": "Referendum",
        "t_ref": "ABROGATIVO",
        "f_elet": "SCRUTINI",
        "dt_ele": 20250608000000,
        "l_terr": "COMUNE",
        "area": "I",
        "cod_com": 60,
        "desc_com": "BOMBA",
        "cod_prov": 23,
        "desc_prov": "CHIETI",
        "cod_reg": 13,
        "desc_reg": "ABRUZZO",
        "ele_m": 310,
        "ele_f": 287,
        "ele_t": 597,
        "sz_tot": 2,
        "tipo_tras": "SZ"
    },
    "note": null,
    "scheda": [
        {
            "cod": 1,
            "desc": null,
            "sz_perv": 2,
            "vot_m": 125,
            "vot_f": 117,
            "vot_t": 242,
            "perc_vot": "40,54",
            "sk_bianche": 5,
            "sk_nulle": 0,
            "sk_contestate": 0,
            "voti_si": 211,
            "voti_no": 26,
            "perc_si": "89,03",
            "perc_no": "10,97",
            "dt_agg": 20250609173929
        },
        {
            "cod": 2,
            "desc": null,
            "sz_perv": 2,
            "vot_m": 125,
            "vot_f": 117,
            "vot_t": 242,
            "perc_vot": "40,54",
            "sk_bianche": 7,
            "sk_nulle": 0,
            "sk_contestate": 0,
            "voti_si": 207,
            "voti_no": 28,
            "perc_si": "88,09",
            "perc_no": "11,91",
            "dt_agg": 20250609174134
        },
        {
            "cod": 3,
            "desc": null,
            "sz_perv": 2,
            "vot_m": 125,
            "vot_f": 117,
            "vot_t": 242,
            "perc_vot": "40,54",
            "sk_bianche": 8,
            "sk_nulle": 0,
            "sk_contestate": 0,
            "voti_si": 208,
            "voti_no": 26,
            "perc_si": "88,89",
            "perc_no": "11,11",
            "dt_agg": 20250609174309
        },
        {
            "cod": 4,
            "desc": null,
            "sz_perv": 2,
            "vot_m": 125,
            "vot_f": 117,
            "vot_t": 242,
            "perc_vot": "40,54",
            "sk_bianche": 9,
            "sk_nulle": 0,
            "sk_contestate": 0,
            "voti_si": 204,
            "voti_no": 29,
            "perc_si": "87,55",
            "perc_no": "12,45",
            "dt_agg": 20250609174449
        },
        {
            "cod": 5,
            "desc": null,
            "sz_perv": 2,
            "vot_m": 126,
            "vot_f": 117,
            "vot_t": 243,
            "perc_vot": "40,70",
            "sk_bianche": 5,
            "sk_nulle": 0,
            "sk_contestate": 0,
            "voti_si": 166,
            "voti_no": 72,
            "perc_si": "69,75",
            "perc_no": "30,25",
            "dt_agg": 20250609174628
        }
    ]
}