{
    "int": {
        "st": "ESERCIZIO",
        "t_ele": "Referendum",
        "t_ref": "ABROGATIVO",
        "f_elet": "SCRUTINI",
        "dt_ele": 20250608000000,
        "l_terr": "COMUNE",
        "area": "I",
        "cod_com": 270,
        "desc_com": "CRECCHIO",
        "cod_prov": 23,
        "desc_prov": "CHIETI",
        "cod_reg": 13,
        "desc_reg": "ABRUZZO",
        "ele_m": 1073,
        "ele_f": 1133,
        "ele_t": 2206,
        "sz_tot": 3,
        "tipo_tras": "SZ"
    },
    "note": null,
    "scheda": [
        {
            "cod": 1,
            "desc": null,
            "sz_perv": 3,
            "vot_m": 294,
            "vot_f": 299,
            "vot_t": 593,
            "perc_vot": "26,88",
            "sk_bianche": 9,
            "sk_nulle": 1,
            "sk_contestate": 0,
            "voti_si": 519,
            "voti_no": 64,
            "perc_si": "89,02",
            "perc_no": "10,98",
            "dt_agg": 20250609172021
        },
        {
            "cod": 2,
            "desc": null,
            "sz_perv": 3,
            "vot_m": 294,
            "vot_f": 299,
            "vot_t": 593,
            "perc_vot": "26,88",
            "sk_bianche": 5,
            "sk_nulle": 6,
            "sk_contestate": 0,
            "voti_si": 506,
            "voti_no": 76,
            "perc_si": "86,94",
            "perc_no": "13,06",
            "dt_agg": 20250609172047
        },
        {
            "cod": 3,
            "desc": null,
            "sz_perv": 3,
            "vot_m": 294,
            "vot_f": 299,
            "vot_t": 593,
            "perc_vot": "26,88",
            "sk_bianche": 8,
            "sk_nulle": 6,
            "sk_contestate": 0,
            "voti_si": 520,
            "voti_no": 59,
            "perc_si": "89,81",
            "perc_no": "10,19",
            "dt_agg": 20250609172117
        },
        {
            "cod": 4,
            "desc": null,
            "sz_perv": 3,
            "vot_m": 294,
            "vot_f": 299,
            "vot_t": 593,
            "perc_vot": "26,88",
            "sk_bianche": 10,
            "sk_nulle": 5,
            "sk_contestate": 0,
            "voti_si": 499,
            "voti_no": 79,
            "perc_si": "86,33",
            "perc_no": "13,67",
            "dt_agg": 20250609172149
        },
        {
            "cod": 5,
            "desc": null,
            "sz_perv": 3,
            "vot_m": 294,
            "vot_f": 299,
            "vot_t": 593,
            "perc_vot": "26,88",
            "sk_bianche": 11,
            "sk_nulle": 6,
            "sk_contestate": 0,
            "voti_si": 364,
            "voti_no": 212,
            "perc_si": "63,19",
            "perc_no": "36,81",
            "dt_agg": 20250609172205
        }
    ]
}