{
    "int": {
        "st": "ESERCIZIO",
        "t_ele": "Referendum",
        "t_ref": "ABROGATIVO",
        "f_elet": "SCRUTINI",
        "dt_ele": 20250608000000,
        "l_terr": "COMUNE",
        "area": "I",
        "cod_com": 580,
        "desc_com": "ORTONA",
        "cod_prov": 23,
        "desc_prov": "CHIETI",
        "cod_reg": 13,
        "desc_reg": "ABRUZZO",
        "ele_m": 8788,
        "ele_f": 9311,
        "ele_t": 18099,
        "sz_tot": 27,
        "tipo_tras": "SZ"
    },
    "note": null,
    "scheda": [
        {
            "cod": 1,
            "desc": null,
            "sz_perv": 27,
            "vot_m": 4391,
            "vot_f": 4909,
            "vot_t": 9300,
            "perc_vot": "51,38",
            "sk_bianche": 651,
            "sk_nulle": 149,
            "sk_contestate": 0,
            "voti_si": 6920,
            "voti_no": 1580,
            "perc_si": "81,41",
            "perc_no": "18,59",
            "dt_agg": 20250609202432
        },
        {
            "cod": 2,
            "desc": null,
            "sz_perv": 27,
            "vot_m": 4389,
            "vot_f": 4907,
            "vot_t": 9296,
            "perc_vot": "51,36",
            "sk_bianche": 708,
            "sk_nulle": 104,
            "sk_contestate": 0,
            "voti_si": 6778,
            "voti_no": 1706,
            "perc_si": "79,89",
            "perc_no": "20,11",
            "dt_agg": 20250609202432
        },
        {
            "cod": 3,
            "desc": null,
            "sz_perv": 27,
            "vot_m": 4385,
            "vot_f": 4907,
            "vot_t": 9292,
            "perc_vot": "51,34",
            "sk_bianche": 725,
            "sk_nulle": 120,
            "sk_contestate": 0,
            "voti_si": 6888,
            "voti_no": 1559,
            "perc_si": "81,54",
            "perc_no": "18,46",
            "dt_agg": 20250609202458
        },
        {
            "cod": 4,
            "desc": null,
            "sz_perv": 27,
            "vot_m": 4384,
            "vot_f": 4905,
            "vot_t": 9289,
            "perc_vot": "51,32",
            "sk_bianche": 696,
            "sk_nulle": 116,
            "sk_contestate": 0,
            "voti_si": 6748,
            "voti_no": 1729,
            "perc_si": "79,60",
            "perc_no": "20,40",
            "dt_agg": 20250609204741
        },
        {
            "cod": 5,
            "desc": null,
            "sz_perv": 27,
            "vot_m": 4376,
            "vot_f": 4913,
            "vot_t": 9289,
            "perc_vot": "51,32",
            "sk_bianche": 623,
            "sk_nulle": 111,
            "sk_contestate": 0,
            "voti_si": 4691,
            "voti_no": 3864,
            "perc_si": "54,83",
            "perc_no": "45,17",
            "dt_agg": 20250609203931
        }
    ]
}