{
    "int": {
        "st": "ESERCIZIO",
        "t_ele": "Referendum",
        "t_ref": "ABROGATIVO",
        "f_elet": "SCRUTINI",
        "dt_ele": 20250608000000,
        "l_terr": "COMUNE",
        "area": "I",
        "cod_com": 700,
        "desc_com": "QUADRI",
        "cod_prov": 23,
        "desc_prov": "CHIETI",
        "cod_reg": 13,
        "desc_reg": "ABRUZZO",
        "ele_m": 288,
        "ele_f": 319,
        "ele_t": 607,
        "sz_tot": 1,
        "tipo_tras": "SZ"
    },
    "note": null,
    "scheda": [
        {
            "cod": 1,
            "desc": null,
            "sz_perv": 1,
            "vot_m": 106,
            "vot_f": 120,
            "vot_t": 226,
            "perc_vot": "37,23",
            "sk_bianche": 4,
            "sk_nulle": 0,
            "sk_contestate": 0,
            "voti_si": 211,
            "voti_no": 11,
            "perc_si": "95,05",
            "perc_no": "4,95",
            "dt_agg": 20250609181208
        },
        {
            "cod": 2,
            "desc": null,
            "sz_perv": 1,
            "vot_m": 106,
            "vot_f": 120,
            "vot_t": 226,
            "perc_vot": "37,23",
            "sk_bianche": 9,
            "sk_nulle": 1,
            "sk_contestate": 0,
            "voti_si": 201,
            "voti_no": 15,
            "perc_si": "93,06",
            "perc_no": "6,94",
            "dt_agg": 20250609181303
        },
        {
            "cod": 3,
            "desc": null,
            "sz_perv": 1,
            "vot_m": 106,
            "vot_f": 120,
            "vot_t": 226,
            "perc_vot": "37,23",
            "sk_bianche": 7,
            "sk_nulle": 0,
            "sk_contestate": 0,
            "voti_si": 201,
            "voti_no": 18,
            "perc_si": "91,78",
            "perc_no": "8,22",
            "dt_agg": 20250609181333
        },
        {
            "cod": 4,
            "desc": null,
            "sz_perv": 1,
            "vot_m": 106,
            "vot_f": 120,
            "vot_t": 226,
            "perc_vot": "37,23",
            "sk_bianche": 6,
            "sk_nulle": 0,
            "sk_contestate": 0,
            "voti_si": 205,
            "voti_no": 15,
            "perc_si": "93,18",
            "perc_no": "6,82",
            "dt_agg": 20250609181359
        },
        {
            "cod": 5,
            "desc": null,
            "sz_perv": 1,
            "vot_m": 106,
            "vot_f": 120,
            "vot_t": 226,
            "perc_vot": "37,23",
            "sk_bianche": 9,
            "sk_nulle": 1,
            "sk_contestate": 0,
            "voti_si": 143,
            "voti_no": 73,
            "perc_si": "66,20",
            "perc_no": "33,80",
            "dt_agg": 20250609181438
        }
    ]
}