{
    "int": {
        "st": "ESERCIZIO",
        "t_ele": "Referendum",
        "t_ref": "ABROGATIVO",
        "f_elet": "SCRUTINI",
        "dt_ele": 20250608000000,
        "l_terr": "COMUNE",
        "area": "I",
        "cod_com": 430,
        "desc_com": "GUARDIAGRELE",
        "cod_prov": 23,
        "desc_prov": "CHIETI",
        "cod_reg": 13,
        "desc_reg": "ABRUZZO",
        "ele_m": 3259,
        "ele_f": 3481,
        "ele_t": 6740,
        "sz_tot": 13,
        "tipo_tras": "SZ"
    },
    "note": null,
    "scheda": [
        {
            "cod": 1,
            "desc": null,
            "sz_perv": 13,
            "vot_m": 1089,
            "vot_f": 1231,
            "vot_t": 2320,
            "perc_vot": "34,42",
            "sk_bianche": 42,
            "sk_nulle": 16,
            "sk_contestate": 0,
            "voti_si": 2003,
            "voti_no": 259,
            "perc_si": "88,55",
            "perc_no": "11,45",
            "dt_agg": 20250609171914
        },
        {
            "cod": 2,
            "desc": null,
            "sz_perv": 13,
            "vot_m": 1089,
            "vot_f": 1231,
            "vot_t": 2320,
            "perc_vot": "34,42",
            "sk_bianche": 42,
            "sk_nulle": 25,
            "sk_contestate": 0,
            "voti_si": 1938,
            "voti_no": 315,
            "perc_si": "86,02",
            "perc_no": "13,98",
            "dt_agg": 20250609171914
        },
        {
            "cod": 3,
            "desc": null,
            "sz_perv": 13,
            "vot_m": 1089,
            "vot_f": 1230,
            "vot_t": 2319,
            "perc_vot": "34,41",
            "sk_bianche": 48,
            "sk_nulle": 20,
            "sk_contestate": 0,
            "voti_si": 1964,
            "voti_no": 287,
            "perc_si": "87,25",
            "perc_no": "12,75",
            "dt_agg": 20250609171918
        },
        {
            "cod": 4,
            "desc": null,
            "sz_perv": 13,
            "vot_m": 1089,
            "vot_f": 1231,
            "vot_t": 2320,
            "perc_vot": "34,42",
            "sk_bianche": 43,
            "sk_nulle": 24,
            "sk_contestate": 0,
            "voti_si": 1939,
            "voti_no": 314,
            "perc_si": "86,06",
            "perc_no": "13,94",
            "dt_agg": 20250609174419
        },
        {
            "cod": 5,
            "desc": null,
            "sz_perv": 13,
            "vot_m": 1086,
            "vot_f": 1230,
            "vot_t": 2316,
            "perc_vot": "34,36",
            "sk_bianche": 44,
            "sk_nulle": 21,
            "sk_contestate": 0,
            "voti_si": 1399,
            "voti_no": 852,
            "perc_si": "62,15",
            "perc_no": "37,85",
            "dt_agg": 20250609180427
        }
    ]
}