{
    "int": {
        "st": "ESERCIZIO",
        "t_ele": "Referendum",
        "t_ref": "ABROGATIVO",
        "f_elet": "SCRUTINI",
        "dt_ele": 20250608000000,
        "l_terr": "COMUNE",
        "area": "I",
        "cod_com": 570,
        "desc_com": "ORSOGNA",
        "cod_prov": 23,
        "desc_prov": "CHIETI",
        "cod_reg": 13,
        "desc_reg": "ABRUZZO",
        "ele_m": 1370,
        "ele_f": 1519,
        "ele_t": 2889,
        "sz_tot": 4,
        "tipo_tras": "SZ"
    },
    "note": null,
    "scheda": [
        {
            "cod": 1,
            "desc": null,
            "sz_perv": 4,
            "vot_m": 401,
            "vot_f": 470,
            "vot_t": 871,
            "perc_vot": "30,15",
            "sk_bianche": 21,
            "sk_nulle": 6,
            "sk_contestate": 0,
            "voti_si": 728,
            "voti_no": 116,
            "perc_si": "86,26",
            "perc_no": "13,74",
            "dt_agg": 20250609184116
        },
        {
            "cod": 2,
            "desc": null,
            "sz_perv": 4,
            "vot_m": 401,
            "vot_f": 470,
            "vot_t": 871,
            "perc_vot": "30,15",
            "sk_bianche": 22,
            "sk_nulle": 6,
            "sk_contestate": 0,
            "voti_si": 717,
            "voti_no": 126,
            "perc_si": "85,05",
            "perc_no": "14,95",
            "dt_agg": 20250609184157
        },
        {
            "cod": 3,
            "desc": null,
            "sz_perv": 4,
            "vot_m": 401,
            "vot_f": 470,
            "vot_t": 871,
            "perc_vot": "30,15",
            "sk_bianche": 27,
            "sk_nulle": 8,
            "sk_contestate": 0,
            "voti_si": 728,
            "voti_no": 108,
            "perc_si": "87,08",
            "perc_no": "12,92",
            "dt_agg": 20250609184227
        },
        {
            "cod": 4,
            "desc": null,
            "sz_perv": 4,
            "vot_m": 401,
            "vot_f": 470,
            "vot_t": 871,
            "perc_vot": "30,15",
            "sk_bianche": 25,
            "sk_nulle": 5,
            "sk_contestate": 0,
            "voti_si": 704,
            "voti_no": 137,
            "perc_si": "83,71",
            "perc_no": "16,29",
            "dt_agg": 20250609184258
        },
        {
            "cod": 5,
            "desc": null,
            "sz_perv": 4,
            "vot_m": 401,
            "vot_f": 469,
            "vot_t": 870,
            "perc_vot": "30,11",
            "sk_bianche": 22,
            "sk_nulle": 5,
            "sk_contestate": 0,
            "voti_si": 496,
            "voti_no": 347,
            "perc_si": "58,84",
            "perc_no": "41,16",
            "dt_agg": 20250609184326
        }
    ]
}