{
    "int": {
        "st": "ESERCIZIO",
        "t_ele": "Referendum",
        "t_ref": "ABROGATIVO",
        "f_elet": "SCRUTINI",
        "dt_ele": 20250608000000,
        "l_terr": "COMUNE",
        "area": "I",
        "cod_com": 370,
        "desc_com": "FRISA",
        "cod_prov": 23,
        "desc_prov": "CHIETI",
        "cod_reg": 13,
        "desc_reg": "ABRUZZO",
        "ele_m": 656,
        "ele_f": 711,
        "ele_t": 1367,
        "sz_tot": 3,
        "tipo_tras": "SZ"
    },
    "note": null,
    "scheda": [
        {
            "cod": 1,
            "desc": null,
            "sz_perv": 3,
            "vot_m": 227,
            "vot_f": 242,
            "vot_t": 469,
            "perc_vot": "34,31",
            "sk_bianche": 11,
            "sk_nulle": 4,
            "sk_contestate": 0,
            "voti_si": 390,
            "voti_no": 64,
            "perc_si": "85,90",
            "perc_no": "14,10",
            "dt_agg": 20250609171247
        },
        {
            "cod": 2,
            "desc": null,
            "sz_perv": 3,
            "vot_m": 227,
            "vot_f": 242,
            "vot_t": 469,
            "perc_vot": "34,31",
            "sk_bianche": 11,
            "sk_nulle": 5,
            "sk_contestate": 0,
            "voti_si": 387,
            "voti_no": 66,
            "perc_si": "85,43",
            "perc_no": "14,57",
            "dt_agg": 20250609171425
        },
        {
            "cod": 3,
            "desc": null,
            "sz_perv": 3,
            "vot_m": 227,
            "vot_f": 242,
            "vot_t": 469,
            "perc_vot": "34,31",
            "sk_bianche": 10,
            "sk_nulle": 4,
            "sk_contestate": 0,
            "voti_si": 394,
            "voti_no": 61,
            "perc_si": "86,59",
            "perc_no": "13,41",
            "dt_agg": 20250609171425
        },
        {
            "cod": 4,
            "desc": null,
            "sz_perv": 3,
            "vot_m": 227,
            "vot_f": 242,
            "vot_t": 469,
            "perc_vot": "34,31",
            "sk_bianche": 13,
            "sk_nulle": 5,
            "sk_contestate": 0,
            "voti_si": 393,
            "voti_no": 58,
            "perc_si": "87,14",
            "perc_no": "12,86",
            "dt_agg": 20250609171445
        },
        {
            "cod": 5,
            "desc": null,
            "sz_perv": 3,
            "vot_m": 227,
            "vot_f": 242,
            "vot_t": 469,
            "perc_vot": "34,31",
            "sk_bianche": 11,
            "sk_nulle": 5,
            "sk_contestate": 0,
            "voti_si": 291,
            "voti_no": 162,
            "perc_si": "64,24",
            "perc_no": "35,76",
            "dt_agg": 20250609171732
        }
    ]
}