{
    "int": {
        "st": "ESERCIZIO",
        "t_ele": "Referendum",
        "t_ref": "ABROGATIVO",
        "f_elet": "SCRUTINI",
        "dt_ele": 20250608000000,
        "l_terr": "COMUNE",
        "area": "I",
        "cod_com": 850,
        "desc_com": "SANT'EUSANIO DEL SANGRO",
        "cod_prov": 23,
        "desc_prov": "CHIETI",
        "cod_reg": 13,
        "desc_reg": "ABRUZZO",
        "ele_m": 893,
        "ele_f": 920,
        "ele_t": 1813,
        "sz_tot": 3,
        "tipo_tras": "SZ"
    },
    "note": null,
    "scheda": [
        {
            "cod": 1,
            "desc": null,
            "sz_perv": 3,
            "vot_m": 282,
            "vot_f": 278,
            "vot_t": 560,
            "perc_vot": "30,89",
            "sk_bianche": 14,
            "sk_nulle": 4,
            "sk_contestate": 0,
            "voti_si": 489,
            "voti_no": 53,
            "perc_si": "90,22",
            "perc_no": "9,78",
            "dt_agg": 20250609183239
        },
        {
            "cod": 2,
            "desc": null,
            "sz_perv": 3,
            "vot_m": 282,
            "vot_f": 278,
            "vot_t": 560,
            "perc_vot": "30,89",
            "sk_bianche": 14,
            "sk_nulle": 4,
            "sk_contestate": 0,
            "voti_si": 483,
            "voti_no": 59,
            "perc_si": "89,11",
            "perc_no": "10,89",
            "dt_agg": 20250609183323
        },
        {
            "cod": 3,
            "desc": null,
            "sz_perv": 3,
            "vot_m": 282,
            "vot_f": 278,
            "vot_t": 560,
            "perc_vot": "30,89",
            "sk_bianche": 16,
            "sk_nulle": 4,
            "sk_contestate": 0,
            "voti_si": 484,
            "voti_no": 56,
            "perc_si": "89,63",
            "perc_no": "10,37",
            "dt_agg": 20250609183410
        },
        {
            "cod": 4,
            "desc": null,
            "sz_perv": 3,
            "vot_m": 282,
            "vot_f": 278,
            "vot_t": 560,
            "perc_vot": "30,89",
            "sk_bianche": 18,
            "sk_nulle": 4,
            "sk_contestate": 0,
            "voti_si": 474,
            "voti_no": 64,
            "perc_si": "88,10",
            "perc_no": "11,90",
            "dt_agg": 20250609183444
        },
        {
            "cod": 5,
            "desc": null,
            "sz_perv": 3,
            "vot_m": 282,
            "vot_f": 277,
            "vot_t": 559,
            "perc_vot": "30,83",
            "sk_bianche": 17,
            "sk_nulle": 4,
            "sk_contestate": 0,
            "voti_si": 354,
            "voti_no": 184,
            "perc_si": "65,80",
            "perc_no": "34,20",
            "dt_agg": 20250609183536
        }
    ]
}