{
    "int": {
        "st": "ESERCIZIO",
        "t_ele": "Referendum",
        "t_ref": "ABROGATIVO",
        "f_elet": "SCRUTINI",
        "dt_ele": 20250608000000,
        "l_terr": "COMUNE",
        "area": "I",
        "cod_com": 930,
        "desc_com": "TORREBRUNA",
        "cod_prov": 23,
        "desc_prov": "CHIETI",
        "cod_reg": 13,
        "desc_reg": "ABRUZZO",
        "ele_m": 275,
        "ele_f": 307,
        "ele_t": 582,
        "sz_tot": 2,
        "tipo_tras": "SZ"
    },
    "note": null,
    "scheda": [
        {
            "cod": 1,
            "desc": null,
            "sz_perv": 2,
            "vot_m": 122,
            "vot_f": 120,
            "vot_t": 242,
            "perc_vot": "41,58",
            "sk_bianche": 12,
            "sk_nulle": 5,
            "sk_contestate": 0,
            "voti_si": 212,
            "voti_no": 13,
            "perc_si": "94,22",
            "perc_no": "5,78",
            "dt_agg": 20250609174103
        },
        {
            "cod": 2,
            "desc": null,
            "sz_perv": 2,
            "vot_m": 122,
            "vot_f": 120,
            "vot_t": 242,
            "perc_vot": "41,58",
            "sk_bianche": 13,
            "sk_nulle": 3,
            "sk_contestate": 0,
            "voti_si": 210,
            "voti_no": 16,
            "perc_si": "92,92",
            "perc_no": "7,08",
            "dt_agg": 20250609174122
        },
        {
            "cod": 3,
            "desc": null,
            "sz_perv": 2,
            "vot_m": 122,
            "vot_f": 120,
            "vot_t": 242,
            "perc_vot": "41,58",
            "sk_bianche": 12,
            "sk_nulle": 4,
            "sk_contestate": 0,
            "voti_si": 212,
            "voti_no": 14,
            "perc_si": "93,81",
            "perc_no": "6,19",
            "dt_agg": 20250609174156
        },
        {
            "cod": 4,
            "desc": null,
            "sz_perv": 2,
            "vot_m": 122,
            "vot_f": 120,
            "vot_t": 242,
            "perc_vot": "41,58",
            "sk_bianche": 12,
            "sk_nulle": 3,
            "sk_contestate": 0,
            "voti_si": 206,
            "voti_no": 21,
            "perc_si": "90,75",
            "perc_no": "9,25",
            "dt_agg": 20250609174232
        },
        {
            "cod": 5,
            "desc": null,
            "sz_perv": 2,
            "vot_m": 122,
            "vot_f": 120,
            "vot_t": 242,
            "perc_vot": "41,58",
            "sk_bianche": 13,
            "sk_nulle": 3,
            "sk_contestate": 0,
            "voti_si": 170,
            "voti_no": 56,
            "perc_si": "75,22",
            "perc_no": "24,78",
            "dt_agg": 20250609174347
        }
    ]
}