{
    "int": {
        "st": "ESERCIZIO",
        "t_ele": "Referendum",
        "t_ref": "ABROGATIVO",
        "f_elet": "SCRUTINI",
        "dt_ele": 20250608000000,
        "l_terr": "COMUNE",
        "area": "I",
        "cod_com": 320,
        "desc_com": "FILETTO",
        "cod_prov": 23,
        "desc_prov": "CHIETI",
        "cod_reg": 13,
        "desc_reg": "ABRUZZO",
        "ele_m": 342,
        "ele_f": 366,
        "ele_t": 708,
        "sz_tot": 1,
        "tipo_tras": "SZ"
    },
    "note": null,
    "scheda": [
        {
            "cod": 1,
            "desc": null,
            "sz_perv": 1,
            "vot_m": 86,
            "vot_f": 98,
            "vot_t": 184,
            "perc_vot": "25,99",
            "sk_bianche": 7,
            "sk_nulle": 2,
            "sk_contestate": 0,
            "voti_si": 157,
            "voti_no": 18,
            "perc_si": "89,71",
            "perc_no": "10,29",
            "dt_agg": 20250609165513
        },
        {
            "cod": 2,
            "desc": null,
            "sz_perv": 1,
            "vot_m": 86,
            "vot_f": 98,
            "vot_t": 184,
            "perc_vot": "25,99",
            "sk_bianche": 6,
            "sk_nulle": 2,
            "sk_contestate": 0,
            "voti_si": 154,
            "voti_no": 22,
            "perc_si": "87,50",
            "perc_no": "12,50",
            "dt_agg": 20250609173323
        },
        {
            "cod": 3,
            "desc": null,
            "sz_perv": 1,
            "vot_m": 86,
            "vot_f": 98,
            "vot_t": 184,
            "perc_vot": "25,99",
            "sk_bianche": 9,
            "sk_nulle": 2,
            "sk_contestate": 0,
            "voti_si": 150,
            "voti_no": 23,
            "perc_si": "86,71",
            "perc_no": "13,29",
            "dt_agg": 20250609175848
        },
        {
            "cod": 4,
            "desc": null,
            "sz_perv": 1,
            "vot_m": 86,
            "vot_f": 98,
            "vot_t": 184,
            "perc_vot": "25,99",
            "sk_bianche": 6,
            "sk_nulle": 2,
            "sk_contestate": 0,
            "voti_si": 151,
            "voti_no": 25,
            "perc_si": "85,80",
            "perc_no": "14,20",
            "dt_agg": 20250609182031
        },
        {
            "cod": 5,
            "desc": null,
            "sz_perv": 1,
            "vot_m": 86,
            "vot_f": 98,
            "vot_t": 184,
            "perc_vot": "25,99",
            "sk_bianche": 6,
            "sk_nulle": 1,
            "sk_contestate": 0,
            "voti_si": 96,
            "voti_no": 81,
            "perc_si": "54,24",
            "perc_no": "45,76",
            "dt_agg": 20250609183132
        }
    ]
}