{
    "int": {
        "st": "ESERCIZIO",
        "t_ele": "Referendum",
        "t_ref": "ABROGATIVO",
        "f_elet": "SCRUTINI",
        "dt_ele": 20250608000000,
        "l_terr": "COMUNE",
        "area": "I",
        "cod_com": 180,
        "desc_com": "CASTEL FRENTANO",
        "cod_prov": 23,
        "desc_prov": "CHIETI",
        "cod_reg": 13,
        "desc_reg": "ABRUZZO",
        "ele_m": 1667,
        "ele_f": 1708,
        "ele_t": 3375,
        "sz_tot": 5,
        "tipo_tras": "SZ"
    },
    "note": null,
    "scheda": [
        {
            "cod": 1,
            "desc": null,
            "sz_perv": 5,
            "vot_m": 532,
            "vot_f": 551,
            "vot_t": 1083,
            "perc_vot": "32,09",
            "sk_bianche": 17,
            "sk_nulle": 2,
            "sk_contestate": 0,
            "voti_si": 985,
            "voti_no": 79,
            "perc_si": "92,58",
            "perc_no": "7,42",
            "dt_agg": 20250609180637
        },
        {
            "cod": 2,
            "desc": null,
            "sz_perv": 5,
            "vot_m": 532,
            "vot_f": 551,
            "vot_t": 1083,
            "perc_vot": "32,09",
            "sk_bianche": 20,
            "sk_nulle": 2,
            "sk_contestate": 0,
            "voti_si": 976,
            "voti_no": 85,
            "perc_si": "91,99",
            "perc_no": "8,01",
            "dt_agg": 20250609180656
        },
        {
            "cod": 3,
            "desc": null,
            "sz_perv": 5,
            "vot_m": 532,
            "vot_f": 551,
            "vot_t": 1083,
            "perc_vot": "32,09",
            "sk_bianche": 21,
            "sk_nulle": 2,
            "sk_contestate": 0,
            "voti_si": 972,
            "voti_no": 88,
            "perc_si": "91,70",
            "perc_no": "8,30",
            "dt_agg": 20250609180715
        },
        {
            "cod": 4,
            "desc": null,
            "sz_perv": 5,
            "vot_m": 533,
            "vot_f": 551,
            "vot_t": 1084,
            "perc_vot": "32,12",
            "sk_bianche": 21,
            "sk_nulle": 3,
            "sk_contestate": 0,
            "voti_si": 930,
            "voti_no": 130,
            "perc_si": "87,74",
            "perc_no": "12,26",
            "dt_agg": 20250609180733
        },
        {
            "cod": 5,
            "desc": null,
            "sz_perv": 5,
            "vot_m": 530,
            "vot_f": 550,
            "vot_t": 1080,
            "perc_vot": "32,00",
            "sk_bianche": 25,
            "sk_nulle": 6,
            "sk_contestate": 0,
            "voti_si": 592,
            "voti_no": 457,
            "perc_si": "56,43",
            "perc_no": "43,57",
            "dt_agg": 20250609180750
        }
    ]
}