{
    "int": {
        "st": "ESERCIZIO",
        "t_ele": "Referendum",
        "t_ref": "ABROGATIVO",
        "f_elet": "SCRUTINI",
        "dt_ele": 20250608000000,
        "l_terr": "COMUNE",
        "area": "I",
        "cod_com": 520,
        "desc_com": "MONTEFERRANTE",
        "cod_prov": 23,
        "desc_prov": "CHIETI",
        "cod_reg": 13,
        "desc_reg": "ABRUZZO",
        "ele_m": 52,
        "ele_f": 39,
        "ele_t": 91,
        "sz_tot": 1,
        "tipo_tras": "SZ"
    },
    "note": null,
    "scheda": [
        {
            "cod": 1,
            "desc": null,
            "sz_perv": 1,
            "vot_m": 19,
            "vot_f": 15,
            "vot_t": 34,
            "perc_vot": "37,36",
            "sk_bianche": 2,
            "sk_nulle": 1,
            "sk_contestate": 0,
            "voti_si": 21,
            "voti_no": 10,
            "perc_si": "67,74",
            "perc_no": "32,26",
            "dt_agg": 20250609154331
        },
        {
            "cod": 2,
            "desc": null,
            "sz_perv": 1,
            "vot_m": 19,
            "vot_f": 15,
            "vot_t": 34,
            "perc_vot": "37,36",
            "sk_bianche": 1,
            "sk_nulle": 1,
            "sk_contestate": 0,
            "voti_si": 19,
            "voti_no": 13,
            "perc_si": "59,38",
            "perc_no": "40,63",
            "dt_agg": 20250609154331
        },
        {
            "cod": 3,
            "desc": null,
            "sz_perv": 1,
            "vot_m": 19,
            "vot_f": 15,
            "vot_t": 34,
            "perc_vot": "37,36",
            "sk_bianche": 1,
            "sk_nulle": 1,
            "sk_contestate": 0,
            "voti_si": 23,
            "voti_no": 9,
            "perc_si": "71,88",
            "perc_no": "28,13",
            "dt_agg": 20250609154331
        },
        {
            "cod": 4,
            "desc": null,
            "sz_perv": 1,
            "vot_m": 19,
            "vot_f": 14,
            "vot_t": 33,
            "perc_vot": "36,26",
            "sk_bianche": 2,
            "sk_nulle": 1,
            "sk_contestate": 0,
            "voti_si": 17,
            "voti_no": 13,
            "perc_si": "56,67",
            "perc_no": "43,33",
            "dt_agg": 20250609154331
        },
        {
            "cod": 5,
            "desc": null,
            "sz_perv": 1,
            "vot_m": 17,
            "vot_f": 14,
            "vot_t": 31,
            "perc_vot": "34,07",
            "sk_bianche": 1,
            "sk_nulle": 3,
            "sk_contestate": 0,
            "voti_si": 9,
            "voti_no": 18,
            "perc_si": "33,33",
            "perc_no": "66,67",
            "dt_agg": 20250609154331
        }
    ]
}