{
    "int": {
        "st": "ESERCIZIO",
        "t_ele": "Referendum",
        "t_ref": "ABROGATIVO",
        "f_elet": "SCRUTINI",
        "dt_ele": 20250608000000,
        "l_terr": "COMUNE",
        "area": "I",
        "cod_com": 640,
        "desc_com": "PENNAPIEDIMONTE",
        "cod_prov": 23,
        "desc_prov": "CHIETI",
        "cod_reg": 13,
        "desc_reg": "ABRUZZO",
        "ele_m": 155,
        "ele_f": 169,
        "ele_t": 324,
        "sz_tot": 1,
        "tipo_tras": "SZ"
    },
    "note": null,
    "scheda": [
        {
            "cod": 1,
            "desc": null,
            "sz_perv": 1,
            "vot_m": 57,
            "vot_f": 55,
            "vot_t": 112,
            "perc_vot": "34,57",
            "sk_bianche": 3,
            "sk_nulle": 1,
            "sk_contestate": 0,
            "voti_si": 99,
            "voti_no": 9,
            "perc_si": "91,67",
            "perc_no": "8,33",
            "dt_agg": 20250609183717
        },
        {
            "cod": 2,
            "desc": null,
            "sz_perv": 1,
            "vot_m": 57,
            "vot_f": 55,
            "vot_t": 112,
            "perc_vot": "34,57",
            "sk_bianche": 3,
            "sk_nulle": 2,
            "sk_contestate": 0,
            "voti_si": 97,
            "voti_no": 10,
            "perc_si": "90,65",
            "perc_no": "9,35",
            "dt_agg": 20250609183334
        },
        {
            "cod": 3,
            "desc": null,
            "sz_perv": 1,
            "vot_m": 57,
            "vot_f": 55,
            "vot_t": 112,
            "perc_vot": "34,57",
            "sk_bianche": 3,
            "sk_nulle": 2,
            "sk_contestate": 0,
            "voti_si": 96,
            "voti_no": 11,
            "perc_si": "89,72",
            "perc_no": "10,28",
            "dt_agg": 20250609183406
        },
        {
            "cod": 4,
            "desc": null,
            "sz_perv": 1,
            "vot_m": 57,
            "vot_f": 55,
            "vot_t": 112,
            "perc_vot": "34,57",
            "sk_bianche": 2,
            "sk_nulle": 1,
            "sk_contestate": 0,
            "voti_si": 91,
            "voti_no": 18,
            "perc_si": "83,49",
            "perc_no": "16,51",
            "dt_agg": 20250609183431
        },
        {
            "cod": 5,
            "desc": null,
            "sz_perv": 1,
            "vot_m": 57,
            "vot_f": 55,
            "vot_t": 112,
            "perc_vot": "34,57",
            "sk_bianche": 4,
            "sk_nulle": 2,
            "sk_contestate": 0,
            "voti_si": 60,
            "voti_no": 46,
            "perc_si": "56,60",
            "perc_no": "43,40",
            "dt_agg": 20250609183501
        }
    ]
}