{
    "int": {
        "st": "ESERCIZIO",
        "t_ele": "Referendum",
        "t_ref": "ABROGATIVO",
        "f_elet": "SCRUTINI",
        "dt_ele": 20250608000000,
        "l_terr": "COMUNE",
        "area": "I",
        "cod_com": 390,
        "desc_com": "GAMBERALE",
        "cod_prov": 23,
        "desc_prov": "CHIETI",
        "cod_reg": 13,
        "desc_reg": "ABRUZZO",
        "ele_m": 125,
        "ele_f": 120,
        "ele_t": 245,
        "sz_tot": 2,
        "tipo_tras": "SZ"
    },
    "note": null,
    "scheda": [
        {
            "cod": 1,
            "desc": null,
            "sz_perv": 2,
            "vot_m": 31,
            "vot_f": 45,
            "vot_t": 76,
            "perc_vot": "31,02",
            "sk_bianche": 2,
            "sk_nulle": 1,
            "sk_contestate": 0,
            "voti_si": 65,
            "voti_no": 8,
            "perc_si": "89,04",
            "perc_no": "10,96",
            "dt_agg": 20250609161725
        },
        {
            "cod": 2,
            "desc": null,
            "sz_perv": 2,
            "vot_m": 31,
            "vot_f": 45,
            "vot_t": 76,
            "perc_vot": "31,02",
            "sk_bianche": 2,
            "sk_nulle": 1,
            "sk_contestate": 0,
            "voti_si": 62,
            "voti_no": 11,
            "perc_si": "84,93",
            "perc_no": "15,07",
            "dt_agg": 20250609161807
        },
        {
            "cod": 3,
            "desc": null,
            "sz_perv": 2,
            "vot_m": 31,
            "vot_f": 45,
            "vot_t": 76,
            "perc_vot": "31,02",
            "sk_bianche": 2,
            "sk_nulle": 0,
            "sk_contestate": 0,
            "voti_si": 66,
            "voti_no": 8,
            "perc_si": "89,19",
            "perc_no": "10,81",
            "dt_agg": 20250609161840
        },
        {
            "cod": 4,
            "desc": null,
            "sz_perv": 2,
            "vot_m": 31,
            "vot_f": 45,
            "vot_t": 76,
            "perc_vot": "31,02",
            "sk_bianche": 1,
            "sk_nulle": 0,
            "sk_contestate": 0,
            "voti_si": 62,
            "voti_no": 13,
            "perc_si": "82,67",
            "perc_no": "17,33",
            "dt_agg": 20250609161858
        },
        {
            "cod": 5,
            "desc": null,
            "sz_perv": 2,
            "vot_m": 31,
            "vot_f": 45,
            "vot_t": 76,
            "perc_vot": "31,02",
            "sk_bianche": 1,
            "sk_nulle": 0,
            "sk_contestate": 0,
            "voti_si": 37,
            "voti_no": 38,
            "perc_si": "49,33",
            "perc_no": "50,67",
            "dt_agg": 20250609161932
        }
    ]
}