{
    "int": {
        "st": "ESERCIZIO",
        "t_ele": "Referendum",
        "t_ref": "ABROGATIVO",
        "f_elet": "SCRUTINI",
        "dt_ele": 20250608000000,
        "l_terr": "COMUNE",
        "area": "I",
        "cod_com": 120,
        "desc_com": "CARUNCHIO",
        "cod_prov": 23,
        "desc_prov": "CHIETI",
        "cod_reg": 13,
        "desc_reg": "ABRUZZO",
        "ele_m": 216,
        "ele_f": 207,
        "ele_t": 423,
        "sz_tot": 1,
        "tipo_tras": "SZ"
    },
    "note": null,
    "scheda": [
        {
            "cod": 1,
            "desc": null,
            "sz_perv": 1,
            "vot_m": 63,
            "vot_f": 60,
            "vot_t": 123,
            "perc_vot": "29,08",
            "sk_bianche": 7,
            "sk_nulle": 1,
            "sk_contestate": 0,
            "voti_si": 100,
            "voti_no": 15,
            "perc_si": "86,96",
            "perc_no": "13,04",
            "dt_agg": 20250609170042
        },
        {
            "cod": 2,
            "desc": null,
            "sz_perv": 1,
            "vot_m": 63,
            "vot_f": 60,
            "vot_t": 123,
            "perc_vot": "29,08",
            "sk_bianche": 7,
            "sk_nulle": 1,
            "sk_contestate": 0,
            "voti_si": 100,
            "voti_no": 15,
            "perc_si": "86,96",
            "perc_no": "13,04",
            "dt_agg": 20250609170205
        },
        {
            "cod": 3,
            "desc": null,
            "sz_perv": 1,
            "vot_m": 63,
            "vot_f": 60,
            "vot_t": 123,
            "perc_vot": "29,08",
            "sk_bianche": 7,
            "sk_nulle": 1,
            "sk_contestate": 0,
            "voti_si": 99,
            "voti_no": 16,
            "perc_si": "86,09",
            "perc_no": "13,91",
            "dt_agg": 20250609170328
        },
        {
            "cod": 4,
            "desc": null,
            "sz_perv": 1,
            "vot_m": 63,
            "vot_f": 60,
            "vot_t": 123,
            "perc_vot": "29,08",
            "sk_bianche": 6,
            "sk_nulle": 0,
            "sk_contestate": 0,
            "voti_si": 101,
            "voti_no": 16,
            "perc_si": "86,32",
            "perc_no": "13,68",
            "dt_agg": 20250609170431
        },
        {
            "cod": 5,
            "desc": null,
            "sz_perv": 1,
            "vot_m": 63,
            "vot_f": 60,
            "vot_t": 123,
            "perc_vot": "29,08",
            "sk_bianche": 2,
            "sk_nulle": 1,
            "sk_contestate": 0,
            "voti_si": 68,
            "voti_no": 52,
            "perc_si": "56,67",
            "perc_no": "43,33",
            "dt_agg": 20250609170551
        }
    ]
}