{
    "int": {
        "st": "ESERCIZIO",
        "t_ele": "Referendum",
        "t_ref": "ABROGATIVO",
        "f_elet": "SCRUTINI",
        "dt_ele": 20250608000000,
        "l_terr": "COMUNE",
        "area": "I",
        "cod_com": 560,
        "desc_com": "MOZZAGROGNA",
        "cod_prov": 23,
        "desc_prov": "CHIETI",
        "cod_reg": 13,
        "desc_reg": "ABRUZZO",
        "ele_m": 940,
        "ele_f": 1007,
        "ele_t": 1947,
        "sz_tot": 3,
        "tipo_tras": "SZ"
    },
    "note": null,
    "scheda": [
        {
            "cod": 1,
            "desc": null,
            "sz_perv": 3,
            "vot_m": 336,
            "vot_f": 353,
            "vot_t": 689,
            "perc_vot": "35,39",
            "sk_bianche": 16,
            "sk_nulle": 8,
            "sk_contestate": 0,
            "voti_si": 607,
            "voti_no": 58,
            "perc_si": "91,28",
            "perc_no": "8,72",
            "dt_agg": 20250609200432
        },
        {
            "cod": 2,
            "desc": null,
            "sz_perv": 3,
            "vot_m": 336,
            "vot_f": 353,
            "vot_t": 689,
            "perc_vot": "35,39",
            "sk_bianche": 16,
            "sk_nulle": 6,
            "sk_contestate": 0,
            "voti_si": 598,
            "voti_no": 69,
            "perc_si": "89,66",
            "perc_no": "10,34",
            "dt_agg": 20250609200508
        },
        {
            "cod": 3,
            "desc": null,
            "sz_perv": 3,
            "vot_m": 336,
            "vot_f": 353,
            "vot_t": 689,
            "perc_vot": "35,39",
            "sk_bianche": 15,
            "sk_nulle": 9,
            "sk_contestate": 0,
            "voti_si": 607,
            "voti_no": 58,
            "perc_si": "91,28",
            "perc_no": "8,72",
            "dt_agg": 20250609200533
        },
        {
            "cod": 4,
            "desc": null,
            "sz_perv": 3,
            "vot_m": 336,
            "vot_f": 353,
            "vot_t": 689,
            "perc_vot": "35,39",
            "sk_bianche": 12,
            "sk_nulle": 7,
            "sk_contestate": 0,
            "voti_si": 590,
            "voti_no": 80,
            "perc_si": "88,06",
            "perc_no": "11,94",
            "dt_agg": 20250609200602
        },
        {
            "cod": 5,
            "desc": null,
            "sz_perv": 3,
            "vot_m": 336,
            "vot_f": 353,
            "vot_t": 689,
            "perc_vot": "35,39",
            "sk_bianche": 10,
            "sk_nulle": 8,
            "sk_contestate": 0,
            "voti_si": 396,
            "voti_no": 275,
            "perc_si": "59,02",
            "perc_no": "40,98",
            "dt_agg": 20250609202010
        }
    ]
}