{
    "int": {
        "st": "ESERCIZIO",
        "t_ele": "Referendum",
        "t_ref": "ABROGATIVO",
        "f_elet": "SCRUTINI",
        "dt_ele": 20250608000000,
        "l_terr": "COMUNE",
        "area": "I",
        "cod_com": 250,
        "desc_com": "COLLEDIMACINE",
        "cod_prov": 23,
        "desc_prov": "CHIETI",
        "cod_reg": 13,
        "desc_reg": "ABRUZZO",
        "ele_m": 87,
        "ele_f": 55,
        "ele_t": 142,
        "sz_tot": 1,
        "tipo_tras": "SZ"
    },
    "note": null,
    "scheda": [
        {
            "cod": 1,
            "desc": null,
            "sz_perv": 1,
            "vot_m": 44,
            "vot_f": 22,
            "vot_t": 66,
            "perc_vot": "46,48",
            "sk_bianche": 1,
            "sk_nulle": 0,
            "sk_contestate": 0,
            "voti_si": 58,
            "voti_no": 7,
            "perc_si": "89,23",
            "perc_no": "10,77",
            "dt_agg": 20250609165208
        },
        {
            "cod": 2,
            "desc": null,
            "sz_perv": 1,
            "vot_m": 44,
            "vot_f": 22,
            "vot_t": 66,
            "perc_vot": "46,48",
            "sk_bianche": 2,
            "sk_nulle": 0,
            "sk_contestate": 0,
            "voti_si": 58,
            "voti_no": 6,
            "perc_si": "90,63",
            "perc_no": "9,38",
            "dt_agg": 20250609165249
        },
        {
            "cod": 3,
            "desc": null,
            "sz_perv": 1,
            "vot_m": 44,
            "vot_f": 22,
            "vot_t": 66,
            "perc_vot": "46,48",
            "sk_bianche": 2,
            "sk_nulle": 0,
            "sk_contestate": 0,
            "voti_si": 57,
            "voti_no": 7,
            "perc_si": "89,06",
            "perc_no": "10,94",
            "dt_agg": 20250609165312
        },
        {
            "cod": 4,
            "desc": null,
            "sz_perv": 1,
            "vot_m": 44,
            "vot_f": 22,
            "vot_t": 66,
            "perc_vot": "46,48",
            "sk_bianche": 2,
            "sk_nulle": 0,
            "sk_contestate": 0,
            "voti_si": 58,
            "voti_no": 6,
            "perc_si": "90,63",
            "perc_no": "9,38",
            "dt_agg": 20250609165338
        },
        {
            "cod": 5,
            "desc": null,
            "sz_perv": 1,
            "vot_m": 44,
            "vot_f": 22,
            "vot_t": 66,
            "perc_vot": "46,48",
            "sk_bianche": 2,
            "sk_nulle": 0,
            "sk_contestate": 0,
            "voti_si": 47,
            "voti_no": 17,
            "perc_si": "73,44",
            "perc_no": "26,56",
            "dt_agg": 20250609165409
        }
    ]
}