{
    "int": {
        "st": "ESERCIZIO",
        "t_ele": "Referendum",
        "t_ref": "ABROGATIVO",
        "f_elet": "SCRUTINI",
        "dt_ele": 20250608000000,
        "l_terr": "COMUNE",
        "area": "I",
        "cod_com": 840,
        "desc_com": "SANTA MARIA IMBARO",
        "cod_prov": 23,
        "desc_prov": "CHIETI",
        "cod_reg": 13,
        "desc_reg": "ABRUZZO",
        "ele_m": 810,
        "ele_f": 787,
        "ele_t": 1597,
        "sz_tot": 2,
        "tipo_tras": "SZ"
    },
    "note": null,
    "scheda": [
        {
            "cod": 1,
            "desc": null,
            "sz_perv": 2,
            "vot_m": 248,
            "vot_f": 247,
            "vot_t": 495,
            "perc_vot": "31,00",
            "sk_bianche": 6,
            "sk_nulle": 6,
            "sk_contestate": 0,
            "voti_si": 435,
            "voti_no": 48,
            "perc_si": "90,06",
            "perc_no": "9,94",
            "dt_agg": 20250609173224
        },
        {
            "cod": 2,
            "desc": null,
            "sz_perv": 2,
            "vot_m": 248,
            "vot_f": 247,
            "vot_t": 495,
            "perc_vot": "31,00",
            "sk_bianche": 7,
            "sk_nulle": 8,
            "sk_contestate": 0,
            "voti_si": 422,
            "voti_no": 58,
            "perc_si": "87,92",
            "perc_no": "12,08",
            "dt_agg": 20250609173225
        },
        {
            "cod": 3,
            "desc": null,
            "sz_perv": 2,
            "vot_m": 248,
            "vot_f": 247,
            "vot_t": 495,
            "perc_vot": "31,00",
            "sk_bianche": 9,
            "sk_nulle": 9,
            "sk_contestate": 0,
            "voti_si": 423,
            "voti_no": 54,
            "perc_si": "88,68",
            "perc_no": "11,32",
            "dt_agg": 20250609173234
        },
        {
            "cod": 4,
            "desc": null,
            "sz_perv": 2,
            "vot_m": 248,
            "vot_f": 247,
            "vot_t": 495,
            "perc_vot": "31,00",
            "sk_bianche": 8,
            "sk_nulle": 11,
            "sk_contestate": 0,
            "voti_si": 417,
            "voti_no": 59,
            "perc_si": "87,61",
            "perc_no": "12,39",
            "dt_agg": 20250609173311
        },
        {
            "cod": 5,
            "desc": null,
            "sz_perv": 2,
            "vot_m": 247,
            "vot_f": 245,
            "vot_t": 492,
            "perc_vot": "30,81",
            "sk_bianche": 8,
            "sk_nulle": 7,
            "sk_contestate": 0,
            "voti_si": 249,
            "voti_no": 228,
            "perc_si": "52,20",
            "perc_no": "47,80",
            "dt_agg": 20250609173438
        }
    ]
}