{
    "int": {
        "st": "ESERCIZIO",
        "t_ele": "Referendum",
        "t_ref": "ABROGATIVO",
        "f_elet": "SCRUTINI",
        "dt_ele": 20250608000000,
        "l_terr": "COMUNE",
        "area": "I",
        "cod_com": 80,
        "desc_com": "BUCCHIANICO",
        "cod_prov": 23,
        "desc_prov": "CHIETI",
        "cod_reg": 13,
        "desc_reg": "ABRUZZO",
        "ele_m": 1949,
        "ele_f": 2052,
        "ele_t": 4001,
        "sz_tot": 5,
        "tipo_tras": "SZ"
    },
    "note": null,
    "scheda": [
        {
            "cod": 1,
            "desc": null,
            "sz_perv": 5,
            "vot_m": 452,
            "vot_f": 517,
            "vot_t": 969,
            "perc_vot": "24,22",
            "sk_bianche": 25,
            "sk_nulle": 6,
            "sk_contestate": 0,
            "voti_si": 838,
            "voti_no": 100,
            "perc_si": "89,34",
            "perc_no": "10,66",
            "dt_agg": 20250609181047
        },
        {
            "cod": 2,
            "desc": null,
            "sz_perv": 5,
            "vot_m": 452,
            "vot_f": 517,
            "vot_t": 969,
            "perc_vot": "24,22",
            "sk_bianche": 24,
            "sk_nulle": 6,
            "sk_contestate": 0,
            "voti_si": 815,
            "voti_no": 124,
            "perc_si": "86,79",
            "perc_no": "13,21",
            "dt_agg": 20250609181107
        },
        {
            "cod": 3,
            "desc": null,
            "sz_perv": 5,
            "vot_m": 452,
            "vot_f": 517,
            "vot_t": 969,
            "perc_vot": "24,22",
            "sk_bianche": 24,
            "sk_nulle": 5,
            "sk_contestate": 0,
            "voti_si": 844,
            "voti_no": 96,
            "perc_si": "89,79",
            "perc_no": "10,21",
            "dt_agg": 20250609181131
        },
        {
            "cod": 4,
            "desc": null,
            "sz_perv": 5,
            "vot_m": 452,
            "vot_f": 518,
            "vot_t": 970,
            "perc_vot": "24,24",
            "sk_bianche": 27,
            "sk_nulle": 6,
            "sk_contestate": 0,
            "voti_si": 818,
            "voti_no": 119,
            "perc_si": "87,30",
            "perc_no": "12,70",
            "dt_agg": 20250609181149
        },
        {
            "cod": 5,
            "desc": null,
            "sz_perv": 5,
            "vot_m": 451,
            "vot_f": 514,
            "vot_t": 965,
            "perc_vot": "24,12",
            "sk_bianche": 21,
            "sk_nulle": 6,
            "sk_contestate": 0,
            "voti_si": 547,
            "voti_no": 391,
            "perc_si": "58,32",
            "perc_no": "41,68",
            "dt_agg": 20250609181208
        }
    ]
}