{
    "int": {
        "st": "ESERCIZIO",
        "t_ele": "Referendum",
        "t_ref": "ABROGATIVO",
        "f_elet": "SCRUTINI",
        "dt_ele": 20250608000000,
        "l_terr": "COMUNE",
        "area": "I",
        "cod_com": 1010,
        "desc_com": "VILLAMAGNA",
        "cod_prov": 23,
        "desc_prov": "CHIETI",
        "cod_reg": 13,
        "desc_reg": "ABRUZZO",
        "ele_m": 890,
        "ele_f": 888,
        "ele_t": 1778,
        "sz_tot": 3,
        "tipo_tras": "SZ"
    },
    "note": null,
    "scheda": [
        {
            "cod": 1,
            "desc": null,
            "sz_perv": 3,
            "vot_m": 239,
            "vot_f": 228,
            "vot_t": 467,
            "perc_vot": "26,27",
            "sk_bianche": 8,
            "sk_nulle": 0,
            "sk_contestate": 0,
            "voti_si": 404,
            "voti_no": 55,
            "perc_si": "88,02",
            "perc_no": "11,98",
            "dt_agg": 20250609180145
        },
        {
            "cod": 2,
            "desc": null,
            "sz_perv": 3,
            "vot_m": 239,
            "vot_f": 228,
            "vot_t": 467,
            "perc_vot": "26,27",
            "sk_bianche": 10,
            "sk_nulle": 0,
            "sk_contestate": 0,
            "voti_si": 391,
            "voti_no": 66,
            "perc_si": "85,56",
            "perc_no": "14,44",
            "dt_agg": 20250609180332
        },
        {
            "cod": 3,
            "desc": null,
            "sz_perv": 3,
            "vot_m": 239,
            "vot_f": 228,
            "vot_t": 467,
            "perc_vot": "26,27",
            "sk_bianche": 12,
            "sk_nulle": 0,
            "sk_contestate": 0,
            "voti_si": 402,
            "voti_no": 53,
            "perc_si": "88,35",
            "perc_no": "11,65",
            "dt_agg": 20250609180454
        },
        {
            "cod": 4,
            "desc": null,
            "sz_perv": 3,
            "vot_m": 239,
            "vot_f": 228,
            "vot_t": 467,
            "perc_vot": "26,27",
            "sk_bianche": 9,
            "sk_nulle": 0,
            "sk_contestate": 0,
            "voti_si": 392,
            "voti_no": 66,
            "perc_si": "85,59",
            "perc_no": "14,41",
            "dt_agg": 20250609180616
        },
        {
            "cod": 5,
            "desc": null,
            "sz_perv": 3,
            "vot_m": 240,
            "vot_f": 228,
            "vot_t": 468,
            "perc_vot": "26,32",
            "sk_bianche": 8,
            "sk_nulle": 1,
            "sk_contestate": 0,
            "voti_si": 263,
            "voti_no": 196,
            "perc_si": "57,30",
            "perc_no": "42,70",
            "dt_agg": 20250609180815
        }
    ]
}