{
    "int": {
        "st": "ESERCIZIO",
        "t_ele": "Referendum",
        "t_ref": "ABROGATIVO",
        "f_elet": "SCRUTINI",
        "dt_ele": 20250608000000,
        "l_terr": "COMUNE",
        "area": "I",
        "cod_com": 970,
        "desc_com": "TUFILLO",
        "cod_prov": 23,
        "desc_prov": "CHIETI",
        "cod_reg": 13,
        "desc_reg": "ABRUZZO",
        "ele_m": 133,
        "ele_f": 158,
        "ele_t": 291,
        "sz_tot": 1,
        "tipo_tras": "SZ"
    },
    "note": null,
    "scheda": [
        {
            "cod": 1,
            "desc": null,
            "sz_perv": 1,
            "vot_m": 45,
            "vot_f": 60,
            "vot_t": 105,
            "perc_vot": "36,08",
            "sk_bianche": 4,
            "sk_nulle": 1,
            "sk_contestate": 0,
            "voti_si": 94,
            "voti_no": 6,
            "perc_si": "94,00",
            "perc_no": "6,00",
            "dt_agg": 20250609165533
        },
        {
            "cod": 2,
            "desc": null,
            "sz_perv": 1,
            "vot_m": 45,
            "vot_f": 60,
            "vot_t": 105,
            "perc_vot": "36,08",
            "sk_bianche": 5,
            "sk_nulle": 1,
            "sk_contestate": 0,
            "voti_si": 92,
            "voti_no": 7,
            "perc_si": "92,93",
            "perc_no": "7,07",
            "dt_agg": 20250609165616
        },
        {
            "cod": 3,
            "desc": null,
            "sz_perv": 1,
            "vot_m": 45,
            "vot_f": 60,
            "vot_t": 105,
            "perc_vot": "36,08",
            "sk_bianche": 5,
            "sk_nulle": 1,
            "sk_contestate": 0,
            "voti_si": 91,
            "voti_no": 8,
            "perc_si": "91,92",
            "perc_no": "8,08",
            "dt_agg": 20250609165646
        },
        {
            "cod": 4,
            "desc": null,
            "sz_perv": 1,
            "vot_m": 45,
            "vot_f": 60,
            "vot_t": 105,
            "perc_vot": "36,08",
            "sk_bianche": 5,
            "sk_nulle": 1,
            "sk_contestate": 0,
            "voti_si": 93,
            "voti_no": 6,
            "perc_si": "93,94",
            "perc_no": "6,06",
            "dt_agg": 20250609165717
        },
        {
            "cod": 5,
            "desc": null,
            "sz_perv": 1,
            "vot_m": 43,
            "vot_f": 60,
            "vot_t": 103,
            "perc_vot": "35,40",
            "sk_bianche": 7,
            "sk_nulle": 1,
            "sk_contestate": 0,
            "voti_si": 60,
            "voti_no": 35,
            "perc_si": "63,16",
            "perc_no": "36,84",
            "dt_agg": 20250609165804
        }
    ]
}