{
    "int": {
        "st": "ESERCIZIO",
        "t_ele": "Referendum",
        "t_ref": "ABROGATIVO",
        "f_elet": "SCRUTINI",
        "dt_ele": 20250608000000,
        "l_terr": "COMUNE",
        "area": "I",
        "cod_com": 420,
        "desc_com": "GIULIANO TEATINO",
        "cod_prov": 23,
        "desc_prov": "CHIETI",
        "cod_reg": 13,
        "desc_reg": "ABRUZZO",
        "ele_m": 464,
        "ele_f": 468,
        "ele_t": 932,
        "sz_tot": 2,
        "tipo_tras": "SZ"
    },
    "note": null,
    "scheda": [
        {
            "cod": 1,
            "desc": null,
            "sz_perv": 2,
            "vot_m": 115,
            "vot_f": 114,
            "vot_t": 229,
            "perc_vot": "24,57",
            "sk_bianche": 13,
            "sk_nulle": 2,
            "sk_contestate": 0,
            "voti_si": 188,
            "voti_no": 26,
            "perc_si": "87,85",
            "perc_no": "12,15",
            "dt_agg": 20250609180803
        },
        {
            "cod": 2,
            "desc": null,
            "sz_perv": 2,
            "vot_m": 115,
            "vot_f": 114,
            "vot_t": 229,
            "perc_vot": "24,57",
            "sk_bianche": 13,
            "sk_nulle": 1,
            "sk_contestate": 0,
            "voti_si": 179,
            "voti_no": 36,
            "perc_si": "83,26",
            "perc_no": "16,74",
            "dt_agg": 20250609180830
        },
        {
            "cod": 3,
            "desc": null,
            "sz_perv": 2,
            "vot_m": 115,
            "vot_f": 114,
            "vot_t": 229,
            "perc_vot": "24,57",
            "sk_bianche": 13,
            "sk_nulle": 1,
            "sk_contestate": 0,
            "voti_si": 185,
            "voti_no": 30,
            "perc_si": "86,05",
            "perc_no": "13,95",
            "dt_agg": 20250609180857
        },
        {
            "cod": 4,
            "desc": null,
            "sz_perv": 2,
            "vot_m": 115,
            "vot_f": 114,
            "vot_t": 229,
            "perc_vot": "24,57",
            "sk_bianche": 13,
            "sk_nulle": 1,
            "sk_contestate": 0,
            "voti_si": 183,
            "voti_no": 32,
            "perc_si": "85,12",
            "perc_no": "14,88",
            "dt_agg": 20250609180923
        },
        {
            "cod": 5,
            "desc": null,
            "sz_perv": 2,
            "vot_m": 115,
            "vot_f": 113,
            "vot_t": 228,
            "perc_vot": "24,46",
            "sk_bianche": 14,
            "sk_nulle": 2,
            "sk_contestate": 0,
            "voti_si": 132,
            "voti_no": 80,
            "perc_si": "62,26",
            "perc_no": "37,74",
            "dt_agg": 20250609180724
        }
    ]
}