{
    "int": {
        "st": "ESERCIZIO",
        "t_ele": "Referendum",
        "t_ref": "ABROGATIVO",
        "f_elet": "SCRUTINI",
        "dt_ele": 20250608000000,
        "l_terr": "COMUNE",
        "area": "I",
        "cod_com": 300,
        "desc_com": "FARA FILIORUM PETRI",
        "cod_prov": 23,
        "desc_prov": "CHIETI",
        "cod_reg": 13,
        "desc_reg": "ABRUZZO",
        "ele_m": 713,
        "ele_f": 782,
        "ele_t": 1495,
        "sz_tot": 2,
        "tipo_tras": "SZ"
    },
    "note": null,
    "scheda": [
        {
            "cod": 1,
            "desc": null,
            "sz_perv": 2,
            "vot_m": 177,
            "vot_f": 204,
            "vot_t": 381,
            "perc_vot": "25,48",
            "sk_bianche": 11,
            "sk_nulle": 3,
            "sk_contestate": 0,
            "voti_si": 330,
            "voti_no": 37,
            "perc_si": "89,92",
            "perc_no": "10,08",
            "dt_agg": 20250609192119
        },
        {
            "cod": 2,
            "desc": null,
            "sz_perv": 2,
            "vot_m": 177,
            "vot_f": 204,
            "vot_t": 381,
            "perc_vot": "25,48",
            "sk_bianche": 13,
            "sk_nulle": 2,
            "sk_contestate": 0,
            "voti_si": 315,
            "voti_no": 51,
            "perc_si": "86,07",
            "perc_no": "13,93",
            "dt_agg": 20250609192119
        },
        {
            "cod": 3,
            "desc": null,
            "sz_perv": 2,
            "vot_m": 177,
            "vot_f": 204,
            "vot_t": 381,
            "perc_vot": "25,48",
            "sk_bianche": 14,
            "sk_nulle": 3,
            "sk_contestate": 0,
            "voti_si": 317,
            "voti_no": 47,
            "perc_si": "87,09",
            "perc_no": "12,91",
            "dt_agg": 20250609192208
        },
        {
            "cod": 4,
            "desc": null,
            "sz_perv": 2,
            "vot_m": 177,
            "vot_f": 204,
            "vot_t": 381,
            "perc_vot": "25,48",
            "sk_bianche": 11,
            "sk_nulle": 3,
            "sk_contestate": 0,
            "voti_si": 312,
            "voti_no": 55,
            "perc_si": "85,01",
            "perc_no": "14,99",
            "dt_agg": 20250609192347
        },
        {
            "cod": 5,
            "desc": null,
            "sz_perv": 2,
            "vot_m": 177,
            "vot_f": 204,
            "vot_t": 381,
            "perc_vot": "25,48",
            "sk_bianche": 9,
            "sk_nulle": 2,
            "sk_contestate": 0,
            "voti_si": 203,
            "voti_no": 167,
            "perc_si": "54,86",
            "perc_no": "45,14",
            "dt_agg": 20250609192347
        }
    ]
}