{
    "int": {
        "st": "ESERCIZIO",
        "t_ele": "Referendum",
        "t_ref": "ABROGATIVO",
        "f_elet": "SCRUTINI",
        "dt_ele": 20250608000000,
        "l_terr": "COMUNE",
        "area": "I",
        "cod_com": 360,
        "desc_com": "FRESAGRANDINARIA",
        "cod_prov": 23,
        "desc_prov": "CHIETI",
        "cod_reg": 13,
        "desc_reg": "ABRUZZO",
        "ele_m": 357,
        "ele_f": 370,
        "ele_t": 727,
        "sz_tot": 2,
        "tipo_tras": "SZ"
    },
    "note": null,
    "scheda": [
        {
            "cod": 1,
            "desc": null,
            "sz_perv": 2,
            "vot_m": 104,
            "vot_f": 126,
            "vot_t": 230,
            "perc_vot": "31,64",
            "sk_bianche": 2,
            "sk_nulle": 4,
            "sk_contestate": 0,
            "voti_si": 210,
            "voti_no": 14,
            "perc_si": "93,75",
            "perc_no": "6,25",
            "dt_agg": 20250609174925
        },
        {
            "cod": 2,
            "desc": null,
            "sz_perv": 2,
            "vot_m": 104,
            "vot_f": 126,
            "vot_t": 230,
            "perc_vot": "31,64",
            "sk_bianche": 3,
            "sk_nulle": 4,
            "sk_contestate": 0,
            "voti_si": 205,
            "voti_no": 18,
            "perc_si": "91,93",
            "perc_no": "8,07",
            "dt_agg": 20250609174925
        },
        {
            "cod": 3,
            "desc": null,
            "sz_perv": 2,
            "vot_m": 104,
            "vot_f": 126,
            "vot_t": 230,
            "perc_vot": "31,64",
            "sk_bianche": 3,
            "sk_nulle": 3,
            "sk_contestate": 0,
            "voti_si": 208,
            "voti_no": 16,
            "perc_si": "92,86",
            "perc_no": "7,14",
            "dt_agg": 20250609174925
        },
        {
            "cod": 4,
            "desc": null,
            "sz_perv": 2,
            "vot_m": 104,
            "vot_f": 126,
            "vot_t": 230,
            "perc_vot": "31,64",
            "sk_bianche": 7,
            "sk_nulle": 4,
            "sk_contestate": 0,
            "voti_si": 198,
            "voti_no": 21,
            "perc_si": "90,41",
            "perc_no": "9,59",
            "dt_agg": 20250609174939
        },
        {
            "cod": 5,
            "desc": null,
            "sz_perv": 2,
            "vot_m": 104,
            "vot_f": 126,
            "vot_t": 230,
            "perc_vot": "31,64",
            "sk_bianche": 4,
            "sk_nulle": 2,
            "sk_contestate": 0,
            "voti_si": 141,
            "voti_no": 83,
            "perc_si": "62,95",
            "perc_no": "37,05",
            "dt_agg": 20250609175018
        }
    ]
}