{
    "int": {
        "st": "ESERCIZIO",
        "t_ele": "Referendum",
        "t_ref": "ABROGATIVO",
        "f_elet": "SCRUTINI",
        "dt_ele": 20250608000000,
        "l_terr": "COMUNE",
        "area": "I",
        "cod_com": 540,
        "desc_com": "MONTENERODOMO",
        "cod_prov": 23,
        "desc_prov": "CHIETI",
        "cod_reg": 13,
        "desc_reg": "ABRUZZO",
        "ele_m": 243,
        "ele_f": 222,
        "ele_t": 465,
        "sz_tot": 2,
        "tipo_tras": "SZ"
    },
    "note": null,
    "scheda": [
        {
            "cod": 1,
            "desc": null,
            "sz_perv": 2,
            "vot_m": 58,
            "vot_f": 75,
            "vot_t": 133,
            "perc_vot": "28,60",
            "sk_bianche": 9,
            "sk_nulle": 3,
            "sk_contestate": 0,
            "voti_si": 110,
            "voti_no": 11,
            "perc_si": "90,91",
            "perc_no": "9,09",
            "dt_agg": 20250609174110
        },
        {
            "cod": 2,
            "desc": null,
            "sz_perv": 2,
            "vot_m": 58,
            "vot_f": 75,
            "vot_t": 133,
            "perc_vot": "28,60",
            "sk_bianche": 7,
            "sk_nulle": 4,
            "sk_contestate": 0,
            "voti_si": 114,
            "voti_no": 8,
            "perc_si": "93,44",
            "perc_no": "6,56",
            "dt_agg": 20250609174156
        },
        {
            "cod": 3,
            "desc": null,
            "sz_perv": 2,
            "vot_m": 58,
            "vot_f": 75,
            "vot_t": 133,
            "perc_vot": "28,60",
            "sk_bianche": 7,
            "sk_nulle": 4,
            "sk_contestate": 0,
            "voti_si": 114,
            "voti_no": 8,
            "perc_si": "93,44",
            "perc_no": "6,56",
            "dt_agg": 20250609174237
        },
        {
            "cod": 4,
            "desc": null,
            "sz_perv": 2,
            "vot_m": 58,
            "vot_f": 75,
            "vot_t": 133,
            "perc_vot": "28,60",
            "sk_bianche": 9,
            "sk_nulle": 4,
            "sk_contestate": 0,
            "voti_si": 111,
            "voti_no": 9,
            "perc_si": "92,50",
            "perc_no": "7,50",
            "dt_agg": 20250609174329
        },
        {
            "cod": 5,
            "desc": null,
            "sz_perv": 2,
            "vot_m": 58,
            "vot_f": 75,
            "vot_t": 133,
            "perc_vot": "28,60",
            "sk_bianche": 9,
            "sk_nulle": 3,
            "sk_contestate": 0,
            "voti_si": 96,
            "voti_no": 25,
            "perc_si": "79,34",
            "perc_no": "20,66",
            "dt_agg": 20250609174419
        }
    ]
}