{
    "int": {
        "st": "ESERCIZIO",
        "t_ele": "Referendum",
        "t_ref": "ABROGATIVO",
        "f_elet": "SCRUTINI",
        "dt_ele": 20250608000000,
        "l_terr": "COMUNE",
        "area": "I",
        "cod_com": 730,
        "desc_com": "ROCCAMONTEPIANO",
        "cod_prov": 23,
        "desc_prov": "CHIETI",
        "cod_reg": 13,
        "desc_reg": "ABRUZZO",
        "ele_m": 638,
        "ele_f": 661,
        "ele_t": 1299,
        "sz_tot": 2,
        "tipo_tras": "SZ"
    },
    "note": null,
    "scheda": [
        {
            "cod": 1,
            "desc": null,
            "sz_perv": 2,
            "vot_m": 185,
            "vot_f": 197,
            "vot_t": 382,
            "perc_vot": "29,41",
            "sk_bianche": 17,
            "sk_nulle": 1,
            "sk_contestate": 0,
            "voti_si": 325,
            "voti_no": 39,
            "perc_si": "89,29",
            "perc_no": "10,71",
            "dt_agg": 20250609165259
        },
        {
            "cod": 2,
            "desc": null,
            "sz_perv": 2,
            "vot_m": 185,
            "vot_f": 197,
            "vot_t": 382,
            "perc_vot": "29,41",
            "sk_bianche": 17,
            "sk_nulle": 1,
            "sk_contestate": 0,
            "voti_si": 328,
            "voti_no": 36,
            "perc_si": "90,11",
            "perc_no": "9,89",
            "dt_agg": 20250609172423
        },
        {
            "cod": 3,
            "desc": null,
            "sz_perv": 2,
            "vot_m": 185,
            "vot_f": 197,
            "vot_t": 382,
            "perc_vot": "29,41",
            "sk_bianche": 19,
            "sk_nulle": 1,
            "sk_contestate": 0,
            "voti_si": 328,
            "voti_no": 34,
            "perc_si": "90,61",
            "perc_no": "9,39",
            "dt_agg": 20250609175422
        },
        {
            "cod": 4,
            "desc": null,
            "sz_perv": 2,
            "vot_m": 185,
            "vot_f": 197,
            "vot_t": 382,
            "perc_vot": "29,41",
            "sk_bianche": 17,
            "sk_nulle": 1,
            "sk_contestate": 0,
            "voti_si": 328,
            "voti_no": 36,
            "perc_si": "90,11",
            "perc_no": "9,89",
            "dt_agg": 20250609182003
        },
        {
            "cod": 5,
            "desc": null,
            "sz_perv": 2,
            "vot_m": 185,
            "vot_f": 197,
            "vot_t": 382,
            "perc_vot": "29,41",
            "sk_bianche": 16,
            "sk_nulle": 2,
            "sk_contestate": 0,
            "voti_si": 234,
            "voti_no": 130,
            "perc_si": "64,29",
            "perc_no": "35,71",
            "dt_agg": 20250609184648
        }
    ]
}