{
    "int": {
        "st": "ESERCIZIO",
        "t_ele": "Referendum",
        "t_ref": "ABROGATIVO",
        "f_elet": "SCRUTINI",
        "dt_ele": 20250608000000,
        "l_terr": "COMUNE",
        "area": "I",
        "cod_com": 920,
        "desc_com": "TORNARECCIO",
        "cod_prov": 23,
        "desc_prov": "CHIETI",
        "cod_reg": 13,
        "desc_reg": "ABRUZZO",
        "ele_m": 692,
        "ele_f": 692,
        "ele_t": 1384,
        "sz_tot": 3,
        "tipo_tras": "SZ"
    },
    "note": null,
    "scheda": [
        {
            "cod": 1,
            "desc": null,
            "sz_perv": 3,
            "vot_m": 234,
            "vot_f": 209,
            "vot_t": 443,
            "perc_vot": "32,01",
            "sk_bianche": 12,
            "sk_nulle": 4,
            "sk_contestate": 0,
            "voti_si": 386,
            "voti_no": 41,
            "perc_si": "90,40",
            "perc_no": "9,60",
            "dt_agg": 20250609174302
        },
        {
            "cod": 2,
            "desc": null,
            "sz_perv": 3,
            "vot_m": 234,
            "vot_f": 209,
            "vot_t": 443,
            "perc_vot": "32,01",
            "sk_bianche": 12,
            "sk_nulle": 4,
            "sk_contestate": 0,
            "voti_si": 383,
            "voti_no": 44,
            "perc_si": "89,70",
            "perc_no": "10,30",
            "dt_agg": 20250609174459
        },
        {
            "cod": 3,
            "desc": null,
            "sz_perv": 3,
            "vot_m": 234,
            "vot_f": 209,
            "vot_t": 443,
            "perc_vot": "32,01",
            "sk_bianche": 13,
            "sk_nulle": 4,
            "sk_contestate": 0,
            "voti_si": 386,
            "voti_no": 40,
            "perc_si": "90,61",
            "perc_no": "9,39",
            "dt_agg": 20250609174925
        },
        {
            "cod": 4,
            "desc": null,
            "sz_perv": 3,
            "vot_m": 234,
            "vot_f": 209,
            "vot_t": 443,
            "perc_vot": "32,01",
            "sk_bianche": 9,
            "sk_nulle": 7,
            "sk_contestate": 0,
            "voti_si": 369,
            "voti_no": 58,
            "perc_si": "86,42",
            "perc_no": "13,58",
            "dt_agg": 20250609174925
        },
        {
            "cod": 5,
            "desc": null,
            "sz_perv": 3,
            "vot_m": 233,
            "vot_f": 208,
            "vot_t": 441,
            "perc_vot": "31,86",
            "sk_bianche": 15,
            "sk_nulle": 3,
            "sk_contestate": 0,
            "voti_si": 240,
            "voti_no": 183,
            "perc_si": "56,74",
            "perc_no": "43,26",
            "dt_agg": 20250609174955
        }
    ]
}