{
    "int": {
        "st": "ESERCIZIO",
        "t_ele": "Referendum",
        "t_ref": "ABROGATIVO",
        "f_elet": "SCRUTINI",
        "dt_ele": 20250608000000,
        "l_terr": "COMUNE",
        "area": "I",
        "cod_com": 170,
        "desc_com": "CASOLI",
        "cod_prov": 23,
        "desc_prov": "CHIETI",
        "cod_reg": 13,
        "desc_reg": "ABRUZZO",
        "ele_m": 1957,
        "ele_f": 2051,
        "ele_t": 4008,
        "sz_tot": 7,
        "tipo_tras": "SZ"
    },
    "note": null,
    "scheda": [
        {
            "cod": 1,
            "desc": null,
            "sz_perv": 7,
            "vot_m": 533,
            "vot_f": 579,
            "vot_t": 1112,
            "perc_vot": "27,74",
            "sk_bianche": 33,
            "sk_nulle": 7,
            "sk_contestate": 0,
            "voti_si": 958,
            "voti_no": 114,
            "perc_si": "89,37",
            "perc_no": "10,63",
            "dt_agg": 20250609173335
        },
        {
            "cod": 2,
            "desc": null,
            "sz_perv": 7,
            "vot_m": 533,
            "vot_f": 579,
            "vot_t": 1112,
            "perc_vot": "27,74",
            "sk_bianche": 31,
            "sk_nulle": 9,
            "sk_contestate": 0,
            "voti_si": 927,
            "voti_no": 145,
            "perc_si": "86,47",
            "perc_no": "13,53",
            "dt_agg": 20250609174008
        },
        {
            "cod": 3,
            "desc": null,
            "sz_perv": 7,
            "vot_m": 533,
            "vot_f": 579,
            "vot_t": 1112,
            "perc_vot": "27,74",
            "sk_bianche": 28,
            "sk_nulle": 6,
            "sk_contestate": 0,
            "voti_si": 956,
            "voti_no": 122,
            "perc_si": "88,68",
            "perc_no": "11,32",
            "dt_agg": 20250609174615
        },
        {
            "cod": 4,
            "desc": null,
            "sz_perv": 7,
            "vot_m": 534,
            "vot_f": 578,
            "vot_t": 1112,
            "perc_vot": "27,74",
            "sk_bianche": 30,
            "sk_nulle": 5,
            "sk_contestate": 0,
            "voti_si": 927,
            "voti_no": 150,
            "perc_si": "86,07",
            "perc_no": "13,93",
            "dt_agg": 20250609175154
        },
        {
            "cod": 5,
            "desc": null,
            "sz_perv": 7,
            "vot_m": 535,
            "vot_f": 579,
            "vot_t": 1114,
            "perc_vot": "27,79",
            "sk_bianche": 22,
            "sk_nulle": 13,
            "sk_contestate": 0,
            "voti_si": 687,
            "voti_no": 392,
            "perc_si": "63,67",
            "perc_no": "36,33",
            "dt_agg": 20250609175751
        }
    ]
}