{
    "int": {
        "st": "ESERCIZIO",
        "t_ele": "Referendum",
        "t_ref": "ABROGATIVO",
        "f_elet": "SCRUTINI",
        "dt_ele": 20250608000000,
        "l_terr": "COMUNE",
        "area": "I",
        "cod_com": 350,
        "desc_com": "FRANCAVILLA AL MARE",
        "cod_prov": 23,
        "desc_prov": "CHIETI",
        "cod_reg": 13,
        "desc_reg": "ABRUZZO",
        "ele_m": 9867,
        "ele_f": 10860,
        "ele_t": 20727,
        "sz_tot": 22,
        "tipo_tras": "SZ"
    },
    "note": null,
    "scheda": [
        {
            "cod": 1,
            "desc": null,
            "sz_perv": 22,
            "vot_m": 2657,
            "vot_f": 3151,
            "vot_t": 5808,
            "perc_vot": "28,02",
            "sk_bianche": 83,
            "sk_nulle": 24,
            "sk_contestate": 0,
            "voti_si": 5182,
            "voti_no": 519,
            "perc_si": "90,90",
            "perc_no": "9,10",
            "dt_agg": 20250609185001
        },
        {
            "cod": 2,
            "desc": null,
            "sz_perv": 22,
            "vot_m": 2654,
            "vot_f": 3152,
            "vot_t": 5806,
            "perc_vot": "28,01",
            "sk_bianche": 82,
            "sk_nulle": 25,
            "sk_contestate": 0,
            "voti_si": 5102,
            "voti_no": 597,
            "perc_si": "89,52",
            "perc_no": "10,48",
            "dt_agg": 20250609185014
        },
        {
            "cod": 3,
            "desc": null,
            "sz_perv": 22,
            "vot_m": 2657,
            "vot_f": 3153,
            "vot_t": 5810,
            "perc_vot": "28,03",
            "sk_bianche": 85,
            "sk_nulle": 27,
            "sk_contestate": 0,
            "voti_si": 5177,
            "voti_no": 521,
            "perc_si": "90,86",
            "perc_no": "9,14",
            "dt_agg": 20250609185041
        },
        {
            "cod": 4,
            "desc": null,
            "sz_perv": 22,
            "vot_m": 2659,
            "vot_f": 3153,
            "vot_t": 5812,
            "perc_vot": "28,04",
            "sk_bianche": 76,
            "sk_nulle": 22,
            "sk_contestate": 0,
            "voti_si": 5050,
            "voti_no": 664,
            "perc_si": "88,38",
            "perc_no": "11,62",
            "dt_agg": 20250609185200
        },
        {
            "cod": 5,
            "desc": null,
            "sz_perv": 22,
            "vot_m": 2655,
            "vot_f": 3152,
            "vot_t": 5807,
            "perc_vot": "28,02",
            "sk_bianche": 89,
            "sk_nulle": 31,
            "sk_contestate": 0,
            "voti_si": 3795,
            "voti_no": 1892,
            "perc_si": "66,73",
            "perc_no": "33,27",
            "dt_agg": 20250609185348
        }
    ]
}