{
    "int": {
        "st": "ESERCIZIO",
        "t_ele": "Referendum",
        "t_ref": "ABROGATIVO",
        "f_elet": "SCRUTINI",
        "dt_ele": 20250608000000,
        "l_terr": "COMUNE",
        "area": "I",
        "cod_com": 610,
        "desc_com": "PALMOLI",
        "cod_prov": 23,
        "desc_prov": "CHIETI",
        "cod_reg": 13,
        "desc_reg": "ABRUZZO",
        "ele_m": 336,
        "ele_f": 306,
        "ele_t": 642,
        "sz_tot": 2,
        "tipo_tras": "SZ"
    },
    "note": null,
    "scheda": [
        {
            "cod": 1,
            "desc": null,
            "sz_perv": 2,
            "vot_m": 105,
            "vot_f": 87,
            "vot_t": 192,
            "perc_vot": "29,91",
            "sk_bianche": 10,
            "sk_nulle": 1,
            "sk_contestate": 0,
            "voti_si": 163,
            "voti_no": 18,
            "perc_si": "90,06",
            "perc_no": "9,94",
            "dt_agg": 20250609173924
        },
        {
            "cod": 2,
            "desc": null,
            "sz_perv": 2,
            "vot_m": 105,
            "vot_f": 87,
            "vot_t": 192,
            "perc_vot": "29,91",
            "sk_bianche": 9,
            "sk_nulle": 2,
            "sk_contestate": 0,
            "voti_si": 161,
            "voti_no": 20,
            "perc_si": "88,95",
            "perc_no": "11,05",
            "dt_agg": 20250609174045
        },
        {
            "cod": 3,
            "desc": null,
            "sz_perv": 2,
            "vot_m": 105,
            "vot_f": 87,
            "vot_t": 192,
            "perc_vot": "29,91",
            "sk_bianche": 9,
            "sk_nulle": 1,
            "sk_contestate": 0,
            "voti_si": 163,
            "voti_no": 19,
            "perc_si": "89,56",
            "perc_no": "10,44",
            "dt_agg": 20250609174200
        },
        {
            "cod": 4,
            "desc": null,
            "sz_perv": 2,
            "vot_m": 105,
            "vot_f": 87,
            "vot_t": 192,
            "perc_vot": "29,91",
            "sk_bianche": 12,
            "sk_nulle": 1,
            "sk_contestate": 0,
            "voti_si": 162,
            "voti_no": 17,
            "perc_si": "90,50",
            "perc_no": "9,50",
            "dt_agg": 20250609174328
        },
        {
            "cod": 5,
            "desc": null,
            "sz_perv": 2,
            "vot_m": 105,
            "vot_f": 87,
            "vot_t": 192,
            "perc_vot": "29,91",
            "sk_bianche": 11,
            "sk_nulle": 2,
            "sk_contestate": 0,
            "voti_si": 97,
            "voti_no": 82,
            "perc_si": "54,19",
            "perc_no": "45,81",
            "dt_agg": 20250609174449
        }
    ]
}