{
    "int": {
        "st": "ESERCIZIO",
        "t_ele": "Referendum",
        "t_ref": "ABROGATIVO",
        "f_elet": "SCRUTINI",
        "dt_ele": 20250608000000,
        "l_terr": "COMUNE",
        "area": "I",
        "cod_com": 940,
        "desc_com": "TORREVECCHIA TEATINA",
        "cod_prov": 23,
        "desc_prov": "CHIETI",
        "cod_reg": 13,
        "desc_reg": "ABRUZZO",
        "ele_m": 1669,
        "ele_f": 1708,
        "ele_t": 3377,
        "sz_tot": 3,
        "tipo_tras": "SZ"
    },
    "note": null,
    "scheda": [
        {
            "cod": 1,
            "desc": null,
            "sz_perv": 3,
            "vot_m": 417,
            "vot_f": 470,
            "vot_t": 887,
            "perc_vot": "26,27",
            "sk_bianche": 23,
            "sk_nulle": 6,
            "sk_contestate": 0,
            "voti_si": 773,
            "voti_no": 85,
            "perc_si": "90,09",
            "perc_no": "9,91",
            "dt_agg": 20250609175753
        },
        {
            "cod": 2,
            "desc": null,
            "sz_perv": 3,
            "vot_m": 417,
            "vot_f": 470,
            "vot_t": 887,
            "perc_vot": "26,27",
            "sk_bianche": 22,
            "sk_nulle": 5,
            "sk_contestate": 0,
            "voti_si": 758,
            "voti_no": 102,
            "perc_si": "88,14",
            "perc_no": "11,86",
            "dt_agg": 20250609175848
        },
        {
            "cod": 3,
            "desc": null,
            "sz_perv": 3,
            "vot_m": 418,
            "vot_f": 470,
            "vot_t": 888,
            "perc_vot": "26,30",
            "sk_bianche": 21,
            "sk_nulle": 5,
            "sk_contestate": 0,
            "voti_si": 772,
            "voti_no": 90,
            "perc_si": "89,56",
            "perc_no": "10,44",
            "dt_agg": 20250609175906
        },
        {
            "cod": 4,
            "desc": null,
            "sz_perv": 3,
            "vot_m": 418,
            "vot_f": 470,
            "vot_t": 888,
            "perc_vot": "26,30",
            "sk_bianche": 24,
            "sk_nulle": 5,
            "sk_contestate": 0,
            "voti_si": 741,
            "voti_no": 118,
            "perc_si": "86,26",
            "perc_no": "13,74",
            "dt_agg": 20250609180011
        },
        {
            "cod": 5,
            "desc": null,
            "sz_perv": 3,
            "vot_m": 418,
            "vot_f": 470,
            "vot_t": 888,
            "perc_vot": "26,30",
            "sk_bianche": 22,
            "sk_nulle": 6,
            "sk_contestate": 0,
            "voti_si": 519,
            "voti_no": 341,
            "perc_si": "60,35",
            "perc_no": "39,65",
            "dt_agg": 20250609180049
        }
    ]
}