{
    "int": {
        "st": "ESERCIZIO",
        "t_ele": "Referendum",
        "t_ref": "ABROGATIVO",
        "f_elet": "SCRUTINI",
        "dt_ele": 20250608000000,
        "l_terr": "COMUNE",
        "area": "I",
        "cod_com": 780,
        "desc_com": "ROSELLO",
        "cod_prov": 23,
        "desc_prov": "CHIETI",
        "cod_reg": 13,
        "desc_reg": "ABRUZZO",
        "ele_m": 72,
        "ele_f": 72,
        "ele_t": 144,
        "sz_tot": 2,
        "tipo_tras": "SZ"
    },
    "note": null,
    "scheda": [
        {
            "cod": 1,
            "desc": null,
            "sz_perv": 2,
            "vot_m": 61,
            "vot_f": 34,
            "vot_t": 95,
            "perc_vot": "65,97",
            "sk_bianche": 1,
            "sk_nulle": 1,
            "sk_contestate": 0,
            "voti_si": 85,
            "voti_no": 8,
            "perc_si": "91,40",
            "perc_no": "8,60",
            "dt_agg": 20250609163925
        },
        {
            "cod": 2,
            "desc": null,
            "sz_perv": 2,
            "vot_m": 61,
            "vot_f": 34,
            "vot_t": 95,
            "perc_vot": "65,97",
            "sk_bianche": 1,
            "sk_nulle": 1,
            "sk_contestate": 0,
            "voti_si": 88,
            "voti_no": 5,
            "perc_si": "94,62",
            "perc_no": "5,38",
            "dt_agg": 20250609164429
        },
        {
            "cod": 3,
            "desc": null,
            "sz_perv": 2,
            "vot_m": 61,
            "vot_f": 34,
            "vot_t": 95,
            "perc_vot": "65,97",
            "sk_bianche": 1,
            "sk_nulle": 1,
            "sk_contestate": 0,
            "voti_si": 86,
            "voti_no": 7,
            "perc_si": "92,47",
            "perc_no": "7,53",
            "dt_agg": 20250609165839
        },
        {
            "cod": 4,
            "desc": null,
            "sz_perv": 2,
            "vot_m": 61,
            "vot_f": 34,
            "vot_t": 95,
            "perc_vot": "65,97",
            "sk_bianche": 1,
            "sk_nulle": 1,
            "sk_contestate": 0,
            "voti_si": 85,
            "voti_no": 8,
            "perc_si": "91,40",
            "perc_no": "8,60",
            "dt_agg": 20250609170215
        },
        {
            "cod": 5,
            "desc": null,
            "sz_perv": 2,
            "vot_m": 62,
            "vot_f": 34,
            "vot_t": 96,
            "perc_vot": "66,67",
            "sk_bianche": 1,
            "sk_nulle": 1,
            "sk_contestate": 0,
            "voti_si": 73,
            "voti_no": 21,
            "perc_si": "77,66",
            "perc_no": "22,34",
            "dt_agg": 20250609170623
        }
    ]
}