{
    "int": {
        "st": "ESERCIZIO",
        "t_ele": "Referendum",
        "t_ref": "ABROGATIVO",
        "f_elet": "SCRUTINI",
        "dt_ele": 20250608000000,
        "l_terr": "COMUNE",
        "area": "I",
        "cod_com": 1020,
        "desc_com": "VILLA SANTA MARIA",
        "cod_prov": 23,
        "desc_prov": "CHIETI",
        "cod_reg": 13,
        "desc_reg": "ABRUZZO",
        "ele_m": 492,
        "ele_f": 483,
        "ele_t": 975,
        "sz_tot": 2,
        "tipo_tras": "SZ"
    },
    "note": null,
    "scheda": [
        {
            "cod": 1,
            "desc": null,
            "sz_perv": 2,
            "vot_m": 134,
            "vot_f": 134,
            "vot_t": 268,
            "perc_vot": "27,49",
            "sk_bianche": 15,
            "sk_nulle": 1,
            "sk_contestate": 0,
            "voti_si": 214,
            "voti_no": 38,
            "perc_si": "84,92",
            "perc_no": "15,08",
            "dt_agg": 20250609171941
        },
        {
            "cod": 2,
            "desc": null,
            "sz_perv": 2,
            "vot_m": 134,
            "vot_f": 134,
            "vot_t": 268,
            "perc_vot": "27,49",
            "sk_bianche": 15,
            "sk_nulle": 1,
            "sk_contestate": 0,
            "voti_si": 209,
            "voti_no": 43,
            "perc_si": "82,94",
            "perc_no": "17,06",
            "dt_agg": 20250609172149
        },
        {
            "cod": 3,
            "desc": null,
            "sz_perv": 2,
            "vot_m": 134,
            "vot_f": 134,
            "vot_t": 268,
            "perc_vot": "27,49",
            "sk_bianche": 14,
            "sk_nulle": 2,
            "sk_contestate": 0,
            "voti_si": 214,
            "voti_no": 38,
            "perc_si": "84,92",
            "perc_no": "15,08",
            "dt_agg": 20250609172218
        },
        {
            "cod": 4,
            "desc": null,
            "sz_perv": 2,
            "vot_m": 134,
            "vot_f": 134,
            "vot_t": 268,
            "perc_vot": "27,49",
            "sk_bianche": 16,
            "sk_nulle": 2,
            "sk_contestate": 0,
            "voti_si": 210,
            "voti_no": 40,
            "perc_si": "84,00",
            "perc_no": "16,00",
            "dt_agg": 20250609172241
        },
        {
            "cod": 5,
            "desc": null,
            "sz_perv": 2,
            "vot_m": 133,
            "vot_f": 131,
            "vot_t": 264,
            "perc_vot": "27,08",
            "sk_bianche": 7,
            "sk_nulle": 4,
            "sk_contestate": 0,
            "voti_si": 129,
            "voti_no": 124,
            "perc_si": "50,99",
            "perc_no": "49,01",
            "dt_agg": 20250609172318
        }
    ]
}