{
    "int": {
        "st": "ESERCIZIO",
        "t_ele": "Referendum",
        "t_ref": "ABROGATIVO",
        "f_elet": "SCRUTINI",
        "dt_ele": 20250608000000,
        "l_terr": "COMUNE",
        "area": "I",
        "cod_com": 20,
        "desc_com": "ARCHI",
        "cod_prov": 23,
        "desc_prov": "CHIETI",
        "cod_reg": 13,
        "desc_reg": "ABRUZZO",
        "ele_m": 780,
        "ele_f": 818,
        "ele_t": 1598,
        "sz_tot": 3,
        "tipo_tras": "SZ"
    },
    "note": null,
    "scheda": [
        {
            "cod": 1,
            "desc": null,
            "sz_perv": 3,
            "vot_m": 263,
            "vot_f": 274,
            "vot_t": 537,
            "perc_vot": "33,60",
            "sk_bianche": 16,
            "sk_nulle": 6,
            "sk_contestate": 0,
            "voti_si": 460,
            "voti_no": 55,
            "perc_si": "89,32",
            "perc_no": "10,68",
            "dt_agg": 20250609191606
        },
        {
            "cod": 2,
            "desc": null,
            "sz_perv": 3,
            "vot_m": 263,
            "vot_f": 274,
            "vot_t": 537,
            "perc_vot": "33,60",
            "sk_bianche": 13,
            "sk_nulle": 5,
            "sk_contestate": 0,
            "voti_si": 459,
            "voti_no": 60,
            "perc_si": "88,44",
            "perc_no": "11,56",
            "dt_agg": 20250609191721
        },
        {
            "cod": 3,
            "desc": null,
            "sz_perv": 3,
            "vot_m": 263,
            "vot_f": 274,
            "vot_t": 537,
            "perc_vot": "33,60",
            "sk_bianche": 15,
            "sk_nulle": 5,
            "sk_contestate": 0,
            "voti_si": 466,
            "voti_no": 51,
            "perc_si": "90,14",
            "perc_no": "9,86",
            "dt_agg": 20250609191833
        },
        {
            "cod": 4,
            "desc": null,
            "sz_perv": 3,
            "vot_m": 263,
            "vot_f": 274,
            "vot_t": 537,
            "perc_vot": "33,60",
            "sk_bianche": 15,
            "sk_nulle": 5,
            "sk_contestate": 0,
            "voti_si": 457,
            "voti_no": 60,
            "perc_si": "88,39",
            "perc_no": "11,61",
            "dt_agg": 20250609192119
        },
        {
            "cod": 5,
            "desc": null,
            "sz_perv": 3,
            "vot_m": 263,
            "vot_f": 274,
            "vot_t": 537,
            "perc_vot": "33,60",
            "sk_bianche": 15,
            "sk_nulle": 9,
            "sk_contestate": 0,
            "voti_si": 290,
            "voti_no": 223,
            "perc_si": "56,53",
            "perc_no": "43,47",
            "dt_agg": 20250609192143
        }
    ]
}