{
    "int": {
        "st": "ESERCIZIO",
        "t_ele": "Referendum",
        "t_ref": "ABROGATIVO",
        "f_elet": "SCRUTINI",
        "dt_ele": 20250608000000,
        "l_terr": "COMUNE",
        "area": "I",
        "cod_com": 450,
        "desc_com": "LAMA DEI PELIGNI",
        "cod_prov": 23,
        "desc_prov": "CHIETI",
        "cod_reg": 13,
        "desc_reg": "ABRUZZO",
        "ele_m": 438,
        "ele_f": 440,
        "ele_t": 878,
        "sz_tot": 2,
        "tipo_tras": "SZ"
    },
    "note": null,
    "scheda": [
        {
            "cod": 1,
            "desc": null,
            "sz_perv": 2,
            "vot_m": 201,
            "vot_f": 198,
            "vot_t": 399,
            "perc_vot": "45,44",
            "sk_bianche": 7,
            "sk_nulle": 6,
            "sk_contestate": 0,
            "voti_si": 351,
            "voti_no": 35,
            "perc_si": "90,93",
            "perc_no": "9,07",
            "dt_agg": 20250609180923
        },
        {
            "cod": 2,
            "desc": null,
            "sz_perv": 2,
            "vot_m": 201,
            "vot_f": 198,
            "vot_t": 399,
            "perc_vot": "45,44",
            "sk_bianche": 5,
            "sk_nulle": 4,
            "sk_contestate": 0,
            "voti_si": 351,
            "voti_no": 39,
            "perc_si": "90,00",
            "perc_no": "10,00",
            "dt_agg": 20250609181114
        },
        {
            "cod": 3,
            "desc": null,
            "sz_perv": 2,
            "vot_m": 201,
            "vot_f": 198,
            "vot_t": 399,
            "perc_vot": "45,44",
            "sk_bianche": 9,
            "sk_nulle": 5,
            "sk_contestate": 0,
            "voti_si": 342,
            "voti_no": 43,
            "perc_si": "88,83",
            "perc_no": "11,17",
            "dt_agg": 20250609181258
        },
        {
            "cod": 4,
            "desc": null,
            "sz_perv": 2,
            "vot_m": 201,
            "vot_f": 198,
            "vot_t": 399,
            "perc_vot": "45,44",
            "sk_bianche": 8,
            "sk_nulle": 5,
            "sk_contestate": 0,
            "voti_si": 340,
            "voti_no": 46,
            "perc_si": "88,08",
            "perc_no": "11,92",
            "dt_agg": 20250609181454
        },
        {
            "cod": 5,
            "desc": null,
            "sz_perv": 2,
            "vot_m": 201,
            "vot_f": 198,
            "vot_t": 399,
            "perc_vot": "45,44",
            "sk_bianche": 8,
            "sk_nulle": 7,
            "sk_contestate": 0,
            "voti_si": 239,
            "voti_no": 145,
            "perc_si": "62,24",
            "perc_no": "37,76",
            "dt_agg": 20250609181640
        }
    ]
}