{
    "int": {
        "st": "ESERCIZIO",
        "t_ele": "Referendum",
        "t_ref": "ABROGATIVO",
        "f_elet": "SCRUTINI",
        "dt_ele": 20250608000000,
        "l_terr": "COMUNE",
        "area": "I",
        "cod_com": 280,
        "desc_com": "CUPELLO",
        "cod_prov": 23,
        "desc_prov": "CHIETI",
        "cod_reg": 13,
        "desc_reg": "ABRUZZO",
        "ele_m": 1884,
        "ele_f": 1965,
        "ele_t": 3849,
        "sz_tot": 6,
        "tipo_tras": "SZ"
    },
    "note": null,
    "scheda": [
        {
            "cod": 1,
            "desc": null,
            "sz_perv": 6,
            "vot_m": 544,
            "vot_f": 566,
            "vot_t": 1110,
            "perc_vot": "28,84",
            "sk_bianche": 25,
            "sk_nulle": 9,
            "sk_contestate": 0,
            "voti_si": 993,
            "voti_no": 83,
            "perc_si": "92,29",
            "perc_no": "7,71",
            "dt_agg": 20250609191857
        },
        {
            "cod": 2,
            "desc": null,
            "sz_perv": 6,
            "vot_m": 544,
            "vot_f": 566,
            "vot_t": 1110,
            "perc_vot": "28,84",
            "sk_bianche": 24,
            "sk_nulle": 12,
            "sk_contestate": 0,
            "voti_si": 966,
            "voti_no": 108,
            "perc_si": "89,94",
            "perc_no": "10,06",
            "dt_agg": 20250609191927
        },
        {
            "cod": 3,
            "desc": null,
            "sz_perv": 6,
            "vot_m": 545,
            "vot_f": 566,
            "vot_t": 1111,
            "perc_vot": "28,86",
            "sk_bianche": 27,
            "sk_nulle": 9,
            "sk_contestate": 0,
            "voti_si": 982,
            "voti_no": 93,
            "perc_si": "91,35",
            "perc_no": "8,65",
            "dt_agg": 20250609192119
        },
        {
            "cod": 4,
            "desc": null,
            "sz_perv": 6,
            "vot_m": 544,
            "vot_f": 566,
            "vot_t": 1110,
            "perc_vot": "28,84",
            "sk_bianche": 28,
            "sk_nulle": 22,
            "sk_contestate": 0,
            "voti_si": 954,
            "voti_no": 106,
            "perc_si": "90,00",
            "perc_no": "10,00",
            "dt_agg": 20250609192119
        },
        {
            "cod": 5,
            "desc": null,
            "sz_perv": 6,
            "vot_m": 541,
            "vot_f": 563,
            "vot_t": 1104,
            "perc_vot": "28,68",
            "sk_bianche": 29,
            "sk_nulle": 15,
            "sk_contestate": 0,
            "voti_si": 578,
            "voti_no": 482,
            "perc_si": "54,53",
            "perc_no": "45,47",
            "dt_agg": 20250609192119
        }
    ]
}