{
    "int": {
        "st": "ESERCIZIO",
        "t_ele": "Referendum",
        "t_ref": "ABROGATIVO",
        "f_elet": "SCRUTINI",
        "dt_ele": 20250608000000,
        "l_terr": "COMUNE",
        "area": "I",
        "cod_com": 30,
        "desc_com": "ARI",
        "cod_prov": 23,
        "desc_prov": "CHIETI",
        "cod_reg": 13,
        "desc_reg": "ABRUZZO",
        "ele_m": 441,
        "ele_f": 423,
        "ele_t": 864,
        "sz_tot": 2,
        "tipo_tras": "SZ"
    },
    "note": null,
    "scheda": [
        {
            "cod": 1,
            "desc": null,
            "sz_perv": 2,
            "vot_m": 117,
            "vot_f": 121,
            "vot_t": 238,
            "perc_vot": "27,55",
            "sk_bianche": 11,
            "sk_nulle": 1,
            "sk_contestate": 0,
            "voti_si": 209,
            "voti_no": 17,
            "perc_si": "92,48",
            "perc_no": "7,52",
            "dt_agg": 20250609165910
        },
        {
            "cod": 2,
            "desc": null,
            "sz_perv": 2,
            "vot_m": 117,
            "vot_f": 121,
            "vot_t": 238,
            "perc_vot": "27,55",
            "sk_bianche": 10,
            "sk_nulle": 2,
            "sk_contestate": 0,
            "voti_si": 204,
            "voti_no": 22,
            "perc_si": "90,27",
            "perc_no": "9,73",
            "dt_agg": 20250609165950
        },
        {
            "cod": 3,
            "desc": null,
            "sz_perv": 2,
            "vot_m": 117,
            "vot_f": 121,
            "vot_t": 238,
            "perc_vot": "27,55",
            "sk_bianche": 10,
            "sk_nulle": 3,
            "sk_contestate": 0,
            "voti_si": 209,
            "voti_no": 16,
            "perc_si": "92,89",
            "perc_no": "7,11",
            "dt_agg": 20250609170022
        },
        {
            "cod": 4,
            "desc": null,
            "sz_perv": 2,
            "vot_m": 117,
            "vot_f": 121,
            "vot_t": 238,
            "perc_vot": "27,55",
            "sk_bianche": 11,
            "sk_nulle": 5,
            "sk_contestate": 0,
            "voti_si": 201,
            "voti_no": 21,
            "perc_si": "90,54",
            "perc_no": "9,46",
            "dt_agg": 20250609170052
        },
        {
            "cod": 5,
            "desc": null,
            "sz_perv": 2,
            "vot_m": 117,
            "vot_f": 121,
            "vot_t": 238,
            "perc_vot": "27,55",
            "sk_bianche": 11,
            "sk_nulle": 3,
            "sk_contestate": 0,
            "voti_si": 136,
            "voti_no": 88,
            "perc_si": "60,71",
            "perc_no": "39,29",
            "dt_agg": 20250609170113
        }
    ]
}