{
    "int": {
        "st": "ESERCIZIO",
        "t_ele": "Referendum",
        "t_ref": "ABROGATIVO",
        "f_elet": "SCRUTINI",
        "dt_ele": 20250608000000,
        "l_terr": "COMUNE",
        "area": "I",
        "cod_com": 480,
        "desc_com": "LETTOPALENA",
        "cod_prov": 23,
        "desc_prov": "CHIETI",
        "cod_reg": 13,
        "desc_reg": "ABRUZZO",
        "ele_m": 153,
        "ele_f": 119,
        "ele_t": 272,
        "sz_tot": 1,
        "tipo_tras": "SZ"
    },
    "note": null,
    "scheda": [
        {
            "cod": 1,
            "desc": null,
            "sz_perv": 1,
            "vot_m": 63,
            "vot_f": 56,
            "vot_t": 119,
            "perc_vot": "43,75",
            "sk_bianche": 0,
            "sk_nulle": 1,
            "sk_contestate": 0,
            "voti_si": 111,
            "voti_no": 7,
            "perc_si": "94,07",
            "perc_no": "5,93",
            "dt_agg": 20250609175534
        },
        {
            "cod": 2,
            "desc": null,
            "sz_perv": 1,
            "vot_m": 63,
            "vot_f": 56,
            "vot_t": 119,
            "perc_vot": "43,75",
            "sk_bianche": 1,
            "sk_nulle": 1,
            "sk_contestate": 0,
            "voti_si": 110,
            "voti_no": 7,
            "perc_si": "94,02",
            "perc_no": "5,98",
            "dt_agg": 20250609175622
        },
        {
            "cod": 3,
            "desc": null,
            "sz_perv": 1,
            "vot_m": 63,
            "vot_f": 56,
            "vot_t": 119,
            "perc_vot": "43,75",
            "sk_bianche": 0,
            "sk_nulle": 1,
            "sk_contestate": 0,
            "voti_si": 112,
            "voti_no": 6,
            "perc_si": "94,92",
            "perc_no": "5,08",
            "dt_agg": 20250609175719
        },
        {
            "cod": 4,
            "desc": null,
            "sz_perv": 1,
            "vot_m": 63,
            "vot_f": 56,
            "vot_t": 119,
            "perc_vot": "43,75",
            "sk_bianche": 1,
            "sk_nulle": 1,
            "sk_contestate": 0,
            "voti_si": 110,
            "voti_no": 7,
            "perc_si": "94,02",
            "perc_no": "5,98",
            "dt_agg": 20250609175800
        },
        {
            "cod": 5,
            "desc": null,
            "sz_perv": 1,
            "vot_m": 63,
            "vot_f": 56,
            "vot_t": 119,
            "perc_vot": "43,75",
            "sk_bianche": 2,
            "sk_nulle": 2,
            "sk_contestate": 0,
            "voti_si": 79,
            "voti_no": 36,
            "perc_si": "68,70",
            "perc_no": "31,30",
            "dt_agg": 20250609175955
        }
    ]
}