{
    "int": {
        "st": "ESERCIZIO",
        "t_ele": "Referendum",
        "t_ref": "ABROGATIVO",
        "f_elet": "SCRUTINI",
        "dt_ele": 20250608000000,
        "l_terr": "COMUNE",
        "area": "I",
        "cod_com": 660,
        "desc_com": "PIZZOFERRATO",
        "cod_prov": 23,
        "desc_prov": "CHIETI",
        "cod_reg": 13,
        "desc_reg": "ABRUZZO",
        "ele_m": 464,
        "ele_f": 399,
        "ele_t": 863,
        "sz_tot": 2,
        "tipo_tras": "SZ"
    },
    "note": null,
    "scheda": [
        {
            "cod": 1,
            "desc": null,
            "sz_perv": 2,
            "vot_m": 128,
            "vot_f": 118,
            "vot_t": 246,
            "perc_vot": "28,51",
            "sk_bianche": 12,
            "sk_nulle": 5,
            "sk_contestate": 0,
            "voti_si": 210,
            "voti_no": 19,
            "perc_si": "91,70",
            "perc_no": "8,30",
            "dt_agg": 20250609195826
        },
        {
            "cod": 2,
            "desc": null,
            "sz_perv": 2,
            "vot_m": 128,
            "vot_f": 118,
            "vot_t": 246,
            "perc_vot": "28,51",
            "sk_bianche": 13,
            "sk_nulle": 4,
            "sk_contestate": 0,
            "voti_si": 202,
            "voti_no": 27,
            "perc_si": "88,21",
            "perc_no": "11,79",
            "dt_agg": 20250609195904
        },
        {
            "cod": 3,
            "desc": null,
            "sz_perv": 2,
            "vot_m": 128,
            "vot_f": 118,
            "vot_t": 246,
            "perc_vot": "28,51",
            "sk_bianche": 11,
            "sk_nulle": 4,
            "sk_contestate": 0,
            "voti_si": 204,
            "voti_no": 27,
            "perc_si": "88,31",
            "perc_no": "11,69",
            "dt_agg": 20250609195922
        },
        {
            "cod": 4,
            "desc": null,
            "sz_perv": 2,
            "vot_m": 128,
            "vot_f": 118,
            "vot_t": 246,
            "perc_vot": "28,51",
            "sk_bianche": 13,
            "sk_nulle": 5,
            "sk_contestate": 0,
            "voti_si": 202,
            "voti_no": 26,
            "perc_si": "88,60",
            "perc_no": "11,40",
            "dt_agg": 20250609195953
        },
        {
            "cod": 5,
            "desc": null,
            "sz_perv": 2,
            "vot_m": 128,
            "vot_f": 118,
            "vot_t": 246,
            "perc_vot": "28,51",
            "sk_bianche": 8,
            "sk_nulle": 3,
            "sk_contestate": 0,
            "voti_si": 119,
            "voti_no": 116,
            "perc_si": "50,64",
            "perc_no": "49,36",
            "dt_agg": 20250609195809
        }
    ]
}