{
    "int": {
        "st": "ESERCIZIO",
        "t_ele": "Referendum",
        "t_ref": "ABROGATIVO",
        "f_elet": "SCRUTINI",
        "dt_ele": 20250608000000,
        "l_terr": "COMUNE",
        "area": "I",
        "cod_com": 291,
        "desc_com": "FALLO",
        "cod_prov": 23,
        "desc_prov": "CHIETI",
        "cod_reg": 13,
        "desc_reg": "ABRUZZO",
        "ele_m": 59,
        "ele_f": 44,
        "ele_t": 103,
        "sz_tot": 1,
        "tipo_tras": "SZ"
    },
    "note": null,
    "scheda": [
        {
            "cod": 1,
            "desc": null,
            "sz_perv": 1,
            "vot_m": 15,
            "vot_f": 21,
            "vot_t": 36,
            "perc_vot": "34,95",
            "sk_bianche": 3,
            "sk_nulle": 0,
            "sk_contestate": 0,
            "voti_si": 29,
            "voti_no": 4,
            "perc_si": "87,88",
            "perc_no": "12,12",
            "dt_agg": 20250609155938
        },
        {
            "cod": 2,
            "desc": null,
            "sz_perv": 1,
            "vot_m": 15,
            "vot_f": 21,
            "vot_t": 36,
            "perc_vot": "34,95",
            "sk_bianche": 3,
            "sk_nulle": 0,
            "sk_contestate": 0,
            "voti_si": 28,
            "voti_no": 5,
            "perc_si": "84,85",
            "perc_no": "15,15",
            "dt_agg": 20250609160300
        },
        {
            "cod": 3,
            "desc": null,
            "sz_perv": 1,
            "vot_m": 15,
            "vot_f": 21,
            "vot_t": 36,
            "perc_vot": "34,95",
            "sk_bianche": 3,
            "sk_nulle": 0,
            "sk_contestate": 0,
            "voti_si": 29,
            "voti_no": 4,
            "perc_si": "87,88",
            "perc_no": "12,12",
            "dt_agg": 20250609160300
        },
        {
            "cod": 4,
            "desc": null,
            "sz_perv": 1,
            "vot_m": 15,
            "vot_f": 21,
            "vot_t": 36,
            "perc_vot": "34,95",
            "sk_bianche": 3,
            "sk_nulle": 0,
            "sk_contestate": 0,
            "voti_si": 28,
            "voti_no": 5,
            "perc_si": "84,85",
            "perc_no": "15,15",
            "dt_agg": 20250609160301
        },
        {
            "cod": 5,
            "desc": null,
            "sz_perv": 1,
            "vot_m": 15,
            "vot_f": 21,
            "vot_t": 36,
            "perc_vot": "34,95",
            "sk_bianche": 4,
            "sk_nulle": 0,
            "sk_contestate": 0,
            "voti_si": 19,
            "voti_no": 13,
            "perc_si": "59,38",
            "perc_no": "40,63",
            "dt_agg": 20250609160324
        }
    ]
}