{
    "int": {
        "st": "ESERCIZIO",
        "t_ele": "Referendum",
        "t_ref": "ABROGATIVO",
        "f_elet": "SCRUTINI",
        "dt_ele": 20250608000000,
        "l_terr": "COMUNE",
        "area": "I",
        "cod_com": 550,
        "desc_com": "MONTEODORISIO",
        "cod_prov": 23,
        "desc_prov": "CHIETI",
        "cod_reg": 13,
        "desc_reg": "ABRUZZO",
        "ele_m": 938,
        "ele_f": 950,
        "ele_t": 1888,
        "sz_tot": 3,
        "tipo_tras": "SZ"
    },
    "note": null,
    "scheda": [
        {
            "cod": 1,
            "desc": null,
            "sz_perv": 3,
            "vot_m": 295,
            "vot_f": 272,
            "vot_t": 567,
            "perc_vot": "30,03",
            "sk_bianche": 10,
            "sk_nulle": 7,
            "sk_contestate": 0,
            "voti_si": 510,
            "voti_no": 40,
            "perc_si": "92,73",
            "perc_no": "7,27",
            "dt_agg": 20250609180201
        },
        {
            "cod": 2,
            "desc": null,
            "sz_perv": 3,
            "vot_m": 295,
            "vot_f": 272,
            "vot_t": 567,
            "perc_vot": "30,03",
            "sk_bianche": 11,
            "sk_nulle": 3,
            "sk_contestate": 0,
            "voti_si": 494,
            "voti_no": 59,
            "perc_si": "89,33",
            "perc_no": "10,67",
            "dt_agg": 20250609180427
        },
        {
            "cod": 3,
            "desc": null,
            "sz_perv": 3,
            "vot_m": 295,
            "vot_f": 272,
            "vot_t": 567,
            "perc_vot": "30,03",
            "sk_bianche": 12,
            "sk_nulle": 3,
            "sk_contestate": 0,
            "voti_si": 504,
            "voti_no": 48,
            "perc_si": "91,30",
            "perc_no": "8,70",
            "dt_agg": 20250609180629
        },
        {
            "cod": 4,
            "desc": null,
            "sz_perv": 3,
            "vot_m": 295,
            "vot_f": 272,
            "vot_t": 567,
            "perc_vot": "30,03",
            "sk_bianche": 11,
            "sk_nulle": 4,
            "sk_contestate": 0,
            "voti_si": 494,
            "voti_no": 58,
            "perc_si": "89,49",
            "perc_no": "10,51",
            "dt_agg": 20250609180802
        },
        {
            "cod": 5,
            "desc": null,
            "sz_perv": 3,
            "vot_m": 296,
            "vot_f": 272,
            "vot_t": 568,
            "perc_vot": "30,08",
            "sk_bianche": 14,
            "sk_nulle": 5,
            "sk_contestate": 0,
            "voti_si": 291,
            "voti_no": 258,
            "perc_si": "53,01",
            "perc_no": "46,99",
            "dt_agg": 20250609180951
        }
    ]
}