{
    "int": {
        "st": "ESERCIZIO",
        "t_ele": "Referendum",
        "t_ref": "ABROGATIVO",
        "f_elet": "SCRUTINI",
        "dt_ele": 20250608000000,
        "l_terr": "COMUNE",
        "area": "I",
        "cod_com": 830,
        "desc_com": "SAN SALVO",
        "cod_prov": 23,
        "desc_prov": "CHIETI",
        "cod_reg": 13,
        "desc_reg": "ABRUZZO",
        "ele_m": 7603,
        "ele_f": 7801,
        "ele_t": 15404,
        "sz_tot": 20,
        "tipo_tras": "SZ"
    },
    "note": null,
    "scheda": [
        {
            "cod": 1,
            "desc": null,
            "sz_perv": 20,
            "vot_m": 2290,
            "vot_f": 2372,
            "vot_t": 4662,
            "perc_vot": "30,26",
            "sk_bianche": 76,
            "sk_nulle": 33,
            "sk_contestate": 0,
            "voti_si": 4205,
            "voti_no": 348,
            "perc_si": "92,36",
            "perc_no": "7,64",
            "dt_agg": 20250609190620
        },
        {
            "cod": 2,
            "desc": null,
            "sz_perv": 20,
            "vot_m": 2290,
            "vot_f": 2372,
            "vot_t": 4662,
            "perc_vot": "30,26",
            "sk_bianche": 83,
            "sk_nulle": 35,
            "sk_contestate": 0,
            "voti_si": 4174,
            "voti_no": 370,
            "perc_si": "91,86",
            "perc_no": "8,14",
            "dt_agg": 20250609190635
        },
        {
            "cod": 3,
            "desc": null,
            "sz_perv": 20,
            "vot_m": 2290,
            "vot_f": 2372,
            "vot_t": 4662,
            "perc_vot": "30,26",
            "sk_bianche": 80,
            "sk_nulle": 32,
            "sk_contestate": 0,
            "voti_si": 4199,
            "voti_no": 351,
            "perc_si": "92,29",
            "perc_no": "7,71",
            "dt_agg": 20250609190657
        },
        {
            "cod": 4,
            "desc": null,
            "sz_perv": 20,
            "vot_m": 2291,
            "vot_f": 2372,
            "vot_t": 4663,
            "perc_vot": "30,27",
            "sk_bianche": 78,
            "sk_nulle": 29,
            "sk_contestate": 0,
            "voti_si": 4123,
            "voti_no": 433,
            "perc_si": "90,50",
            "perc_no": "9,50",
            "dt_agg": 20250609190718
        },
        {
            "cod": 5,
            "desc": null,
            "sz_perv": 20,
            "vot_m": 2286,
            "vot_f": 2372,
            "vot_t": 4658,
            "perc_vot": "30,24",
            "sk_bianche": 76,
            "sk_nulle": 40,
            "sk_contestate": 0,
            "voti_si": 2773,
            "voti_no": 1769,
            "perc_si": "61,05",
            "perc_no": "38,95",
            "dt_agg": 20250609190800
        }
    ]
}