{
    "int": {
        "st": "ESERCIZIO",
        "t_ele": "Referendum",
        "t_ref": "ABROGATIVO",
        "f_elet": "SCRUTINI",
        "dt_ele": 20250608000000,
        "l_terr": "COMUNE",
        "area": "I",
        "cod_com": 200,
        "desc_com": "CASTIGLIONE MESSER MARINO",
        "cod_prov": 23,
        "desc_prov": "CHIETI",
        "cod_reg": 13,
        "desc_reg": "ABRUZZO",
        "ele_m": 610,
        "ele_f": 642,
        "ele_t": 1252,
        "sz_tot": 3,
        "tipo_tras": "SZ"
    },
    "note": null,
    "scheda": [
        {
            "cod": 1,
            "desc": null,
            "sz_perv": 3,
            "vot_m": 242,
            "vot_f": 243,
            "vot_t": 485,
            "perc_vot": "38,74",
            "sk_bianche": 22,
            "sk_nulle": 15,
            "sk_contestate": 0,
            "voti_si": 407,
            "voti_no": 41,
            "perc_si": "90,85",
            "perc_no": "9,15",
            "dt_agg": 20250609190139
        },
        {
            "cod": 2,
            "desc": null,
            "sz_perv": 3,
            "vot_m": 242,
            "vot_f": 243,
            "vot_t": 485,
            "perc_vot": "38,74",
            "sk_bianche": 22,
            "sk_nulle": 16,
            "sk_contestate": 0,
            "voti_si": 402,
            "voti_no": 45,
            "perc_si": "89,93",
            "perc_no": "10,07",
            "dt_agg": 20250609190253
        },
        {
            "cod": 3,
            "desc": null,
            "sz_perv": 3,
            "vot_m": 242,
            "vot_f": 243,
            "vot_t": 485,
            "perc_vot": "38,74",
            "sk_bianche": 27,
            "sk_nulle": 11,
            "sk_contestate": 0,
            "voti_si": 412,
            "voti_no": 35,
            "perc_si": "92,17",
            "perc_no": "7,83",
            "dt_agg": 20250609190718
        },
        {
            "cod": 4,
            "desc": null,
            "sz_perv": 3,
            "vot_m": 242,
            "vot_f": 243,
            "vot_t": 485,
            "perc_vot": "38,74",
            "sk_bianche": 24,
            "sk_nulle": 13,
            "sk_contestate": 0,
            "voti_si": 395,
            "voti_no": 53,
            "perc_si": "88,17",
            "perc_no": "11,83",
            "dt_agg": 20250609190749
        },
        {
            "cod": 5,
            "desc": null,
            "sz_perv": 3,
            "vot_m": 242,
            "vot_f": 245,
            "vot_t": 487,
            "perc_vot": "38,90",
            "sk_bianche": 19,
            "sk_nulle": 14,
            "sk_contestate": 0,
            "voti_si": 297,
            "voti_no": 157,
            "perc_si": "65,42",
            "perc_no": "34,58",
            "dt_agg": 20250609190829
        }
    ]
}