{
    "int": {
        "st": "ESERCIZIO",
        "t_ele": "Referendum",
        "t_ref": "ABROGATIVO",
        "f_elet": "SCRUTINI",
        "dt_ele": 20250608000000,
        "l_terr": "COMUNE",
        "area": "I",
        "cod_com": 10,
        "desc_com": "ALTINO",
        "cod_prov": 23,
        "desc_prov": "CHIETI",
        "cod_reg": 13,
        "desc_reg": "ABRUZZO",
        "ele_m": 1094,
        "ele_f": 1127,
        "ele_t": 2221,
        "sz_tot": 3,
        "tipo_tras": "SZ"
    },
    "note": null,
    "scheda": [
        {
            "cod": 1,
            "desc": null,
            "sz_perv": 3,
            "vot_m": 293,
            "vot_f": 308,
            "vot_t": 601,
            "perc_vot": "27,06",
            "sk_bianche": 18,
            "sk_nulle": 5,
            "sk_contestate": 0,
            "voti_si": 533,
            "voti_no": 45,
            "perc_si": "92,21",
            "perc_no": "7,79",
            "dt_agg": 20250609162215
        },
        {
            "cod": 2,
            "desc": null,
            "sz_perv": 3,
            "vot_m": 292,
            "vot_f": 308,
            "vot_t": 600,
            "perc_vot": "27,01",
            "sk_bianche": 17,
            "sk_nulle": 6,
            "sk_contestate": 0,
            "voti_si": 524,
            "voti_no": 53,
            "perc_si": "90,81",
            "perc_no": "9,19",
            "dt_agg": 20250609162749
        },
        {
            "cod": 3,
            "desc": null,
            "sz_perv": 3,
            "vot_m": 292,
            "vot_f": 308,
            "vot_t": 600,
            "perc_vot": "27,01",
            "sk_bianche": 18,
            "sk_nulle": 5,
            "sk_contestate": 0,
            "voti_si": 530,
            "voti_no": 47,
            "perc_si": "91,85",
            "perc_no": "8,15",
            "dt_agg": 20250609165627
        },
        {
            "cod": 4,
            "desc": null,
            "sz_perv": 3,
            "vot_m": 292,
            "vot_f": 308,
            "vot_t": 600,
            "perc_vot": "27,01",
            "sk_bianche": 20,
            "sk_nulle": 7,
            "sk_contestate": 0,
            "voti_si": 508,
            "voti_no": 65,
            "perc_si": "88,66",
            "perc_no": "11,34",
            "dt_agg": 20250609172828
        },
        {
            "cod": 5,
            "desc": null,
            "sz_perv": 3,
            "vot_m": 289,
            "vot_f": 308,
            "vot_t": 597,
            "perc_vot": "26,88",
            "sk_bianche": 11,
            "sk_nulle": 7,
            "sk_contestate": 0,
            "voti_si": 357,
            "voti_no": 222,
            "perc_si": "61,66",
            "perc_no": "38,34",
            "dt_agg": 20250609180008
        }
    ]
}