{
    "int": {
        "st": "ESERCIZIO",
        "t_ele": "Referendum",
        "t_ref": "ABROGATIVO",
        "f_elet": "SCRUTINI",
        "dt_ele": 20250608000000,
        "l_terr": "COMUNE",
        "area": "I",
        "cod_com": 380,
        "desc_com": "FURCI",
        "cod_prov": 23,
        "desc_prov": "CHIETI",
        "cod_reg": 13,
        "desc_reg": "ABRUZZO",
        "ele_m": 326,
        "ele_f": 350,
        "ele_t": 676,
        "sz_tot": 2,
        "tipo_tras": "SZ"
    },
    "note": null,
    "scheda": [
        {
            "cod": 1,
            "desc": null,
            "sz_perv": 2,
            "vot_m": 72,
            "vot_f": 88,
            "vot_t": 160,
            "perc_vot": "23,67",
            "sk_bianche": 4,
            "sk_nulle": 2,
            "sk_contestate": 0,
            "voti_si": 138,
            "voti_no": 16,
            "perc_si": "89,61",
            "perc_no": "10,39",
            "dt_agg": 20250609171244
        },
        {
            "cod": 2,
            "desc": null,
            "sz_perv": 2,
            "vot_m": 72,
            "vot_f": 88,
            "vot_t": 160,
            "perc_vot": "23,67",
            "sk_bianche": 4,
            "sk_nulle": 5,
            "sk_contestate": 0,
            "voti_si": 132,
            "voti_no": 19,
            "perc_si": "87,42",
            "perc_no": "12,58",
            "dt_agg": 20250609171448
        },
        {
            "cod": 3,
            "desc": null,
            "sz_perv": 2,
            "vot_m": 72,
            "vot_f": 88,
            "vot_t": 160,
            "perc_vot": "23,67",
            "sk_bianche": 5,
            "sk_nulle": 5,
            "sk_contestate": 0,
            "voti_si": 135,
            "voti_no": 15,
            "perc_si": "90,00",
            "perc_no": "10,00",
            "dt_agg": 20250609171733
        },
        {
            "cod": 4,
            "desc": null,
            "sz_perv": 2,
            "vot_m": 72,
            "vot_f": 88,
            "vot_t": 160,
            "perc_vot": "23,67",
            "sk_bianche": 6,
            "sk_nulle": 3,
            "sk_contestate": 0,
            "voti_si": 133,
            "voti_no": 18,
            "perc_si": "88,08",
            "perc_no": "11,92",
            "dt_agg": 20250609171914
        },
        {
            "cod": 5,
            "desc": null,
            "sz_perv": 2,
            "vot_m": 72,
            "vot_f": 88,
            "vot_t": 160,
            "perc_vot": "23,67",
            "sk_bianche": 9,
            "sk_nulle": 3,
            "sk_contestate": 0,
            "voti_si": 88,
            "voti_no": 60,
            "perc_si": "59,46",
            "perc_no": "40,54",
            "dt_agg": 20250609171938
        }
    ]
}