{
    "int": {
        "st": "ESERCIZIO",
        "t_ele": "Referendum",
        "t_ref": "ABROGATIVO",
        "f_elet": "SCRUTINI",
        "dt_ele": 20250608000000,
        "l_terr": "COMUNE",
        "area": "I",
        "cod_com": 620,
        "desc_com": "PALOMBARO",
        "cod_prov": 23,
        "desc_prov": "CHIETI",
        "cod_reg": 13,
        "desc_reg": "ABRUZZO",
        "ele_m": 347,
        "ele_f": 345,
        "ele_t": 692,
        "sz_tot": 1,
        "tipo_tras": "SZ"
    },
    "note": null,
    "scheda": [
        {
            "cod": 1,
            "desc": null,
            "sz_perv": 1,
            "vot_m": 108,
            "vot_f": 98,
            "vot_t": 206,
            "perc_vot": "29,77",
            "sk_bianche": 6,
            "sk_nulle": 0,
            "sk_contestate": 0,
            "voti_si": 182,
            "voti_no": 18,
            "perc_si": "91,00",
            "perc_no": "9,00",
            "dt_agg": 20250609163709
        },
        {
            "cod": 2,
            "desc": null,
            "sz_perv": 1,
            "vot_m": 108,
            "vot_f": 98,
            "vot_t": 206,
            "perc_vot": "29,77",
            "sk_bianche": 7,
            "sk_nulle": 0,
            "sk_contestate": 0,
            "voti_si": 176,
            "voti_no": 23,
            "perc_si": "88,44",
            "perc_no": "11,56",
            "dt_agg": 20250609163752
        },
        {
            "cod": 3,
            "desc": null,
            "sz_perv": 1,
            "vot_m": 108,
            "vot_f": 98,
            "vot_t": 206,
            "perc_vot": "29,77",
            "sk_bianche": 5,
            "sk_nulle": 0,
            "sk_contestate": 0,
            "voti_si": 184,
            "voti_no": 17,
            "perc_si": "91,54",
            "perc_no": "8,46",
            "dt_agg": 20250609163925
        },
        {
            "cod": 4,
            "desc": null,
            "sz_perv": 1,
            "vot_m": 108,
            "vot_f": 98,
            "vot_t": 206,
            "perc_vot": "29,77",
            "sk_bianche": 6,
            "sk_nulle": 0,
            "sk_contestate": 0,
            "voti_si": 175,
            "voti_no": 25,
            "perc_si": "87,50",
            "perc_no": "12,50",
            "dt_agg": 20250609164045
        },
        {
            "cod": 5,
            "desc": null,
            "sz_perv": 1,
            "vot_m": 109,
            "vot_f": 98,
            "vot_t": 207,
            "perc_vot": "29,91",
            "sk_bianche": 6,
            "sk_nulle": 1,
            "sk_contestate": 0,
            "voti_si": 123,
            "voti_no": 77,
            "perc_si": "61,50",
            "perc_no": "38,50",
            "dt_agg": 20250609164301
        }
    ]
}