{
    "int": {
        "st": "ESERCIZIO",
        "t_ele": "Referendum",
        "t_ref": "ABROGATIVO",
        "f_elet": "SCRUTINI",
        "dt_ele": 20250608000000,
        "l_terr": "COMUNE",
        "area": "I",
        "cod_com": 680,
        "desc_com": "POLLUTRI",
        "cod_prov": 23,
        "desc_prov": "CHIETI",
        "cod_reg": 13,
        "desc_reg": "ABRUZZO",
        "ele_m": 838,
        "ele_f": 880,
        "ele_t": 1718,
        "sz_tot": 3,
        "tipo_tras": "SZ"
    },
    "note": null,
    "scheda": [
        {
            "cod": 1,
            "desc": null,
            "sz_perv": 3,
            "vot_m": 273,
            "vot_f": 246,
            "vot_t": 519,
            "perc_vot": "30,21",
            "sk_bianche": 14,
            "sk_nulle": 6,
            "sk_contestate": 0,
            "voti_si": 445,
            "voti_no": 54,
            "perc_si": "89,18",
            "perc_no": "10,82",
            "dt_agg": 20250609181939
        },
        {
            "cod": 2,
            "desc": null,
            "sz_perv": 3,
            "vot_m": 273,
            "vot_f": 246,
            "vot_t": 519,
            "perc_vot": "30,21",
            "sk_bianche": 15,
            "sk_nulle": 6,
            "sk_contestate": 0,
            "voti_si": 432,
            "voti_no": 66,
            "perc_si": "86,75",
            "perc_no": "13,25",
            "dt_agg": 20250609182009
        },
        {
            "cod": 3,
            "desc": null,
            "sz_perv": 3,
            "vot_m": 273,
            "vot_f": 246,
            "vot_t": 519,
            "perc_vot": "30,21",
            "sk_bianche": 15,
            "sk_nulle": 5,
            "sk_contestate": 0,
            "voti_si": 444,
            "voti_no": 55,
            "perc_si": "88,98",
            "perc_no": "11,02",
            "dt_agg": 20250609182033
        },
        {
            "cod": 4,
            "desc": null,
            "sz_perv": 3,
            "vot_m": 273,
            "vot_f": 246,
            "vot_t": 519,
            "perc_vot": "30,21",
            "sk_bianche": 18,
            "sk_nulle": 5,
            "sk_contestate": 0,
            "voti_si": 423,
            "voti_no": 73,
            "perc_si": "85,28",
            "perc_no": "14,72",
            "dt_agg": 20250609182101
        },
        {
            "cod": 5,
            "desc": null,
            "sz_perv": 3,
            "vot_m": 273,
            "vot_f": 246,
            "vot_t": 519,
            "perc_vot": "30,21",
            "sk_bianche": 10,
            "sk_nulle": 8,
            "sk_contestate": 0,
            "voti_si": 292,
            "voti_no": 209,
            "perc_si": "58,28",
            "perc_no": "41,72",
            "dt_agg": 20250609182132
        }
    ]
}