{
    "int": {
        "st": "ESERCIZIO",
        "t_ele": "Referendum",
        "t_ref": "ABROGATIVO",
        "f_elet": "SCRUTINI",
        "dt_ele": 20250608000000,
        "l_terr": "COMUNE",
        "area": "I",
        "cod_com": 630,
        "desc_com": "PENNADOMO",
        "cod_prov": 23,
        "desc_prov": "CHIETI",
        "cod_reg": 13,
        "desc_reg": "ABRUZZO",
        "ele_m": 88,
        "ele_f": 92,
        "ele_t": 180,
        "sz_tot": 1,
        "tipo_tras": "SZ"
    },
    "note": null,
    "scheda": [
        {
            "cod": 1,
            "desc": null,
            "sz_perv": 1,
            "vot_m": 41,
            "vot_f": 35,
            "vot_t": 76,
            "perc_vot": "42,22",
            "sk_bianche": 4,
            "sk_nulle": 2,
            "sk_contestate": 0,
            "voti_si": 66,
            "voti_no": 4,
            "perc_si": "94,29",
            "perc_no": "5,71",
            "dt_agg": 20250609164501
        },
        {
            "cod": 2,
            "desc": null,
            "sz_perv": 1,
            "vot_m": 41,
            "vot_f": 35,
            "vot_t": 76,
            "perc_vot": "42,22",
            "sk_bianche": 4,
            "sk_nulle": 2,
            "sk_contestate": 0,
            "voti_si": 63,
            "voti_no": 7,
            "perc_si": "90,00",
            "perc_no": "10,00",
            "dt_agg": 20250609164859
        },
        {
            "cod": 3,
            "desc": null,
            "sz_perv": 1,
            "vot_m": 41,
            "vot_f": 35,
            "vot_t": 76,
            "perc_vot": "42,22",
            "sk_bianche": 4,
            "sk_nulle": 2,
            "sk_contestate": 0,
            "voti_si": 66,
            "voti_no": 4,
            "perc_si": "94,29",
            "perc_no": "5,71",
            "dt_agg": 20250609164956
        },
        {
            "cod": 4,
            "desc": null,
            "sz_perv": 1,
            "vot_m": 41,
            "vot_f": 35,
            "vot_t": 76,
            "perc_vot": "42,22",
            "sk_bianche": 4,
            "sk_nulle": 2,
            "sk_contestate": 0,
            "voti_si": 66,
            "voti_no": 4,
            "perc_si": "94,29",
            "perc_no": "5,71",
            "dt_agg": 20250609165013
        },
        {
            "cod": 5,
            "desc": null,
            "sz_perv": 1,
            "vot_m": 41,
            "vot_f": 35,
            "vot_t": 76,
            "perc_vot": "42,22",
            "sk_bianche": 4,
            "sk_nulle": 2,
            "sk_contestate": 0,
            "voti_si": 48,
            "voti_no": 22,
            "perc_si": "68,57",
            "perc_no": "31,43",
            "dt_agg": 20250609165057
        }
    ]
}