{
    "int": {
        "st": "ESERCIZIO",
        "t_ele": "Referendum",
        "t_ref": "ABROGATIVO",
        "f_elet": "SCRUTINI",
        "dt_ele": 20250608000000,
        "l_terr": "COMUNE",
        "area": "I",
        "cod_com": 960,
        "desc_com": "TREGLIO",
        "cod_prov": 23,
        "desc_prov": "CHIETI",
        "cod_reg": 13,
        "desc_reg": "ABRUZZO",
        "ele_m": 660,
        "ele_f": 683,
        "ele_t": 1343,
        "sz_tot": 2,
        "tipo_tras": "SZ"
    },
    "note": null,
    "scheda": [
        {
            "cod": 1,
            "desc": null,
            "sz_perv": 2,
            "vot_m": 192,
            "vot_f": 232,
            "vot_t": 424,
            "perc_vot": "31,57",
            "sk_bianche": 9,
            "sk_nulle": 0,
            "sk_contestate": 0,
            "voti_si": 373,
            "voti_no": 42,
            "perc_si": "89,88",
            "perc_no": "10,12",
            "dt_agg": 20250609173439
        },
        {
            "cod": 2,
            "desc": null,
            "sz_perv": 2,
            "vot_m": 192,
            "vot_f": 232,
            "vot_t": 424,
            "perc_vot": "31,57",
            "sk_bianche": 11,
            "sk_nulle": 0,
            "sk_contestate": 0,
            "voti_si": 356,
            "voti_no": 57,
            "perc_si": "86,20",
            "perc_no": "13,80",
            "dt_agg": 20250609173603
        },
        {
            "cod": 3,
            "desc": null,
            "sz_perv": 2,
            "vot_m": 192,
            "vot_f": 232,
            "vot_t": 424,
            "perc_vot": "31,57",
            "sk_bianche": 10,
            "sk_nulle": 1,
            "sk_contestate": 0,
            "voti_si": 377,
            "voti_no": 36,
            "perc_si": "91,28",
            "perc_no": "8,72",
            "dt_agg": 20250609173733
        },
        {
            "cod": 4,
            "desc": null,
            "sz_perv": 2,
            "vot_m": 192,
            "vot_f": 232,
            "vot_t": 424,
            "perc_vot": "31,57",
            "sk_bianche": 7,
            "sk_nulle": 0,
            "sk_contestate": 0,
            "voti_si": 367,
            "voti_no": 50,
            "perc_si": "88,01",
            "perc_no": "11,99",
            "dt_agg": 20250609173909
        },
        {
            "cod": 5,
            "desc": null,
            "sz_perv": 2,
            "vot_m": 193,
            "vot_f": 232,
            "vot_t": 425,
            "perc_vot": "31,65",
            "sk_bianche": 7,
            "sk_nulle": 1,
            "sk_contestate": 0,
            "voti_si": 240,
            "voti_no": 177,
            "perc_si": "57,55",
            "perc_no": "42,45",
            "dt_agg": 20250609173943
        }
    ]
}