{
    "int": {
        "st": "ESERCIZIO",
        "t_ele": "Referendum",
        "t_ref": "ABROGATIVO",
        "f_elet": "SCRUTINI",
        "dt_ele": 20250608000000,
        "l_terr": "COMUNE",
        "area": "I",
        "cod_com": 290,
        "desc_com": "DOGLIOLA",
        "cod_prov": 23,
        "desc_prov": "CHIETI",
        "cod_reg": 13,
        "desc_reg": "ABRUZZO",
        "ele_m": 136,
        "ele_f": 121,
        "ele_t": 257,
        "sz_tot": 1,
        "tipo_tras": "SZ"
    },
    "note": null,
    "scheda": [
        {
            "cod": 1,
            "desc": null,
            "sz_perv": 1,
            "vot_m": 26,
            "vot_f": 29,
            "vot_t": 55,
            "perc_vot": "21,40",
            "sk_bianche": 0,
            "sk_nulle": 0,
            "sk_contestate": 0,
            "voti_si": 51,
            "voti_no": 4,
            "perc_si": "92,73",
            "perc_no": "7,27",
            "dt_agg": 20250609165828
        },
        {
            "cod": 2,
            "desc": null,
            "sz_perv": 1,
            "vot_m": 26,
            "vot_f": 29,
            "vot_t": 55,
            "perc_vot": "21,40",
            "sk_bianche": 0,
            "sk_nulle": 0,
            "sk_contestate": 0,
            "voti_si": 49,
            "voti_no": 6,
            "perc_si": "89,09",
            "perc_no": "10,91",
            "dt_agg": 20250609170021
        },
        {
            "cod": 3,
            "desc": null,
            "sz_perv": 1,
            "vot_m": 26,
            "vot_f": 29,
            "vot_t": 55,
            "perc_vot": "21,40",
            "sk_bianche": 0,
            "sk_nulle": 0,
            "sk_contestate": 0,
            "voti_si": 51,
            "voti_no": 4,
            "perc_si": "92,73",
            "perc_no": "7,27",
            "dt_agg": 20250609170116
        },
        {
            "cod": 4,
            "desc": null,
            "sz_perv": 1,
            "vot_m": 26,
            "vot_f": 29,
            "vot_t": 55,
            "perc_vot": "21,40",
            "sk_bianche": 0,
            "sk_nulle": 0,
            "sk_contestate": 0,
            "voti_si": 49,
            "voti_no": 6,
            "perc_si": "89,09",
            "perc_no": "10,91",
            "dt_agg": 20250609170202
        },
        {
            "cod": 5,
            "desc": null,
            "sz_perv": 1,
            "vot_m": 26,
            "vot_f": 30,
            "vot_t": 56,
            "perc_vot": "21,79",
            "sk_bianche": 0,
            "sk_nulle": 0,
            "sk_contestate": 0,
            "voti_si": 36,
            "voti_no": 20,
            "perc_si": "64,29",
            "perc_no": "35,71",
            "dt_agg": 20250609170255
        }
    ]
}