{
    "int": {
        "st": "ESERCIZIO",
        "t_ele": "Referendum",
        "t_ref": "ABROGATIVO",
        "f_elet": "SCRUTINI",
        "dt_ele": 20250608000000,
        "l_terr": "COMUNE",
        "area": "I",
        "cod_com": 150,
        "desc_com": "CASALBORDINO",
        "cod_prov": 23,
        "desc_prov": "CHIETI",
        "cod_reg": 13,
        "desc_reg": "ABRUZZO",
        "ele_m": 2269,
        "ele_f": 2431,
        "ele_t": 4700,
        "sz_tot": 7,
        "tipo_tras": "SZ"
    },
    "note": null,
    "scheda": [
        {
            "cod": 1,
            "desc": null,
            "sz_perv": 7,
            "vot_m": 673,
            "vot_f": 688,
            "vot_t": 1361,
            "perc_vot": "28,96",
            "sk_bianche": 38,
            "sk_nulle": 9,
            "sk_contestate": 0,
            "voti_si": 1207,
            "voti_no": 107,
            "perc_si": "91,86",
            "perc_no": "8,14",
            "dt_agg": 20250609180558
        },
        {
            "cod": 2,
            "desc": null,
            "sz_perv": 7,
            "vot_m": 673,
            "vot_f": 688,
            "vot_t": 1361,
            "perc_vot": "28,96",
            "sk_bianche": 42,
            "sk_nulle": 13,
            "sk_contestate": 0,
            "voti_si": 1188,
            "voti_no": 118,
            "perc_si": "90,96",
            "perc_no": "9,04",
            "dt_agg": 20250609180620
        },
        {
            "cod": 3,
            "desc": null,
            "sz_perv": 7,
            "vot_m": 673,
            "vot_f": 688,
            "vot_t": 1361,
            "perc_vot": "28,96",
            "sk_bianche": 41,
            "sk_nulle": 10,
            "sk_contestate": 0,
            "voti_si": 1203,
            "voti_no": 107,
            "perc_si": "91,83",
            "perc_no": "8,17",
            "dt_agg": 20250609180643
        },
        {
            "cod": 4,
            "desc": null,
            "sz_perv": 7,
            "vot_m": 673,
            "vot_f": 688,
            "vot_t": 1361,
            "perc_vot": "28,96",
            "sk_bianche": 37,
            "sk_nulle": 9,
            "sk_contestate": 0,
            "voti_si": 1162,
            "voti_no": 153,
            "perc_si": "88,37",
            "perc_no": "11,63",
            "dt_agg": 20250609180709
        },
        {
            "cod": 5,
            "desc": null,
            "sz_perv": 7,
            "vot_m": 673,
            "vot_f": 687,
            "vot_t": 1360,
            "perc_vot": "28,94",
            "sk_bianche": 38,
            "sk_nulle": 9,
            "sk_contestate": 0,
            "voti_si": 785,
            "voti_no": 528,
            "perc_si": "59,79",
            "perc_no": "40,21",
            "dt_agg": 20250609180733
        }
    ]
}