{
    "int": {
        "st": "ESERCIZIO",
        "t_ele": "Referendum",
        "t_ref": "ABROGATIVO",
        "f_elet": "SCRUTINI",
        "dt_ele": 20250608000000,
        "l_terr": "COMUNE",
        "area": "I",
        "cod_com": 910,
        "desc_com": "TORINO DI SANGRO",
        "cod_prov": 23,
        "desc_prov": "CHIETI",
        "cod_reg": 13,
        "desc_reg": "ABRUZZO",
        "ele_m": 1163,
        "ele_f": 1194,
        "ele_t": 2357,
        "sz_tot": 3,
        "tipo_tras": "SZ"
    },
    "note": null,
    "scheda": [
        {
            "cod": 1,
            "desc": null,
            "sz_perv": 3,
            "vot_m": 397,
            "vot_f": 363,
            "vot_t": 760,
            "perc_vot": "32,24",
            "sk_bianche": 13,
            "sk_nulle": 7,
            "sk_contestate": 0,
            "voti_si": 680,
            "voti_no": 60,
            "perc_si": "91,89",
            "perc_no": "8,11",
            "dt_agg": 20250609183250
        },
        {
            "cod": 2,
            "desc": null,
            "sz_perv": 3,
            "vot_m": 397,
            "vot_f": 363,
            "vot_t": 760,
            "perc_vot": "32,24",
            "sk_bianche": 13,
            "sk_nulle": 7,
            "sk_contestate": 0,
            "voti_si": 663,
            "voti_no": 77,
            "perc_si": "89,59",
            "perc_no": "10,41",
            "dt_agg": 20250609183342
        },
        {
            "cod": 3,
            "desc": null,
            "sz_perv": 3,
            "vot_m": 397,
            "vot_f": 363,
            "vot_t": 760,
            "perc_vot": "32,24",
            "sk_bianche": 17,
            "sk_nulle": 5,
            "sk_contestate": 0,
            "voti_si": 671,
            "voti_no": 67,
            "perc_si": "90,92",
            "perc_no": "9,08",
            "dt_agg": 20250609183416
        },
        {
            "cod": 4,
            "desc": null,
            "sz_perv": 3,
            "vot_m": 397,
            "vot_f": 363,
            "vot_t": 760,
            "perc_vot": "32,24",
            "sk_bianche": 17,
            "sk_nulle": 9,
            "sk_contestate": 0,
            "voti_si": 652,
            "voti_no": 82,
            "perc_si": "88,83",
            "perc_no": "11,17",
            "dt_agg": 20250609183456
        },
        {
            "cod": 5,
            "desc": null,
            "sz_perv": 3,
            "vot_m": 397,
            "vot_f": 363,
            "vot_t": 760,
            "perc_vot": "32,24",
            "sk_bianche": 16,
            "sk_nulle": 9,
            "sk_contestate": 0,
            "voti_si": 414,
            "voti_no": 321,
            "perc_si": "56,33",
            "perc_no": "43,67",
            "dt_agg": 20250609183531
        }
    ]
}