{
    "int": {
        "st": "ESERCIZIO",
        "t_ele": "Referendum",
        "t_ref": "ABROGATIVO",
        "f_elet": "SCRUTINI",
        "dt_ele": 20250608000000,
        "l_terr": "COMUNE",
        "area": "I",
        "cod_com": 260,
        "desc_com": "COLLEDIMEZZO",
        "cod_prov": 23,
        "desc_prov": "CHIETI",
        "cod_reg": 13,
        "desc_reg": "ABRUZZO",
        "ele_m": 175,
        "ele_f": 164,
        "ele_t": 339,
        "sz_tot": 1,
        "tipo_tras": "SZ"
    },
    "note": null,
    "scheda": [
        {
            "cod": 1,
            "desc": null,
            "sz_perv": 1,
            "vot_m": 61,
            "vot_f": 62,
            "vot_t": 123,
            "perc_vot": "36,28",
            "sk_bianche": 7,
            "sk_nulle": 4,
            "sk_contestate": 0,
            "voti_si": 102,
            "voti_no": 10,
            "perc_si": "91,07",
            "perc_no": "8,93",
            "dt_agg": 20250609163036
        },
        {
            "cod": 2,
            "desc": null,
            "sz_perv": 1,
            "vot_m": 61,
            "vot_f": 62,
            "vot_t": 123,
            "perc_vot": "36,28",
            "sk_bianche": 9,
            "sk_nulle": 1,
            "sk_contestate": 0,
            "voti_si": 98,
            "voti_no": 15,
            "perc_si": "86,73",
            "perc_no": "13,27",
            "dt_agg": 20250609163040
        },
        {
            "cod": 3,
            "desc": null,
            "sz_perv": 1,
            "vot_m": 61,
            "vot_f": 62,
            "vot_t": 123,
            "perc_vot": "36,28",
            "sk_bianche": 9,
            "sk_nulle": 1,
            "sk_contestate": 0,
            "voti_si": 104,
            "voti_no": 9,
            "perc_si": "92,04",
            "perc_no": "7,96",
            "dt_agg": 20250609163158
        },
        {
            "cod": 4,
            "desc": null,
            "sz_perv": 1,
            "vot_m": 61,
            "vot_f": 62,
            "vot_t": 123,
            "perc_vot": "36,28",
            "sk_bianche": 7,
            "sk_nulle": 1,
            "sk_contestate": 0,
            "voti_si": 100,
            "voti_no": 15,
            "perc_si": "86,96",
            "perc_no": "13,04",
            "dt_agg": 20250609163742
        },
        {
            "cod": 5,
            "desc": null,
            "sz_perv": 1,
            "vot_m": 61,
            "vot_f": 62,
            "vot_t": 123,
            "perc_vot": "36,28",
            "sk_bianche": 6,
            "sk_nulle": 1,
            "sk_contestate": 0,
            "voti_si": 65,
            "voti_no": 51,
            "perc_si": "56,03",
            "perc_no": "43,97",
            "dt_agg": 20250609165332
        }
    ]
}