{
    "int": {
        "st": "ESERCIZIO",
        "t_ele": "Referendum",
        "t_ref": "ABROGATIVO",
        "f_elet": "SCRUTINI",
        "dt_ele": 20250608000000,
        "l_terr": "COMUNE",
        "area": "I",
        "cod_com": 340,
        "desc_com": "FRAINE",
        "cod_prov": 23,
        "desc_prov": "CHIETI",
        "cod_reg": 13,
        "desc_reg": "ABRUZZO",
        "ele_m": 106,
        "ele_f": 120,
        "ele_t": 226,
        "sz_tot": 1,
        "tipo_tras": "SZ"
    },
    "note": null,
    "scheda": [
        {
            "cod": 1,
            "desc": null,
            "sz_perv": 1,
            "vot_m": 45,
            "vot_f": 46,
            "vot_t": 91,
            "perc_vot": "40,27",
            "sk_bianche": 2,
            "sk_nulle": 1,
            "sk_contestate": 0,
            "voti_si": 85,
            "voti_no": 3,
            "perc_si": "96,59",
            "perc_no": "3,41",
            "dt_agg": 20250609173738
        },
        {
            "cod": 2,
            "desc": null,
            "sz_perv": 1,
            "vot_m": 45,
            "vot_f": 46,
            "vot_t": 91,
            "perc_vot": "40,27",
            "sk_bianche": 3,
            "sk_nulle": 0,
            "sk_contestate": 0,
            "voti_si": 82,
            "voti_no": 6,
            "perc_si": "93,18",
            "perc_no": "6,82",
            "dt_agg": 20250609173821
        },
        {
            "cod": 3,
            "desc": null,
            "sz_perv": 1,
            "vot_m": 45,
            "vot_f": 46,
            "vot_t": 91,
            "perc_vot": "40,27",
            "sk_bianche": 3,
            "sk_nulle": 0,
            "sk_contestate": 0,
            "voti_si": 82,
            "voti_no": 6,
            "perc_si": "93,18",
            "perc_no": "6,82",
            "dt_agg": 20250609173910
        },
        {
            "cod": 4,
            "desc": null,
            "sz_perv": 1,
            "vot_m": 45,
            "vot_f": 46,
            "vot_t": 91,
            "perc_vot": "40,27",
            "sk_bianche": 3,
            "sk_nulle": 0,
            "sk_contestate": 0,
            "voti_si": 88,
            "voti_no": 0,
            "perc_si": "100,00",
            "perc_no": "0",
            "dt_agg": 20250609174008
        },
        {
            "cod": 5,
            "desc": null,
            "sz_perv": 1,
            "vot_m": 45,
            "vot_f": 46,
            "vot_t": 91,
            "perc_vot": "40,27",
            "sk_bianche": 5,
            "sk_nulle": 0,
            "sk_contestate": 0,
            "voti_si": 58,
            "voti_no": 28,
            "perc_si": "67,44",
            "perc_no": "32,56",
            "dt_agg": 20250609174113
        }
    ]
}