{
    "int": {
        "st": "ESERCIZIO",
        "t_ele": "Referendum",
        "t_ref": "ABROGATIVO",
        "f_elet": "SCRUTINI",
        "dt_ele": 20250608000000,
        "l_terr": "COMUNE",
        "area": "I",
        "cod_com": 70,
        "desc_com": "BORRELLO",
        "cod_prov": 23,
        "desc_prov": "CHIETI",
        "cod_reg": 13,
        "desc_reg": "ABRUZZO",
        "ele_m": 152,
        "ele_f": 150,
        "ele_t": 302,
        "sz_tot": 1,
        "tipo_tras": "SZ"
    },
    "note": null,
    "scheda": [
        {
            "cod": 1,
            "desc": null,
            "sz_perv": 1,
            "vot_m": 73,
            "vot_f": 57,
            "vot_t": 130,
            "perc_vot": "43,05",
            "sk_bianche": 2,
            "sk_nulle": 1,
            "sk_contestate": 0,
            "voti_si": 110,
            "voti_no": 17,
            "perc_si": "86,61",
            "perc_no": "13,39",
            "dt_agg": 20250609172543
        },
        {
            "cod": 2,
            "desc": null,
            "sz_perv": 1,
            "vot_m": 73,
            "vot_f": 57,
            "vot_t": 130,
            "perc_vot": "43,05",
            "sk_bianche": 4,
            "sk_nulle": 1,
            "sk_contestate": 0,
            "voti_si": 106,
            "voti_no": 19,
            "perc_si": "84,80",
            "perc_no": "15,20",
            "dt_agg": 20250609172634
        },
        {
            "cod": 3,
            "desc": null,
            "sz_perv": 1,
            "vot_m": 73,
            "vot_f": 57,
            "vot_t": 130,
            "perc_vot": "43,05",
            "sk_bianche": 4,
            "sk_nulle": 2,
            "sk_contestate": 0,
            "voti_si": 114,
            "voti_no": 10,
            "perc_si": "91,94",
            "perc_no": "8,06",
            "dt_agg": 20250609172735
        },
        {
            "cod": 4,
            "desc": null,
            "sz_perv": 1,
            "vot_m": 73,
            "vot_f": 57,
            "vot_t": 130,
            "perc_vot": "43,05",
            "sk_bianche": 3,
            "sk_nulle": 2,
            "sk_contestate": 0,
            "voti_si": 113,
            "voti_no": 12,
            "perc_si": "90,40",
            "perc_no": "9,60",
            "dt_agg": 20250609172825
        },
        {
            "cod": 5,
            "desc": null,
            "sz_perv": 1,
            "vot_m": 73,
            "vot_f": 57,
            "vot_t": 130,
            "perc_vot": "43,05",
            "sk_bianche": 4,
            "sk_nulle": 2,
            "sk_contestate": 0,
            "voti_si": 73,
            "voti_no": 51,
            "perc_si": "58,87",
            "perc_no": "41,13",
            "dt_agg": 20250609173017
        }
    ]
}