{
    "int": {
        "st": "ESERCIZIO",
        "t_ele": "Referendum",
        "t_ref": "ABROGATIVO",
        "f_elet": "SCRUTINI",
        "dt_ele": 20250608000000,
        "l_terr": "COMUNE",
        "area": "I",
        "cod_com": 670,
        "desc_com": "POGGIOFIORITO",
        "cod_prov": 23,
        "desc_prov": "CHIETI",
        "cod_reg": 13,
        "desc_reg": "ABRUZZO",
        "ele_m": 309,
        "ele_f": 314,
        "ele_t": 623,
        "sz_tot": 1,
        "tipo_tras": "SZ"
    },
    "note": null,
    "scheda": [
        {
            "cod": 1,
            "desc": null,
            "sz_perv": 1,
            "vot_m": 80,
            "vot_f": 77,
            "vot_t": 157,
            "perc_vot": "25,20",
            "sk_bianche": 5,
            "sk_nulle": 0,
            "sk_contestate": 0,
            "voti_si": 128,
            "voti_no": 24,
            "perc_si": "84,21",
            "perc_no": "15,79",
            "dt_agg": 20250609184515
        },
        {
            "cod": 2,
            "desc": null,
            "sz_perv": 1,
            "vot_m": 80,
            "vot_f": 77,
            "vot_t": 157,
            "perc_vot": "25,20",
            "sk_bianche": 7,
            "sk_nulle": 0,
            "sk_contestate": 0,
            "voti_si": 126,
            "voti_no": 24,
            "perc_si": "84,00",
            "perc_no": "16,00",
            "dt_agg": 20250609184555
        },
        {
            "cod": 3,
            "desc": null,
            "sz_perv": 1,
            "vot_m": 80,
            "vot_f": 77,
            "vot_t": 157,
            "perc_vot": "25,20",
            "sk_bianche": 8,
            "sk_nulle": 0,
            "sk_contestate": 0,
            "voti_si": 127,
            "voti_no": 22,
            "perc_si": "85,23",
            "perc_no": "14,77",
            "dt_agg": 20250609184642
        },
        {
            "cod": 4,
            "desc": null,
            "sz_perv": 1,
            "vot_m": 80,
            "vot_f": 77,
            "vot_t": 157,
            "perc_vot": "25,20",
            "sk_bianche": 6,
            "sk_nulle": 1,
            "sk_contestate": 0,
            "voti_si": 127,
            "voti_no": 23,
            "perc_si": "84,67",
            "perc_no": "15,33",
            "dt_agg": 20250609184714
        },
        {
            "cod": 5,
            "desc": null,
            "sz_perv": 1,
            "vot_m": 80,
            "vot_f": 77,
            "vot_t": 157,
            "perc_vot": "25,20",
            "sk_bianche": 5,
            "sk_nulle": 1,
            "sk_contestate": 0,
            "voti_si": 99,
            "voti_no": 52,
            "perc_si": "65,56",
            "perc_no": "34,44",
            "dt_agg": 20250609184738
        }
    ]
}