{
    "int": {
        "st": "ESERCIZIO",
        "t_ele": "Referendum",
        "t_ref": "ABROGATIVO",
        "f_elet": "SCRUTINI",
        "dt_ele": 20250608000000,
        "l_terr": "COMUNE",
        "area": "I",
        "cod_com": 130,
        "desc_com": "CASACANDITELLA",
        "cod_prov": 23,
        "desc_prov": "CHIETI",
        "cod_reg": 13,
        "desc_reg": "ABRUZZO",
        "ele_m": 618,
        "ele_f": 619,
        "ele_t": 1237,
        "sz_tot": 2,
        "tipo_tras": "SZ"
    },
    "note": null,
    "scheda": [
        {
            "cod": 1,
            "desc": null,
            "sz_perv": 2,
            "vot_m": 102,
            "vot_f": 133,
            "vot_t": 235,
            "perc_vot": "19,00",
            "sk_bianche": 6,
            "sk_nulle": 1,
            "sk_contestate": 0,
            "voti_si": 201,
            "voti_no": 27,
            "perc_si": "88,16",
            "perc_no": "11,84",
            "dt_agg": 20250609172223
        },
        {
            "cod": 2,
            "desc": null,
            "sz_perv": 2,
            "vot_m": 102,
            "vot_f": 133,
            "vot_t": 235,
            "perc_vot": "19,00",
            "sk_bianche": 4,
            "sk_nulle": 1,
            "sk_contestate": 0,
            "voti_si": 195,
            "voti_no": 35,
            "perc_si": "84,78",
            "perc_no": "15,22",
            "dt_agg": 20250609172324
        },
        {
            "cod": 3,
            "desc": null,
            "sz_perv": 2,
            "vot_m": 102,
            "vot_f": 133,
            "vot_t": 235,
            "perc_vot": "19,00",
            "sk_bianche": 4,
            "sk_nulle": 1,
            "sk_contestate": 0,
            "voti_si": 203,
            "voti_no": 27,
            "perc_si": "88,26",
            "perc_no": "11,74",
            "dt_agg": 20250609172416
        },
        {
            "cod": 4,
            "desc": null,
            "sz_perv": 2,
            "vot_m": 102,
            "vot_f": 133,
            "vot_t": 235,
            "perc_vot": "19,00",
            "sk_bianche": 7,
            "sk_nulle": 2,
            "sk_contestate": 0,
            "voti_si": 190,
            "voti_no": 36,
            "perc_si": "84,07",
            "perc_no": "15,93",
            "dt_agg": 20250609172509
        },
        {
            "cod": 5,
            "desc": null,
            "sz_perv": 2,
            "vot_m": 103,
            "vot_f": 133,
            "vot_t": 236,
            "perc_vot": "19,08",
            "sk_bianche": 8,
            "sk_nulle": 2,
            "sk_contestate": 0,
            "voti_si": 147,
            "voti_no": 79,
            "perc_si": "65,04",
            "perc_no": "34,96",
            "dt_agg": 20250609172604
        }
    ]
}