{
    "int": {
        "st": "ESERCIZIO",
        "t_ele": "Referendum",
        "t_ref": "ABROGATIVO",
        "f_elet": "SCRUTINI",
        "dt_ele": 20250608000000,
        "l_terr": "COMUNE",
        "area": "I",
        "cod_com": 330,
        "desc_com": "FOSSACESIA",
        "cod_prov": 23,
        "desc_prov": "CHIETI",
        "cod_reg": 13,
        "desc_reg": "ABRUZZO",
        "ele_m": 2457,
        "ele_f": 2544,
        "ele_t": 5001,
        "sz_tot": 6,
        "tipo_tras": "SZ"
    },
    "note": null,
    "scheda": [
        {
            "cod": 1,
            "desc": null,
            "sz_perv": 6,
            "vot_m": 822,
            "vot_f": 851,
            "vot_t": 1673,
            "perc_vot": "33,45",
            "sk_bianche": 38,
            "sk_nulle": 11,
            "sk_contestate": 0,
            "voti_si": 1458,
            "voti_no": 166,
            "perc_si": "89,78",
            "perc_no": "10,22",
            "dt_agg": 20250609182016
        },
        {
            "cod": 2,
            "desc": null,
            "sz_perv": 6,
            "vot_m": 821,
            "vot_f": 851,
            "vot_t": 1672,
            "perc_vot": "33,43",
            "sk_bianche": 30,
            "sk_nulle": 14,
            "sk_contestate": 0,
            "voti_si": 1442,
            "voti_no": 186,
            "perc_si": "88,57",
            "perc_no": "11,43",
            "dt_agg": 20250609182733
        },
        {
            "cod": 3,
            "desc": null,
            "sz_perv": 6,
            "vot_m": 822,
            "vot_f": 851,
            "vot_t": 1673,
            "perc_vot": "33,45",
            "sk_bianche": 34,
            "sk_nulle": 11,
            "sk_contestate": 0,
            "voti_si": 1463,
            "voti_no": 165,
            "perc_si": "89,86",
            "perc_no": "10,14",
            "dt_agg": 20250609183139
        },
        {
            "cod": 4,
            "desc": null,
            "sz_perv": 6,
            "vot_m": 822,
            "vot_f": 851,
            "vot_t": 1673,
            "perc_vot": "33,45",
            "sk_bianche": 31,
            "sk_nulle": 14,
            "sk_contestate": 0,
            "voti_si": 1438,
            "voti_no": 190,
            "perc_si": "88,33",
            "perc_no": "11,67",
            "dt_agg": 20250609183426
        },
        {
            "cod": 5,
            "desc": null,
            "sz_perv": 6,
            "vot_m": 821,
            "vot_f": 849,
            "vot_t": 1670,
            "perc_vot": "33,39",
            "sk_bianche": 30,
            "sk_nulle": 12,
            "sk_contestate": 0,
            "voti_si": 1010,
            "voti_no": 618,
            "perc_si": "62,04",
            "perc_no": "37,96",
            "dt_agg": 20250609183847
        }
    ]
}