{
    "int": {
        "st": "ESERCIZIO",
        "t_ele": "Referendum",
        "t_ref": "ABROGATIVO",
        "f_elet": "SCRUTINI",
        "dt_ele": 20250608000000,
        "l_terr": "COMUNE",
        "area": "I",
        "cod_com": 500,
        "desc_com": "MIGLIANICO",
        "cod_prov": 23,
        "desc_prov": "CHIETI",
        "cod_reg": 13,
        "desc_reg": "ABRUZZO",
        "ele_m": 1858,
        "ele_f": 1917,
        "ele_t": 3775,
        "sz_tot": 4,
        "tipo_tras": "SZ"
    },
    "note": null,
    "scheda": [
        {
            "cod": 1,
            "desc": null,
            "sz_perv": 4,
            "vot_m": 431,
            "vot_f": 519,
            "vot_t": 950,
            "perc_vot": "25,17",
            "sk_bianche": 14,
            "sk_nulle": 7,
            "sk_contestate": 0,
            "voti_si": 798,
            "voti_no": 131,
            "perc_si": "85,90",
            "perc_no": "14,10",
            "dt_agg": 20250609180646
        },
        {
            "cod": 2,
            "desc": null,
            "sz_perv": 4,
            "vot_m": 431,
            "vot_f": 519,
            "vot_t": 950,
            "perc_vot": "25,17",
            "sk_bianche": 11,
            "sk_nulle": 10,
            "sk_contestate": 2,
            "voti_si": 771,
            "voti_no": 156,
            "perc_si": "83,17",
            "perc_no": "16,83",
            "dt_agg": 20250609180717
        },
        {
            "cod": 3,
            "desc": null,
            "sz_perv": 4,
            "vot_m": 431,
            "vot_f": 519,
            "vot_t": 950,
            "perc_vot": "25,17",
            "sk_bianche": 14,
            "sk_nulle": 7,
            "sk_contestate": 0,
            "voti_si": 809,
            "voti_no": 120,
            "perc_si": "87,08",
            "perc_no": "12,92",
            "dt_agg": 20250609180747
        },
        {
            "cod": 4,
            "desc": null,
            "sz_perv": 4,
            "vot_m": 431,
            "vot_f": 519,
            "vot_t": 950,
            "perc_vot": "25,17",
            "sk_bianche": 15,
            "sk_nulle": 7,
            "sk_contestate": 0,
            "voti_si": 795,
            "voti_no": 133,
            "perc_si": "85,67",
            "perc_no": "14,33",
            "dt_agg": 20250609180811
        },
        {
            "cod": 5,
            "desc": null,
            "sz_perv": 4,
            "vot_m": 431,
            "vot_f": 520,
            "vot_t": 951,
            "perc_vot": "25,19",
            "sk_bianche": 16,
            "sk_nulle": 12,
            "sk_contestate": 0,
            "voti_si": 491,
            "voti_no": 432,
            "perc_si": "53,20",
            "perc_no": "46,80",
            "dt_agg": 20250609181019
        }
    ]
}