{
    "int": {
        "st": "ESERCIZIO",
        "t_ele": "Referendum",
        "t_ref": "ABROGATIVO",
        "f_elet": "SCRUTINI",
        "dt_ele": 20250608000000,
        "l_terr": "COMUNE",
        "area": "I",
        "cod_com": 760,
        "desc_com": "ROCCASPINALVETI",
        "cod_prov": 23,
        "desc_prov": "CHIETI",
        "cod_reg": 13,
        "desc_reg": "ABRUZZO",
        "ele_m": 484,
        "ele_f": 494,
        "ele_t": 978,
        "sz_tot": 2,
        "tipo_tras": "SZ"
    },
    "note": null,
    "scheda": [
        {
            "cod": 1,
            "desc": null,
            "sz_perv": 2,
            "vot_m": 205,
            "vot_f": 175,
            "vot_t": 380,
            "perc_vot": "38,85",
            "sk_bianche": 14,
            "sk_nulle": 6,
            "sk_contestate": 0,
            "voti_si": 324,
            "voti_no": 36,
            "perc_si": "90,00",
            "perc_no": "10,00",
            "dt_agg": 20250609165339
        },
        {
            "cod": 2,
            "desc": null,
            "sz_perv": 2,
            "vot_m": 205,
            "vot_f": 174,
            "vot_t": 379,
            "perc_vot": "38,75",
            "sk_bianche": 15,
            "sk_nulle": 6,
            "sk_contestate": 0,
            "voti_si": 322,
            "voti_no": 36,
            "perc_si": "89,94",
            "perc_no": "10,06",
            "dt_agg": 20250609165403
        },
        {
            "cod": 3,
            "desc": null,
            "sz_perv": 2,
            "vot_m": 205,
            "vot_f": 174,
            "vot_t": 379,
            "perc_vot": "38,75",
            "sk_bianche": 20,
            "sk_nulle": 6,
            "sk_contestate": 0,
            "voti_si": 322,
            "voti_no": 31,
            "perc_si": "91,22",
            "perc_no": "8,78",
            "dt_agg": 20250609165424
        },
        {
            "cod": 4,
            "desc": null,
            "sz_perv": 2,
            "vot_m": 205,
            "vot_f": 174,
            "vot_t": 379,
            "perc_vot": "38,75",
            "sk_bianche": 21,
            "sk_nulle": 8,
            "sk_contestate": 0,
            "voti_si": 304,
            "voti_no": 46,
            "perc_si": "86,86",
            "perc_no": "13,14",
            "dt_agg": 20250609165443
        },
        {
            "cod": 5,
            "desc": null,
            "sz_perv": 2,
            "vot_m": 205,
            "vot_f": 174,
            "vot_t": 379,
            "perc_vot": "38,75",
            "sk_bianche": 22,
            "sk_nulle": 6,
            "sk_contestate": 0,
            "voti_si": 238,
            "voti_no": 113,
            "perc_si": "67,81",
            "perc_no": "32,19",
            "dt_agg": 20250609165312
        }
    ]
}