{
    "int": {
        "st": "ESERCIZIO",
        "t_ele": "Referendum",
        "t_ref": "ABROGATIVO",
        "f_elet": "SCRUTINI",
        "dt_ele": 20250608000000,
        "l_terr": "COMUNE",
        "area": "I",
        "cod_com": 230,
        "desc_com": "CIVITALUPARELLA",
        "cod_prov": 23,
        "desc_prov": "CHIETI",
        "cod_reg": 13,
        "desc_reg": "ABRUZZO",
        "ele_m": 124,
        "ele_f": 117,
        "ele_t": 241,
        "sz_tot": 1,
        "tipo_tras": "SZ"
    },
    "note": null,
    "scheda": [
        {
            "cod": 1,
            "desc": null,
            "sz_perv": 1,
            "vot_m": 41,
            "vot_f": 51,
            "vot_t": 92,
            "perc_vot": "38,17",
            "sk_bianche": 4,
            "sk_nulle": 0,
            "sk_contestate": 0,
            "voti_si": 81,
            "voti_no": 7,
            "perc_si": "92,05",
            "perc_no": "7,95",
            "dt_agg": 20250609155615
        },
        {
            "cod": 2,
            "desc": null,
            "sz_perv": 1,
            "vot_m": 41,
            "vot_f": 51,
            "vot_t": 92,
            "perc_vot": "38,17",
            "sk_bianche": 4,
            "sk_nulle": 2,
            "sk_contestate": 0,
            "voti_si": 76,
            "voti_no": 10,
            "perc_si": "88,37",
            "perc_no": "11,63",
            "dt_agg": 20250609161848
        },
        {
            "cod": 3,
            "desc": null,
            "sz_perv": 1,
            "vot_m": 41,
            "vot_f": 51,
            "vot_t": 92,
            "perc_vot": "38,17",
            "sk_bianche": 6,
            "sk_nulle": 0,
            "sk_contestate": 0,
            "voti_si": 78,
            "voti_no": 8,
            "perc_si": "90,70",
            "perc_no": "9,30",
            "dt_agg": 20250609164301
        },
        {
            "cod": 4,
            "desc": null,
            "sz_perv": 1,
            "vot_m": 41,
            "vot_f": 51,
            "vot_t": 92,
            "perc_vot": "38,17",
            "sk_bianche": 4,
            "sk_nulle": 2,
            "sk_contestate": 0,
            "voti_si": 76,
            "voti_no": 10,
            "perc_si": "88,37",
            "perc_no": "11,63",
            "dt_agg": 20250609170022
        },
        {
            "cod": 5,
            "desc": null,
            "sz_perv": 1,
            "vot_m": 41,
            "vot_f": 51,
            "vot_t": 92,
            "perc_vot": "38,17",
            "sk_bianche": 4,
            "sk_nulle": 2,
            "sk_contestate": 0,
            "voti_si": 42,
            "voti_no": 44,
            "perc_si": "48,84",
            "perc_no": "51,16",
            "dt_agg": 20250609172543
        }
    ]
}