{
    "int": {
        "st": "ESERCIZIO",
        "t_ele": "Referendum",
        "t_ref": "ABROGATIVO",
        "f_elet": "SCRUTINI",
        "dt_ele": 20250608000000,
        "l_terr": "COMUNE",
        "area": "I",
        "cod_com": 100,
        "desc_com": "CANOSA SANNITA",
        "cod_prov": 23,
        "desc_prov": "CHIETI",
        "cod_reg": 13,
        "desc_reg": "ABRUZZO",
        "ele_m": 498,
        "ele_f": 523,
        "ele_t": 1021,
        "sz_tot": 2,
        "tipo_tras": "SZ"
    },
    "note": null,
    "scheda": [
        {
            "cod": 1,
            "desc": null,
            "sz_perv": 2,
            "vot_m": 127,
            "vot_f": 157,
            "vot_t": 284,
            "perc_vot": "27,82",
            "sk_bianche": 3,
            "sk_nulle": 0,
            "sk_contestate": 0,
            "voti_si": 248,
            "voti_no": 33,
            "perc_si": "88,26",
            "perc_no": "11,74",
            "dt_agg": 20250609172209
        },
        {
            "cod": 2,
            "desc": null,
            "sz_perv": 2,
            "vot_m": 127,
            "vot_f": 157,
            "vot_t": 284,
            "perc_vot": "27,82",
            "sk_bianche": 4,
            "sk_nulle": 0,
            "sk_contestate": 0,
            "voti_si": 236,
            "voti_no": 44,
            "perc_si": "84,29",
            "perc_no": "15,71",
            "dt_agg": 20250609172327
        },
        {
            "cod": 3,
            "desc": null,
            "sz_perv": 2,
            "vot_m": 127,
            "vot_f": 157,
            "vot_t": 284,
            "perc_vot": "27,82",
            "sk_bianche": 4,
            "sk_nulle": 0,
            "sk_contestate": 0,
            "voti_si": 250,
            "voti_no": 30,
            "perc_si": "89,29",
            "perc_no": "10,71",
            "dt_agg": 20250609172448
        },
        {
            "cod": 4,
            "desc": null,
            "sz_perv": 2,
            "vot_m": 127,
            "vot_f": 157,
            "vot_t": 284,
            "perc_vot": "27,82",
            "sk_bianche": 6,
            "sk_nulle": 0,
            "sk_contestate": 0,
            "voti_si": 238,
            "voti_no": 40,
            "perc_si": "85,61",
            "perc_no": "14,39",
            "dt_agg": 20250609172551
        },
        {
            "cod": 5,
            "desc": null,
            "sz_perv": 2,
            "vot_m": 127,
            "vot_f": 157,
            "vot_t": 284,
            "perc_vot": "27,82",
            "sk_bianche": 7,
            "sk_nulle": 1,
            "sk_contestate": 0,
            "voti_si": 170,
            "voti_no": 106,
            "perc_si": "61,59",
            "perc_no": "38,41",
            "dt_agg": 20250609172725
        }
    ]
}