{
    "int": {
        "st": "ESERCIZIO",
        "t_ele": "Referendum",
        "t_ref": "ABROGATIVO",
        "f_elet": "SCRUTINI",
        "dt_ele": 20250608000000,
        "l_terr": "COMUNE",
        "area": "I",
        "cod_com": 860,
        "desc_com": "SAN VITO CHIETINO",
        "cod_prov": 23,
        "desc_prov": "CHIETI",
        "cod_reg": 13,
        "desc_reg": "ABRUZZO",
        "ele_m": 2044,
        "ele_f": 2125,
        "ele_t": 4169,
        "sz_tot": 5,
        "tipo_tras": "SZ"
    },
    "note": null,
    "scheda": [
        {
            "cod": 1,
            "desc": null,
            "sz_perv": 5,
            "vot_m": 657,
            "vot_f": 734,
            "vot_t": 1391,
            "perc_vot": "33,37",
            "sk_bianche": 33,
            "sk_nulle": 18,
            "sk_contestate": 0,
            "voti_si": 1204,
            "voti_no": 136,
            "perc_si": "89,85",
            "perc_no": "10,15",
            "dt_agg": 20250609180220
        },
        {
            "cod": 2,
            "desc": null,
            "sz_perv": 5,
            "vot_m": 658,
            "vot_f": 735,
            "vot_t": 1393,
            "perc_vot": "33,41",
            "sk_bianche": 38,
            "sk_nulle": 15,
            "sk_contestate": 0,
            "voti_si": 1190,
            "voti_no": 150,
            "perc_si": "88,81",
            "perc_no": "11,19",
            "dt_agg": 20250609180251
        },
        {
            "cod": 3,
            "desc": null,
            "sz_perv": 5,
            "vot_m": 657,
            "vot_f": 734,
            "vot_t": 1391,
            "perc_vot": "33,37",
            "sk_bianche": 36,
            "sk_nulle": 17,
            "sk_contestate": 0,
            "voti_si": 1206,
            "voti_no": 132,
            "perc_si": "90,13",
            "perc_no": "9,87",
            "dt_agg": 20250609180323
        },
        {
            "cod": 4,
            "desc": null,
            "sz_perv": 5,
            "vot_m": 657,
            "vot_f": 734,
            "vot_t": 1391,
            "perc_vot": "33,37",
            "sk_bianche": 31,
            "sk_nulle": 17,
            "sk_contestate": 0,
            "voti_si": 1187,
            "voti_no": 156,
            "perc_si": "88,38",
            "perc_no": "11,62",
            "dt_agg": 20250609180426
        },
        {
            "cod": 5,
            "desc": null,
            "sz_perv": 5,
            "vot_m": 654,
            "vot_f": 735,
            "vot_t": 1389,
            "perc_vot": "33,32",
            "sk_bianche": 32,
            "sk_nulle": 13,
            "sk_contestate": 0,
            "voti_si": 856,
            "voti_no": 488,
            "perc_si": "63,69",
            "perc_no": "36,31",
            "dt_agg": 20250609180431
        }
    ]
}