{
    "int": {
        "st": "ESERCIZIO",
        "t_ele": "Referendum",
        "t_ref": "ABROGATIVO",
        "f_elet": "SCRUTINI",
        "dt_ele": 20250608000000,
        "l_terr": "COMUNE",
        "area": "I",
        "cod_com": 710,
        "desc_com": "RAPINO",
        "cod_prov": 23,
        "desc_prov": "CHIETI",
        "cod_reg": 13,
        "desc_reg": "ABRUZZO",
        "ele_m": 475,
        "ele_f": 489,
        "ele_t": 964,
        "sz_tot": 2,
        "tipo_tras": "SZ"
    },
    "note": null,
    "scheda": [
        {
            "cod": 1,
            "desc": null,
            "sz_perv": 2,
            "vot_m": 185,
            "vot_f": 208,
            "vot_t": 393,
            "perc_vot": "40,77",
            "sk_bianche": 8,
            "sk_nulle": 0,
            "sk_contestate": 0,
            "voti_si": 348,
            "voti_no": 37,
            "perc_si": "90,39",
            "perc_no": "9,61",
            "dt_agg": 20250609174925
        },
        {
            "cod": 2,
            "desc": null,
            "sz_perv": 2,
            "vot_m": 185,
            "vot_f": 208,
            "vot_t": 393,
            "perc_vot": "40,77",
            "sk_bianche": 8,
            "sk_nulle": 1,
            "sk_contestate": 0,
            "voti_si": 341,
            "voti_no": 43,
            "perc_si": "88,80",
            "perc_no": "11,20",
            "dt_agg": 20250609174945
        },
        {
            "cod": 3,
            "desc": null,
            "sz_perv": 2,
            "vot_m": 185,
            "vot_f": 208,
            "vot_t": 393,
            "perc_vot": "40,77",
            "sk_bianche": 7,
            "sk_nulle": 0,
            "sk_contestate": 0,
            "voti_si": 346,
            "voti_no": 40,
            "perc_si": "89,64",
            "perc_no": "10,36",
            "dt_agg": 20250609175018
        },
        {
            "cod": 4,
            "desc": null,
            "sz_perv": 2,
            "vot_m": 185,
            "vot_f": 208,
            "vot_t": 393,
            "perc_vot": "40,77",
            "sk_bianche": 7,
            "sk_nulle": 0,
            "sk_contestate": 0,
            "voti_si": 343,
            "voti_no": 43,
            "perc_si": "88,86",
            "perc_no": "11,14",
            "dt_agg": 20250609175050
        },
        {
            "cod": 5,
            "desc": null,
            "sz_perv": 2,
            "vot_m": 186,
            "vot_f": 208,
            "vot_t": 394,
            "perc_vot": "40,87",
            "sk_bianche": 5,
            "sk_nulle": 0,
            "sk_contestate": 0,
            "voti_si": 212,
            "voti_no": 177,
            "perc_si": "54,50",
            "perc_no": "45,50",
            "dt_agg": 20250609175121
        }
    ]
}