{
    "int": {
        "st": "ESERCIZIO",
        "t_ele": "Referendum",
        "t_ref": "ABROGATIVO",
        "f_elet": "SCRUTINI",
        "dt_ele": 20250608000000,
        "l_terr": "COMUNE",
        "area": "I",
        "cod_com": 870,
        "desc_com": "SCERNI",
        "cod_prov": 23,
        "desc_prov": "CHIETI",
        "cod_reg": 13,
        "desc_reg": "ABRUZZO",
        "ele_m": 1168,
        "ele_f": 1234,
        "ele_t": 2402,
        "sz_tot": 4,
        "tipo_tras": "SZ"
    },
    "note": null,
    "scheda": [
        {
            "cod": 1,
            "desc": null,
            "sz_perv": 4,
            "vot_m": 331,
            "vot_f": 350,
            "vot_t": 681,
            "perc_vot": "28,35",
            "sk_bianche": 17,
            "sk_nulle": 3,
            "sk_contestate": 0,
            "voti_si": 607,
            "voti_no": 54,
            "perc_si": "91,83",
            "perc_no": "8,17",
            "dt_agg": 20250609182159
        },
        {
            "cod": 2,
            "desc": null,
            "sz_perv": 4,
            "vot_m": 331,
            "vot_f": 350,
            "vot_t": 681,
            "perc_vot": "28,35",
            "sk_bianche": 21,
            "sk_nulle": 3,
            "sk_contestate": 0,
            "voti_si": 600,
            "voti_no": 57,
            "perc_si": "91,32",
            "perc_no": "8,68",
            "dt_agg": 20250609182239
        },
        {
            "cod": 3,
            "desc": null,
            "sz_perv": 4,
            "vot_m": 331,
            "vot_f": 350,
            "vot_t": 681,
            "perc_vot": "28,35",
            "sk_bianche": 16,
            "sk_nulle": 2,
            "sk_contestate": 0,
            "voti_si": 612,
            "voti_no": 51,
            "perc_si": "92,31",
            "perc_no": "7,69",
            "dt_agg": 20250609182314
        },
        {
            "cod": 4,
            "desc": null,
            "sz_perv": 4,
            "vot_m": 332,
            "vot_f": 350,
            "vot_t": 682,
            "perc_vot": "28,39",
            "sk_bianche": 18,
            "sk_nulle": 4,
            "sk_contestate": 0,
            "voti_si": 595,
            "voti_no": 65,
            "perc_si": "90,15",
            "perc_no": "9,85",
            "dt_agg": 20250609182357
        },
        {
            "cod": 5,
            "desc": null,
            "sz_perv": 4,
            "vot_m": 331,
            "vot_f": 350,
            "vot_t": 681,
            "perc_vot": "28,35",
            "sk_bianche": 17,
            "sk_nulle": 4,
            "sk_contestate": 0,
            "voti_si": 403,
            "voti_no": 257,
            "perc_si": "61,06",
            "perc_no": "38,94",
            "dt_agg": 20250609182440
        }
    ]
}