{
    "int": {
        "st": "ESERCIZIO",
        "t_ele": "Referendum",
        "t_ref": "ABROGATIVO",
        "f_elet": "SCRUTINI",
        "dt_ele": 20250608000000,
        "l_terr": "COMUNE",
        "area": "I",
        "cod_com": 140,
        "desc_com": "CASALANGUIDA",
        "cod_prov": 23,
        "desc_prov": "CHIETI",
        "cod_reg": 13,
        "desc_reg": "ABRUZZO",
        "ele_m": 315,
        "ele_f": 321,
        "ele_t": 636,
        "sz_tot": 1,
        "tipo_tras": "SZ"
    },
    "note": null,
    "scheda": [
        {
            "cod": 1,
            "desc": null,
            "sz_perv": 1,
            "vot_m": 107,
            "vot_f": 95,
            "vot_t": 202,
            "perc_vot": "31,76",
            "sk_bianche": 9,
            "sk_nulle": 1,
            "sk_contestate": 0,
            "voti_si": 173,
            "voti_no": 19,
            "perc_si": "90,10",
            "perc_no": "9,90",
            "dt_agg": 20250609175906
        },
        {
            "cod": 2,
            "desc": null,
            "sz_perv": 1,
            "vot_m": 107,
            "vot_f": 95,
            "vot_t": 202,
            "perc_vot": "31,76",
            "sk_bianche": 10,
            "sk_nulle": 2,
            "sk_contestate": 0,
            "voti_si": 167,
            "voti_no": 23,
            "perc_si": "87,89",
            "perc_no": "12,11",
            "dt_agg": 20250609183515
        },
        {
            "cod": 3,
            "desc": null,
            "sz_perv": 1,
            "vot_m": 107,
            "vot_f": 95,
            "vot_t": 202,
            "perc_vot": "31,76",
            "sk_bianche": 9,
            "sk_nulle": 3,
            "sk_contestate": 0,
            "voti_si": 168,
            "voti_no": 22,
            "perc_si": "88,42",
            "perc_no": "11,58",
            "dt_agg": 20250609185743
        },
        {
            "cod": 4,
            "desc": null,
            "sz_perv": 1,
            "vot_m": 107,
            "vot_f": 95,
            "vot_t": 202,
            "perc_vot": "31,76",
            "sk_bianche": 11,
            "sk_nulle": 2,
            "sk_contestate": 0,
            "voti_si": 166,
            "voti_no": 23,
            "perc_si": "87,83",
            "perc_no": "12,17",
            "dt_agg": 20250609192347
        },
        {
            "cod": 5,
            "desc": null,
            "sz_perv": 1,
            "vot_m": 107,
            "vot_f": 95,
            "vot_t": 202,
            "perc_vot": "31,76",
            "sk_bianche": 10,
            "sk_nulle": 2,
            "sk_contestate": 0,
            "voti_si": 121,
            "voti_no": 69,
            "perc_si": "63,68",
            "perc_no": "36,32",
            "dt_agg": 20250609200255
        }
    ]
}