{
    "int": {
        "st": "ESERCIZIO",
        "t_ele": "Referendum",
        "t_ref": "ABROGATIVO",
        "f_elet": "SCRUTINI",
        "dt_ele": 20250608000000,
        "l_terr": "COMUNE",
        "area": "I",
        "cod_com": 720,
        "desc_com": "RIPA TEATINA",
        "cod_prov": 23,
        "desc_prov": "CHIETI",
        "cod_reg": 13,
        "desc_reg": "ABRUZZO",
        "ele_m": 1580,
        "ele_f": 1531,
        "ele_t": 3111,
        "sz_tot": 4,
        "tipo_tras": "SZ"
    },
    "note": null,
    "scheda": [
        {
            "cod": 1,
            "desc": null,
            "sz_perv": 4,
            "vot_m": 385,
            "vot_f": 396,
            "vot_t": 781,
            "perc_vot": "25,10",
            "sk_bianche": 25,
            "sk_nulle": 8,
            "sk_contestate": 0,
            "voti_si": 666,
            "voti_no": 82,
            "perc_si": "89,04",
            "perc_no": "10,96",
            "dt_agg": 20250609174226
        },
        {
            "cod": 2,
            "desc": null,
            "sz_perv": 4,
            "vot_m": 385,
            "vot_f": 396,
            "vot_t": 781,
            "perc_vot": "25,10",
            "sk_bianche": 26,
            "sk_nulle": 7,
            "sk_contestate": 0,
            "voti_si": 649,
            "voti_no": 99,
            "perc_si": "86,76",
            "perc_no": "13,24",
            "dt_agg": 20250609174253
        },
        {
            "cod": 3,
            "desc": null,
            "sz_perv": 4,
            "vot_m": 385,
            "vot_f": 396,
            "vot_t": 781,
            "perc_vot": "25,10",
            "sk_bianche": 29,
            "sk_nulle": 7,
            "sk_contestate": 0,
            "voti_si": 652,
            "voti_no": 93,
            "perc_si": "87,52",
            "perc_no": "12,48",
            "dt_agg": 20250609174310
        },
        {
            "cod": 4,
            "desc": null,
            "sz_perv": 4,
            "vot_m": 385,
            "vot_f": 396,
            "vot_t": 781,
            "perc_vot": "25,10",
            "sk_bianche": 26,
            "sk_nulle": 6,
            "sk_contestate": 0,
            "voti_si": 638,
            "voti_no": 111,
            "perc_si": "85,18",
            "perc_no": "14,82",
            "dt_agg": 20250609174334
        },
        {
            "cod": 5,
            "desc": null,
            "sz_perv": 4,
            "vot_m": 386,
            "vot_f": 396,
            "vot_t": 782,
            "perc_vot": "25,14",
            "sk_bianche": 24,
            "sk_nulle": 13,
            "sk_contestate": 0,
            "voti_si": 420,
            "voti_no": 325,
            "perc_si": "56,38",
            "perc_no": "43,62",
            "dt_agg": 20250609174351
        }
    ]
}