{
    "int": {
        "st": "ESERCIZIO",
        "t_ele": "Referendum",
        "t_ref": "ABROGATIVO",
        "f_elet": "SCRUTINI",
        "dt_ele": 20250608000000,
        "l_terr": "COMUNE",
        "area": "I",
        "cod_com": 880,
        "desc_com": "SCHIAVI DI ABRUZZO",
        "cod_prov": 23,
        "desc_prov": "CHIETI",
        "cod_reg": 13,
        "desc_reg": "ABRUZZO",
        "ele_m": 246,
        "ele_f": 263,
        "ele_t": 509,
        "sz_tot": 2,
        "tipo_tras": "SZ"
    },
    "note": null,
    "scheda": [
        {
            "cod": 1,
            "desc": null,
            "sz_perv": 2,
            "vot_m": 70,
            "vot_f": 55,
            "vot_t": 125,
            "perc_vot": "24,56",
            "sk_bianche": 5,
            "sk_nulle": 1,
            "sk_contestate": 0,
            "voti_si": 104,
            "voti_no": 15,
            "perc_si": "87,39",
            "perc_no": "12,61",
            "dt_agg": 20250609165802
        },
        {
            "cod": 2,
            "desc": null,
            "sz_perv": 2,
            "vot_m": 70,
            "vot_f": 55,
            "vot_t": 125,
            "perc_vot": "24,56",
            "sk_bianche": 4,
            "sk_nulle": 2,
            "sk_contestate": 0,
            "voti_si": 101,
            "voti_no": 18,
            "perc_si": "84,87",
            "perc_no": "15,13",
            "dt_agg": 20250609165855
        },
        {
            "cod": 3,
            "desc": null,
            "sz_perv": 2,
            "vot_m": 70,
            "vot_f": 55,
            "vot_t": 125,
            "perc_vot": "24,56",
            "sk_bianche": 4,
            "sk_nulle": 3,
            "sk_contestate": 0,
            "voti_si": 103,
            "voti_no": 15,
            "perc_si": "87,29",
            "perc_no": "12,71",
            "dt_agg": 20250609170002
        },
        {
            "cod": 4,
            "desc": null,
            "sz_perv": 2,
            "vot_m": 70,
            "vot_f": 55,
            "vot_t": 125,
            "perc_vot": "24,56",
            "sk_bianche": 4,
            "sk_nulle": 3,
            "sk_contestate": 0,
            "voti_si": 101,
            "voti_no": 17,
            "perc_si": "85,59",
            "perc_no": "14,41",
            "dt_agg": 20250609170100
        },
        {
            "cod": 5,
            "desc": null,
            "sz_perv": 2,
            "vot_m": 70,
            "vot_f": 55,
            "vot_t": 125,
            "perc_vot": "24,56",
            "sk_bianche": 3,
            "sk_nulle": 4,
            "sk_contestate": 0,
            "voti_si": 96,
            "voti_no": 22,
            "perc_si": "81,36",
            "perc_no": "18,64",
            "dt_agg": 20250609170202
        }
    ]
}