{
    "int": {
        "st": "ESERCIZIO",
        "t_ele": "Referendum",
        "t_ref": "ABROGATIVO",
        "f_elet": "SCRUTINI",
        "dt_ele": 20250608000000,
        "l_terr": "COMUNE",
        "area": "I",
        "cod_com": 750,
        "desc_com": "ROCCASCALEGNA",
        "cod_prov": 23,
        "desc_prov": "CHIETI",
        "cod_reg": 13,
        "desc_reg": "ABRUZZO",
        "ele_m": 450,
        "ele_f": 442,
        "ele_t": 892,
        "sz_tot": 2,
        "tipo_tras": "SZ"
    },
    "note": null,
    "scheda": [
        {
            "cod": 1,
            "desc": null,
            "sz_perv": 2,
            "vot_m": 196,
            "vot_f": 201,
            "vot_t": 397,
            "perc_vot": "44,51",
            "sk_bianche": 13,
            "sk_nulle": 5,
            "sk_contestate": 0,
            "voti_si": 338,
            "voti_no": 41,
            "perc_si": "89,18",
            "perc_no": "10,82",
            "dt_agg": 20250609174955
        },
        {
            "cod": 2,
            "desc": null,
            "sz_perv": 2,
            "vot_m": 196,
            "vot_f": 201,
            "vot_t": 397,
            "perc_vot": "44,51",
            "sk_bianche": 11,
            "sk_nulle": 5,
            "sk_contestate": 0,
            "voti_si": 330,
            "voti_no": 51,
            "perc_si": "86,61",
            "perc_no": "13,39",
            "dt_agg": 20250609175048
        },
        {
            "cod": 3,
            "desc": null,
            "sz_perv": 2,
            "vot_m": 196,
            "vot_f": 201,
            "vot_t": 397,
            "perc_vot": "44,51",
            "sk_bianche": 15,
            "sk_nulle": 6,
            "sk_contestate": 0,
            "voti_si": 332,
            "voti_no": 44,
            "perc_si": "88,30",
            "perc_no": "11,70",
            "dt_agg": 20250609175110
        },
        {
            "cod": 4,
            "desc": null,
            "sz_perv": 2,
            "vot_m": 196,
            "vot_f": 201,
            "vot_t": 397,
            "perc_vot": "44,51",
            "sk_bianche": 13,
            "sk_nulle": 6,
            "sk_contestate": 0,
            "voti_si": 328,
            "voti_no": 50,
            "perc_si": "86,77",
            "perc_no": "13,23",
            "dt_agg": 20250609175130
        },
        {
            "cod": 5,
            "desc": null,
            "sz_perv": 2,
            "vot_m": 196,
            "vot_f": 201,
            "vot_t": 397,
            "perc_vot": "44,51",
            "sk_bianche": 6,
            "sk_nulle": 8,
            "sk_contestate": 0,
            "voti_si": 262,
            "voti_no": 121,
            "perc_si": "68,41",
            "perc_no": "31,59",
            "dt_agg": 20250609175154
        }
    ]
}