{
    "int": {
        "st": "ESERCIZIO",
        "t_ele": "Referendum",
        "t_ref": "ABROGATIVO",
        "f_elet": "SCRUTINI",
        "dt_ele": 20250608000000,
        "l_terr": "COMUNE",
        "area": "I",
        "cod_com": 110,
        "desc_com": "CARPINETO SINELLO",
        "cod_prov": 23,
        "desc_prov": "CHIETI",
        "cod_reg": 13,
        "desc_reg": "ABRUZZO",
        "ele_m": 200,
        "ele_f": 193,
        "ele_t": 393,
        "sz_tot": 1,
        "tipo_tras": "SZ"
    },
    "note": null,
    "scheda": [
        {
            "cod": 1,
            "desc": null,
            "sz_perv": 1,
            "vot_m": 64,
            "vot_f": 61,
            "vot_t": 125,
            "perc_vot": "31,81",
            "sk_bianche": 6,
            "sk_nulle": 0,
            "sk_contestate": 0,
            "voti_si": 114,
            "voti_no": 5,
            "perc_si": "95,80",
            "perc_no": "4,20",
            "dt_agg": 20250609171432
        },
        {
            "cod": 2,
            "desc": null,
            "sz_perv": 1,
            "vot_m": 64,
            "vot_f": 61,
            "vot_t": 125,
            "perc_vot": "31,81",
            "sk_bianche": 4,
            "sk_nulle": 1,
            "sk_contestate": 0,
            "voti_si": 112,
            "voti_no": 8,
            "perc_si": "93,33",
            "perc_no": "6,67",
            "dt_agg": 20250609171732
        },
        {
            "cod": 3,
            "desc": null,
            "sz_perv": 1,
            "vot_m": 64,
            "vot_f": 61,
            "vot_t": 125,
            "perc_vot": "31,81",
            "sk_bianche": 5,
            "sk_nulle": 0,
            "sk_contestate": 0,
            "voti_si": 114,
            "voti_no": 6,
            "perc_si": "95,00",
            "perc_no": "5,00",
            "dt_agg": 20250609171910
        },
        {
            "cod": 4,
            "desc": null,
            "sz_perv": 1,
            "vot_m": 64,
            "vot_f": 61,
            "vot_t": 125,
            "perc_vot": "31,81",
            "sk_bianche": 4,
            "sk_nulle": 0,
            "sk_contestate": 0,
            "voti_si": 115,
            "voti_no": 6,
            "perc_si": "95,04",
            "perc_no": "4,96",
            "dt_agg": 20250609171914
        },
        {
            "cod": 5,
            "desc": null,
            "sz_perv": 1,
            "vot_m": 64,
            "vot_f": 61,
            "vot_t": 125,
            "perc_vot": "31,81",
            "sk_bianche": 4,
            "sk_nulle": 1,
            "sk_contestate": 0,
            "voti_si": 70,
            "voti_no": 50,
            "perc_si": "58,33",
            "perc_no": "41,67",
            "dt_agg": 20250609171914
        }
    ]
}