{
    "int": {
        "st": "ESERCIZIO",
        "t_ele": "Referendum",
        "t_ref": "ABROGATIVO",
        "f_elet": "SCRUTINI",
        "dt_ele": 20250608000000,
        "l_terr": "COMUNE",
        "area": "I",
        "cod_com": 140,
        "desc_com": "CELLINO ATTANASIO",
        "cod_prov": 79,
        "desc_prov": "TERAMO",
        "cod_reg": 13,
        "desc_reg": "ABRUZZO",
        "ele_m": 891,
        "ele_f": 915,
        "ele_t": 1806,
        "sz_tot": 3,
        "tipo_tras": "SZ"
    },
    "note": null,
    "scheda": [
        {
            "cod": 1,
            "desc": null,
            "sz_perv": 3,
            "vot_m": 258,
            "vot_f": 293,
            "vot_t": 551,
            "perc_vot": "30,51",
            "sk_bianche": 11,
            "sk_nulle": 5,
            "sk_contestate": 0,
            "voti_si": 505,
            "voti_no": 30,
            "perc_si": "94,39",
            "perc_no": "5,61",
            "dt_agg": 20250609173234
        },
        {
            "cod": 2,
            "desc": null,
            "sz_perv": 3,
            "vot_m": 258,
            "vot_f": 293,
            "vot_t": 551,
            "perc_vot": "30,51",
            "sk_bianche": 11,
            "sk_nulle": 4,
            "sk_contestate": 0,
            "voti_si": 497,
            "voti_no": 39,
            "perc_si": "92,72",
            "perc_no": "7,28",
            "dt_agg": 20250609173307
        },
        {
            "cod": 3,
            "desc": null,
            "sz_perv": 3,
            "vot_m": 258,
            "vot_f": 293,
            "vot_t": 551,
            "perc_vot": "30,51",
            "sk_bianche": 13,
            "sk_nulle": 5,
            "sk_contestate": 0,
            "voti_si": 495,
            "voti_no": 38,
            "perc_si": "92,87",
            "perc_no": "7,13",
            "dt_agg": 20250609173339
        },
        {
            "cod": 4,
            "desc": null,
            "sz_perv": 3,
            "vot_m": 258,
            "vot_f": 293,
            "vot_t": 551,
            "perc_vot": "30,51",
            "sk_bianche": 10,
            "sk_nulle": 5,
            "sk_contestate": 0,
            "voti_si": 492,
            "voti_no": 44,
            "perc_si": "91,79",
            "perc_no": "8,21",
            "dt_agg": 20250609173407
        },
        {
            "cod": 5,
            "desc": null,
            "sz_perv": 3,
            "vot_m": 257,
            "vot_f": 292,
            "vot_t": 549,
            "perc_vot": "30,40",
            "sk_bianche": 14,
            "sk_nulle": 7,
            "sk_contestate": 0,
            "voti_si": 363,
            "voti_no": 165,
            "perc_si": "68,75",
            "perc_no": "31,25",
            "dt_agg": 20250609173451
        }
    ]
}