{
    "int": {
        "st": "ESERCIZIO",
        "t_ele": "Referendum",
        "t_ref": "ABROGATIVO",
        "f_elet": "SCRUTINI",
        "dt_ele": 20250608000000,
        "l_terr": "COMUNE",
        "area": "I",
        "cod_com": 1,
        "desc_com": "ALBA ADRIATICA",
        "cod_prov": 79,
        "desc_prov": "TERAMO",
        "cod_reg": 13,
        "desc_reg": "ABRUZZO",
        "ele_m": 4643,
        "ele_f": 5041,
        "ele_t": 9684,
        "sz_tot": 12,
        "tipo_tras": "SZ"
    },
    "note": null,
    "scheda": [
        {
            "cod": 1,
            "desc": null,
            "sz_perv": 12,
            "vot_m": 1094,
            "vot_f": 1309,
            "vot_t": 2403,
            "perc_vot": "24,81",
            "sk_bianche": 57,
            "sk_nulle": 11,
            "sk_contestate": 1,
            "voti_si": 2049,
            "voti_no": 285,
            "perc_si": "87,79",
            "perc_no": "12,21",
            "dt_agg": 20250609183332
        },
        {
            "cod": 2,
            "desc": null,
            "sz_perv": 12,
            "vot_m": 1094,
            "vot_f": 1309,
            "vot_t": 2403,
            "perc_vot": "24,81",
            "sk_bianche": 60,
            "sk_nulle": 14,
            "sk_contestate": 1,
            "voti_si": 2012,
            "voti_no": 316,
            "perc_si": "86,43",
            "perc_no": "13,57",
            "dt_agg": 20250609183609
        },
        {
            "cod": 3,
            "desc": null,
            "sz_perv": 12,
            "vot_m": 1095,
            "vot_f": 1309,
            "vot_t": 2404,
            "perc_vot": "24,82",
            "sk_bianche": 71,
            "sk_nulle": 13,
            "sk_contestate": 1,
            "voti_si": 2041,
            "voti_no": 278,
            "perc_si": "88,01",
            "perc_no": "11,99",
            "dt_agg": 20250609183950
        },
        {
            "cod": 4,
            "desc": null,
            "sz_perv": 12,
            "vot_m": 1097,
            "vot_f": 1309,
            "vot_t": 2406,
            "perc_vot": "24,85",
            "sk_bianche": 71,
            "sk_nulle": 14,
            "sk_contestate": 1,
            "voti_si": 1970,
            "voti_no": 350,
            "perc_si": "84,91",
            "perc_no": "15,09",
            "dt_agg": 20250609183950
        },
        {
            "cod": 5,
            "desc": null,
            "sz_perv": 12,
            "vot_m": 1092,
            "vot_f": 1308,
            "vot_t": 2400,
            "perc_vot": "24,78",
            "sk_bianche": 50,
            "sk_nulle": 15,
            "sk_contestate": 0,
            "voti_si": 1306,
            "voti_no": 1029,
            "perc_si": "55,93",
            "perc_no": "44,07",
            "dt_agg": 20250609183953
        }
    ]
}