{
    "int": {
        "st": "ESERCIZIO",
        "t_ele": "Referendum",
        "t_ref": "ABROGATIVO",
        "f_elet": "SCRUTINI",
        "dt_ele": 20250608000000,
        "l_terr": "COMUNE",
        "area": "I",
        "cod_com": 120,
        "desc_com": "CASTIGLIONE MESSER RAIMONDO",
        "cod_prov": 79,
        "desc_prov": "TERAMO",
        "cod_reg": 13,
        "desc_reg": "ABRUZZO",
        "ele_m": 804,
        "ele_f": 799,
        "ele_t": 1603,
        "sz_tot": 4,
        "tipo_tras": "SZ"
    },
    "note": null,
    "scheda": [
        {
            "cod": 1,
            "desc": null,
            "sz_perv": 4,
            "vot_m": 298,
            "vot_f": 307,
            "vot_t": 605,
            "perc_vot": "37,74",
            "sk_bianche": 26,
            "sk_nulle": 10,
            "sk_contestate": 0,
            "voti_si": 504,
            "voti_no": 65,
            "perc_si": "88,58",
            "perc_no": "11,42",
            "dt_agg": 20250609193042
        },
        {
            "cod": 2,
            "desc": null,
            "sz_perv": 4,
            "vot_m": 298,
            "vot_f": 307,
            "vot_t": 605,
            "perc_vot": "37,74",
            "sk_bianche": 25,
            "sk_nulle": 9,
            "sk_contestate": 0,
            "voti_si": 489,
            "voti_no": 82,
            "perc_si": "85,64",
            "perc_no": "14,36",
            "dt_agg": 20250609193130
        },
        {
            "cod": 3,
            "desc": null,
            "sz_perv": 4,
            "vot_m": 298,
            "vot_f": 307,
            "vot_t": 605,
            "perc_vot": "37,74",
            "sk_bianche": 27,
            "sk_nulle": 12,
            "sk_contestate": 0,
            "voti_si": 501,
            "voti_no": 65,
            "perc_si": "88,52",
            "perc_no": "11,48",
            "dt_agg": 20250609193256
        },
        {
            "cod": 4,
            "desc": null,
            "sz_perv": 4,
            "vot_m": 298,
            "vot_f": 307,
            "vot_t": 605,
            "perc_vot": "37,74",
            "sk_bianche": 24,
            "sk_nulle": 11,
            "sk_contestate": 0,
            "voti_si": 488,
            "voti_no": 82,
            "perc_si": "85,61",
            "perc_no": "14,39",
            "dt_agg": 20250609193437
        },
        {
            "cod": 5,
            "desc": null,
            "sz_perv": 4,
            "vot_m": 298,
            "vot_f": 307,
            "vot_t": 605,
            "perc_vot": "37,74",
            "sk_bianche": 19,
            "sk_nulle": 12,
            "sk_contestate": 0,
            "voti_si": 391,
            "voti_no": 183,
            "perc_si": "68,12",
            "perc_no": "31,88",
            "dt_agg": 20250609193508
        }
    ]
}