{
    "int": {
        "st": "ESERCIZIO",
        "t_ele": "Referendum",
        "t_ref": "ABROGATIVO",
        "f_elet": "SCRUTINI",
        "dt_ele": 20250608000000,
        "l_terr": "COMUNE",
        "area": "I",
        "cod_com": 400,
        "desc_com": "TERAMO",
        "cod_prov": 79,
        "desc_prov": "TERAMO",
        "cod_reg": 13,
        "desc_reg": "ABRUZZO",
        "ele_m": 19629,
        "ele_f": 21496,
        "ele_t": 41125,
        "sz_tot": 80,
        "tipo_tras": "SZ"
    },
    "note": null,
    "scheda": [
        {
            "cod": 1,
            "desc": null,
            "sz_perv": 80,
            "vot_m": 6093,
            "vot_f": 7073,
            "vot_t": 13166,
            "perc_vot": "32,01",
            "sk_bianche": 205,
            "sk_nulle": 79,
            "sk_contestate": 0,
            "voti_si": 11692,
            "voti_no": 1190,
            "perc_si": "90,76",
            "perc_no": "9,24",
            "dt_agg": 20250609192116
        },
        {
            "cod": 2,
            "desc": null,
            "sz_perv": 80,
            "vot_m": 6092,
            "vot_f": 7068,
            "vot_t": 13160,
            "perc_vot": "32,00",
            "sk_bianche": 218,
            "sk_nulle": 83,
            "sk_contestate": 0,
            "voti_si": 11463,
            "voti_no": 1396,
            "perc_si": "89,14",
            "perc_no": "10,86",
            "dt_agg": 20250609192119
        },
        {
            "cod": 3,
            "desc": null,
            "sz_perv": 80,
            "vot_m": 6096,
            "vot_f": 7073,
            "vot_t": 13169,
            "perc_vot": "32,02",
            "sk_bianche": 225,
            "sk_nulle": 83,
            "sk_contestate": 0,
            "voti_si": 11647,
            "voti_no": 1214,
            "perc_si": "90,56",
            "perc_no": "9,44",
            "dt_agg": 20250609192127
        },
        {
            "cod": 4,
            "desc": null,
            "sz_perv": 80,
            "vot_m": 6097,
            "vot_f": 7069,
            "vot_t": 13166,
            "perc_vot": "32,01",
            "sk_bianche": 237,
            "sk_nulle": 85,
            "sk_contestate": 0,
            "voti_si": 11327,
            "voti_no": 1517,
            "perc_si": "88,19",
            "perc_no": "11,81",
            "dt_agg": 20250609192137
        },
        {
            "cod": 5,
            "desc": null,
            "sz_perv": 80,
            "vot_m": 6078,
            "vot_f": 7056,
            "vot_t": 13134,
            "perc_vot": "31,94",
            "sk_bianche": 205,
            "sk_nulle": 80,
            "sk_contestate": 0,
            "voti_si": 8095,
            "voti_no": 4754,
            "perc_si": "63,00",
            "perc_no": "37,00",
            "dt_agg": 20250609192215
        }
    ]
}