{
    "int": {
        "st": "ESERCIZIO",
        "t_ele": "Referendum",
        "t_ref": "ABROGATIVO",
        "f_elet": "SCRUTINI",
        "dt_ele": 20250608000000,
        "l_terr": "COMUNE",
        "area": "I",
        "cod_com": 251,
        "desc_com": "MARTINSICURO",
        "cod_prov": 79,
        "desc_prov": "TERAMO",
        "cod_reg": 13,
        "desc_reg": "ABRUZZO",
        "ele_m": 5823,
        "ele_f": 6099,
        "ele_t": 11922,
        "sz_tot": 13,
        "tipo_tras": "SZ"
    },
    "note": null,
    "scheda": [
        {
            "cod": 1,
            "desc": null,
            "sz_perv": 13,
            "vot_m": 1382,
            "vot_f": 1512,
            "vot_t": 2894,
            "perc_vot": "24,27",
            "sk_bianche": 51,
            "sk_nulle": 19,
            "sk_contestate": 0,
            "voti_si": 2567,
            "voti_no": 257,
            "perc_si": "90,90",
            "perc_no": "9,10",
            "dt_agg": 20250609184655
        },
        {
            "cod": 2,
            "desc": null,
            "sz_perv": 13,
            "vot_m": 1382,
            "vot_f": 1512,
            "vot_t": 2894,
            "perc_vot": "24,27",
            "sk_bianche": 50,
            "sk_nulle": 19,
            "sk_contestate": 0,
            "voti_si": 2532,
            "voti_no": 293,
            "perc_si": "89,63",
            "perc_no": "10,37",
            "dt_agg": 20250609184753
        },
        {
            "cod": 3,
            "desc": null,
            "sz_perv": 13,
            "vot_m": 1382,
            "vot_f": 1512,
            "vot_t": 2894,
            "perc_vot": "24,27",
            "sk_bianche": 56,
            "sk_nulle": 19,
            "sk_contestate": 0,
            "voti_si": 2552,
            "voti_no": 267,
            "perc_si": "90,53",
            "perc_no": "9,47",
            "dt_agg": 20250609184847
        },
        {
            "cod": 4,
            "desc": null,
            "sz_perv": 13,
            "vot_m": 1382,
            "vot_f": 1512,
            "vot_t": 2894,
            "perc_vot": "24,27",
            "sk_bianche": 54,
            "sk_nulle": 22,
            "sk_contestate": 0,
            "voti_si": 2495,
            "voti_no": 323,
            "perc_si": "88,54",
            "perc_no": "11,46",
            "dt_agg": 20250609184940
        },
        {
            "cod": 5,
            "desc": null,
            "sz_perv": 13,
            "vot_m": 1380,
            "vot_f": 1509,
            "vot_t": 2889,
            "perc_vot": "24,23",
            "sk_bianche": 35,
            "sk_nulle": 20,
            "sk_contestate": 0,
            "voti_si": 1627,
            "voti_no": 1207,
            "perc_si": "57,41",
            "perc_no": "42,59",
            "dt_agg": 20250609185029
        }
    ]
}