{
    "int": {
        "st": "ESERCIZIO",
        "t_ele": "Referendum",
        "t_ref": "ABROGATIVO",
        "f_elet": "SCRUTINI",
        "dt_ele": 20250608000000,
        "l_terr": "COMUNE",
        "area": "I",
        "cod_com": 160,
        "desc_com": "CIVITELLA DEL TRONTO",
        "cod_prov": 79,
        "desc_prov": "TERAMO",
        "cod_reg": 13,
        "desc_reg": "ABRUZZO",
        "ele_m": 1828,
        "ele_f": 1837,
        "ele_t": 3665,
        "sz_tot": 8,
        "tipo_tras": "SZ"
    },
    "note": null,
    "scheda": [
        {
            "cod": 1,
            "desc": null,
            "sz_perv": 8,
            "vot_m": 465,
            "vot_f": 506,
            "vot_t": 971,
            "perc_vot": "26,49",
            "sk_bianche": 36,
            "sk_nulle": 6,
            "sk_contestate": 0,
            "voti_si": 798,
            "voti_no": 131,
            "perc_si": "85,90",
            "perc_no": "14,10",
            "dt_agg": 20250609180039
        },
        {
            "cod": 2,
            "desc": null,
            "sz_perv": 8,
            "vot_m": 465,
            "vot_f": 506,
            "vot_t": 971,
            "perc_vot": "26,49",
            "sk_bianche": 35,
            "sk_nulle": 8,
            "sk_contestate": 0,
            "voti_si": 780,
            "voti_no": 148,
            "perc_si": "84,05",
            "perc_no": "15,95",
            "dt_agg": 20250609180301
        },
        {
            "cod": 3,
            "desc": null,
            "sz_perv": 8,
            "vot_m": 465,
            "vot_f": 506,
            "vot_t": 971,
            "perc_vot": "26,49",
            "sk_bianche": 38,
            "sk_nulle": 9,
            "sk_contestate": 0,
            "voti_si": 794,
            "voti_no": 130,
            "perc_si": "85,93",
            "perc_no": "14,07",
            "dt_agg": 20250609180524
        },
        {
            "cod": 4,
            "desc": null,
            "sz_perv": 8,
            "vot_m": 466,
            "vot_f": 506,
            "vot_t": 972,
            "perc_vot": "26,52",
            "sk_bianche": 36,
            "sk_nulle": 7,
            "sk_contestate": 0,
            "voti_si": 780,
            "voti_no": 149,
            "perc_si": "83,96",
            "perc_no": "16,04",
            "dt_agg": 20250609180740
        },
        {
            "cod": 5,
            "desc": null,
            "sz_perv": 8,
            "vot_m": 464,
            "vot_f": 506,
            "vot_t": 970,
            "perc_vot": "26,47",
            "sk_bianche": 22,
            "sk_nulle": 8,
            "sk_contestate": 0,
            "voti_si": 526,
            "voti_no": 414,
            "perc_si": "55,96",
            "perc_no": "44,04",
            "dt_agg": 20250609181041
        }
    ]
}