{
    "int": {
        "st": "ESERCIZIO",
        "t_ele": "Referendum",
        "t_ref": "ABROGATIVO",
        "f_elet": "SCRUTINI",
        "dt_ele": 20250608000000,
        "l_terr": "COMUNE",
        "area": "I",
        "cod_com": 330,
        "desc_com": "PIETRACAMELA",
        "cod_prov": 79,
        "desc_prov": "TERAMO",
        "cod_reg": 13,
        "desc_reg": "ABRUZZO",
        "ele_m": 109,
        "ele_f": 79,
        "ele_t": 188,
        "sz_tot": 2,
        "tipo_tras": "SZ"
    },
    "note": null,
    "scheda": [
        {
            "cod": 1,
            "desc": null,
            "sz_perv": 2,
            "vot_m": 37,
            "vot_f": 23,
            "vot_t": 60,
            "perc_vot": "31,91",
            "sk_bianche": 1,
            "sk_nulle": 0,
            "sk_contestate": 0,
            "voti_si": 49,
            "voti_no": 10,
            "perc_si": "83,05",
            "perc_no": "16,95",
            "dt_agg": 20250609155922
        },
        {
            "cod": 2,
            "desc": null,
            "sz_perv": 2,
            "vot_m": 37,
            "vot_f": 23,
            "vot_t": 60,
            "perc_vot": "31,91",
            "sk_bianche": 1,
            "sk_nulle": 0,
            "sk_contestate": 0,
            "voti_si": 49,
            "voti_no": 10,
            "perc_si": "83,05",
            "perc_no": "16,95",
            "dt_agg": 20250609155947
        },
        {
            "cod": 3,
            "desc": null,
            "sz_perv": 2,
            "vot_m": 37,
            "vot_f": 23,
            "vot_t": 60,
            "perc_vot": "31,91",
            "sk_bianche": 1,
            "sk_nulle": 0,
            "sk_contestate": 0,
            "voti_si": 49,
            "voti_no": 10,
            "perc_si": "83,05",
            "perc_no": "16,95",
            "dt_agg": 20250609160056
        },
        {
            "cod": 4,
            "desc": null,
            "sz_perv": 2,
            "vot_m": 37,
            "vot_f": 23,
            "vot_t": 60,
            "perc_vot": "31,91",
            "sk_bianche": 1,
            "sk_nulle": 0,
            "sk_contestate": 0,
            "voti_si": 44,
            "voti_no": 15,
            "perc_si": "74,58",
            "perc_no": "25,42",
            "dt_agg": 20250609160134
        },
        {
            "cod": 5,
            "desc": null,
            "sz_perv": 2,
            "vot_m": 36,
            "vot_f": 23,
            "vot_t": 59,
            "perc_vot": "31,38",
            "sk_bianche": 0,
            "sk_nulle": 1,
            "sk_contestate": 0,
            "voti_si": 38,
            "voti_no": 20,
            "perc_si": "65,52",
            "perc_no": "34,48",
            "dt_agg": 20250609155916
        }
    ]
}