{
    "int": {
        "st": "ESERCIZIO",
        "t_ele": "Referendum",
        "t_ref": "ABROGATIVO",
        "f_elet": "SCRUTINI",
        "dt_ele": 20250608000000,
        "l_terr": "COMUNE",
        "area": "I",
        "cod_com": 380,
        "desc_com": "SANT'OMERO",
        "cod_prov": 79,
        "desc_prov": "TERAMO",
        "cod_reg": 13,
        "desc_reg": "ABRUZZO",
        "ele_m": 1904,
        "ele_f": 2044,
        "ele_t": 3948,
        "sz_tot": 7,
        "tipo_tras": "SZ"
    },
    "note": null,
    "scheda": [
        {
            "cod": 1,
            "desc": null,
            "sz_perv": 7,
            "vot_m": 527,
            "vot_f": 574,
            "vot_t": 1101,
            "perc_vot": "27,89",
            "sk_bianche": 33,
            "sk_nulle": 6,
            "sk_contestate": 0,
            "voti_si": 973,
            "voti_no": 89,
            "perc_si": "91,62",
            "perc_no": "8,38",
            "dt_agg": 20250609191439
        },
        {
            "cod": 2,
            "desc": null,
            "sz_perv": 7,
            "vot_m": 527,
            "vot_f": 574,
            "vot_t": 1101,
            "perc_vot": "27,89",
            "sk_bianche": 31,
            "sk_nulle": 7,
            "sk_contestate": 0,
            "voti_si": 952,
            "voti_no": 111,
            "perc_si": "89,56",
            "perc_no": "10,44",
            "dt_agg": 20250609191510
        },
        {
            "cod": 3,
            "desc": null,
            "sz_perv": 7,
            "vot_m": 527,
            "vot_f": 574,
            "vot_t": 1101,
            "perc_vot": "27,89",
            "sk_bianche": 33,
            "sk_nulle": 6,
            "sk_contestate": 0,
            "voti_si": 972,
            "voti_no": 90,
            "perc_si": "91,53",
            "perc_no": "8,47",
            "dt_agg": 20250609191510
        },
        {
            "cod": 4,
            "desc": null,
            "sz_perv": 7,
            "vot_m": 527,
            "vot_f": 574,
            "vot_t": 1101,
            "perc_vot": "27,89",
            "sk_bianche": 34,
            "sk_nulle": 6,
            "sk_contestate": 0,
            "voti_si": 929,
            "voti_no": 132,
            "perc_si": "87,56",
            "perc_no": "12,44",
            "dt_agg": 20250609191533
        },
        {
            "cod": 5,
            "desc": null,
            "sz_perv": 7,
            "vot_m": 526,
            "vot_f": 574,
            "vot_t": 1100,
            "perc_vot": "27,86",
            "sk_bianche": 30,
            "sk_nulle": 13,
            "sk_contestate": 0,
            "voti_si": 599,
            "voti_no": 458,
            "perc_si": "56,67",
            "perc_no": "43,33",
            "dt_agg": 20250609191558
        }
    ]
}