{
    "int": {
        "st": "ESERCIZIO",
        "t_ele": "Referendum",
        "t_ref": "ABROGATIVO",
        "f_elet": "SCRUTINI",
        "dt_ele": 20250608000000,
        "l_terr": "COMUNE",
        "area": "I",
        "cod_com": 250,
        "desc_com": "ISOLA DEL GRAN SASSO D'ITALIA",
        "cod_prov": 79,
        "desc_prov": "TERAMO",
        "cod_reg": 13,
        "desc_reg": "ABRUZZO",
        "ele_m": 1783,
        "ele_f": 1814,
        "ele_t": 3597,
        "sz_tot": 6,
        "tipo_tras": "SZ"
    },
    "note": null,
    "scheda": [
        {
            "cod": 1,
            "desc": null,
            "sz_perv": 6,
            "vot_m": 482,
            "vot_f": 503,
            "vot_t": 985,
            "perc_vot": "27,38",
            "sk_bianche": 20,
            "sk_nulle": 12,
            "sk_contestate": 0,
            "voti_si": 858,
            "voti_no": 95,
            "perc_si": "90,03",
            "perc_no": "9,97",
            "dt_agg": 20250609195933
        },
        {
            "cod": 2,
            "desc": null,
            "sz_perv": 6,
            "vot_m": 482,
            "vot_f": 503,
            "vot_t": 985,
            "perc_vot": "27,38",
            "sk_bianche": 27,
            "sk_nulle": 14,
            "sk_contestate": 0,
            "voti_si": 847,
            "voti_no": 97,
            "perc_si": "89,72",
            "perc_no": "10,28",
            "dt_agg": 20250609195959
        },
        {
            "cod": 3,
            "desc": null,
            "sz_perv": 6,
            "vot_m": 483,
            "vot_f": 503,
            "vot_t": 986,
            "perc_vot": "27,41",
            "sk_bianche": 27,
            "sk_nulle": 13,
            "sk_contestate": 0,
            "voti_si": 860,
            "voti_no": 86,
            "perc_si": "90,91",
            "perc_no": "9,09",
            "dt_agg": 20250609200103
        },
        {
            "cod": 4,
            "desc": null,
            "sz_perv": 6,
            "vot_m": 483,
            "vot_f": 503,
            "vot_t": 986,
            "perc_vot": "27,41",
            "sk_bianche": 32,
            "sk_nulle": 14,
            "sk_contestate": 0,
            "voti_si": 830,
            "voti_no": 110,
            "perc_si": "88,30",
            "perc_no": "11,70",
            "dt_agg": 20250609200130
        },
        {
            "cod": 5,
            "desc": null,
            "sz_perv": 6,
            "vot_m": 480,
            "vot_f": 503,
            "vot_t": 983,
            "perc_vot": "27,33",
            "sk_bianche": 25,
            "sk_nulle": 12,
            "sk_contestate": 0,
            "voti_si": 587,
            "voti_no": 359,
            "perc_si": "62,05",
            "perc_no": "37,95",
            "dt_agg": 20250609200153
        }
    ]
}