{
    "int": {
        "st": "ESERCIZIO",
        "t_ele": "Referendum",
        "t_ref": "ABROGATIVO",
        "f_elet": "SCRUTINI",
        "dt_ele": 20250608000000,
        "l_terr": "COMUNE",
        "area": "I",
        "cod_com": 300,
        "desc_com": "NERETO",
        "cod_prov": 79,
        "desc_prov": "TERAMO",
        "cod_reg": 13,
        "desc_reg": "ABRUZZO",
        "ele_m": 1879,
        "ele_f": 2005,
        "ele_t": 3884,
        "sz_tot": 5,
        "tipo_tras": "SZ"
    },
    "note": null,
    "scheda": [
        {
            "cod": 1,
            "desc": null,
            "sz_perv": 5,
            "vot_m": 543,
            "vot_f": 599,
            "vot_t": 1142,
            "perc_vot": "29,40",
            "sk_bianche": 31,
            "sk_nulle": 6,
            "sk_contestate": 0,
            "voti_si": 1015,
            "voti_no": 90,
            "perc_si": "91,86",
            "perc_no": "8,14",
            "dt_agg": 20250609174604
        },
        {
            "cod": 2,
            "desc": null,
            "sz_perv": 5,
            "vot_m": 543,
            "vot_f": 599,
            "vot_t": 1142,
            "perc_vot": "29,40",
            "sk_bianche": 32,
            "sk_nulle": 9,
            "sk_contestate": 0,
            "voti_si": 992,
            "voti_no": 109,
            "perc_si": "90,10",
            "perc_no": "9,90",
            "dt_agg": 20250609174634
        },
        {
            "cod": 3,
            "desc": null,
            "sz_perv": 5,
            "vot_m": 543,
            "vot_f": 599,
            "vot_t": 1142,
            "perc_vot": "29,40",
            "sk_bianche": 37,
            "sk_nulle": 8,
            "sk_contestate": 0,
            "voti_si": 997,
            "voti_no": 100,
            "perc_si": "90,88",
            "perc_no": "9,12",
            "dt_agg": 20250609174727
        },
        {
            "cod": 4,
            "desc": null,
            "sz_perv": 5,
            "vot_m": 543,
            "vot_f": 599,
            "vot_t": 1142,
            "perc_vot": "29,40",
            "sk_bianche": 31,
            "sk_nulle": 5,
            "sk_contestate": 0,
            "voti_si": 992,
            "voti_no": 114,
            "perc_si": "89,69",
            "perc_no": "10,31",
            "dt_agg": 20250609174803
        },
        {
            "cod": 5,
            "desc": null,
            "sz_perv": 5,
            "vot_m": 541,
            "vot_f": 599,
            "vot_t": 1140,
            "perc_vot": "29,35",
            "sk_bianche": 46,
            "sk_nulle": 8,
            "sk_contestate": 0,
            "voti_si": 601,
            "voti_no": 485,
            "perc_si": "55,34",
            "perc_no": "44,66",
            "dt_agg": 20250609174840
        }
    ]
}