{
    "int": {
        "st": "ESERCIZIO",
        "t_ele": "Referendum",
        "t_ref": "ABROGATIVO",
        "f_elet": "SCRUTINI",
        "dt_ele": 20250608000000,
        "l_terr": "COMUNE",
        "area": "I",
        "cod_com": 50,
        "desc_com": "BELLANTE",
        "cod_prov": 79,
        "desc_prov": "TERAMO",
        "cod_reg": 13,
        "desc_reg": "ABRUZZO",
        "ele_m": 2681,
        "ele_f": 2799,
        "ele_t": 5480,
        "sz_tot": 10,
        "tipo_tras": "SZ"
    },
    "note": null,
    "scheda": [
        {
            "cod": 1,
            "desc": null,
            "sz_perv": 10,
            "vot_m": 873,
            "vot_f": 924,
            "vot_t": 1797,
            "perc_vot": "32,79",
            "sk_bianche": 38,
            "sk_nulle": 14,
            "sk_contestate": 0,
            "voti_si": 1573,
            "voti_no": 172,
            "perc_si": "90,14",
            "perc_no": "9,86",
            "dt_agg": 20250609181642
        },
        {
            "cod": 2,
            "desc": null,
            "sz_perv": 10,
            "vot_m": 873,
            "vot_f": 924,
            "vot_t": 1797,
            "perc_vot": "32,79",
            "sk_bianche": 32,
            "sk_nulle": 17,
            "sk_contestate": 0,
            "voti_si": 1552,
            "voti_no": 196,
            "perc_si": "88,79",
            "perc_no": "11,21",
            "dt_agg": 20250609181657
        },
        {
            "cod": 3,
            "desc": null,
            "sz_perv": 10,
            "vot_m": 873,
            "vot_f": 924,
            "vot_t": 1797,
            "perc_vot": "32,79",
            "sk_bianche": 38,
            "sk_nulle": 18,
            "sk_contestate": 0,
            "voti_si": 1566,
            "voti_no": 175,
            "perc_si": "89,95",
            "perc_no": "10,05",
            "dt_agg": 20250609181720
        },
        {
            "cod": 4,
            "desc": null,
            "sz_perv": 10,
            "vot_m": 873,
            "vot_f": 924,
            "vot_t": 1797,
            "perc_vot": "32,79",
            "sk_bianche": 40,
            "sk_nulle": 17,
            "sk_contestate": 0,
            "voti_si": 1539,
            "voti_no": 201,
            "perc_si": "88,45",
            "perc_no": "11,55",
            "dt_agg": 20250609181736
        },
        {
            "cod": 5,
            "desc": null,
            "sz_perv": 10,
            "vot_m": 873,
            "vot_f": 924,
            "vot_t": 1797,
            "perc_vot": "32,79",
            "sk_bianche": 37,
            "sk_nulle": 15,
            "sk_contestate": 0,
            "voti_si": 961,
            "voti_no": 784,
            "perc_si": "55,07",
            "perc_no": "44,93",
            "dt_agg": 20250609181755
        }
    ]
}