{
    "int": {
        "st": "ESERCIZIO",
        "t_ele": "Referendum",
        "t_ref": "ABROGATIVO",
        "f_elet": "SCRUTINI",
        "dt_ele": 20250608000000,
        "l_terr": "COMUNE",
        "area": "I",
        "cod_com": 170,
        "desc_com": "COLLEDARA",
        "cod_prov": 79,
        "desc_prov": "TERAMO",
        "cod_reg": 13,
        "desc_reg": "ABRUZZO",
        "ele_m": 869,
        "ele_f": 850,
        "ele_t": 1719,
        "sz_tot": 4,
        "tipo_tras": "SZ"
    },
    "note": null,
    "scheda": [
        {
            "cod": 1,
            "desc": null,
            "sz_perv": 4,
            "vot_m": 268,
            "vot_f": 290,
            "vot_t": 558,
            "perc_vot": "32,46",
            "sk_bianche": 14,
            "sk_nulle": 5,
            "sk_contestate": 0,
            "voti_si": 495,
            "voti_no": 44,
            "perc_si": "91,84",
            "perc_no": "8,16",
            "dt_agg": 20250609182802
        },
        {
            "cod": 2,
            "desc": null,
            "sz_perv": 4,
            "vot_m": 268,
            "vot_f": 290,
            "vot_t": 558,
            "perc_vot": "32,46",
            "sk_bianche": 15,
            "sk_nulle": 5,
            "sk_contestate": 0,
            "voti_si": 496,
            "voti_no": 42,
            "perc_si": "92,19",
            "perc_no": "7,81",
            "dt_agg": 20250609182838
        },
        {
            "cod": 3,
            "desc": null,
            "sz_perv": 4,
            "vot_m": 268,
            "vot_f": 290,
            "vot_t": 558,
            "perc_vot": "32,46",
            "sk_bianche": 17,
            "sk_nulle": 7,
            "sk_contestate": 0,
            "voti_si": 489,
            "voti_no": 45,
            "perc_si": "91,57",
            "perc_no": "8,43",
            "dt_agg": 20250609182912
        },
        {
            "cod": 4,
            "desc": null,
            "sz_perv": 4,
            "vot_m": 267,
            "vot_f": 290,
            "vot_t": 557,
            "perc_vot": "32,40",
            "sk_bianche": 16,
            "sk_nulle": 5,
            "sk_contestate": 0,
            "voti_si": 484,
            "voti_no": 52,
            "perc_si": "90,30",
            "perc_no": "9,70",
            "dt_agg": 20250609182955
        },
        {
            "cod": 5,
            "desc": null,
            "sz_perv": 4,
            "vot_m": 267,
            "vot_f": 288,
            "vot_t": 555,
            "perc_vot": "32,29",
            "sk_bianche": 18,
            "sk_nulle": 6,
            "sk_contestate": 0,
            "voti_si": 328,
            "voti_no": 203,
            "perc_si": "61,77",
            "perc_no": "38,23",
            "dt_agg": 20250609183010
        }
    ]
}