{
    "int": {
        "st": "ESERCIZIO",
        "t_ele": "Referendum",
        "t_ref": "ABROGATIVO",
        "f_elet": "SCRUTINI",
        "dt_ele": 20250608000000,
        "l_terr": "COMUNE",
        "area": "I",
        "cod_com": 40,
        "desc_com": "BASCIANO",
        "cod_prov": 79,
        "desc_prov": "TERAMO",
        "cod_reg": 13,
        "desc_reg": "ABRUZZO",
        "ele_m": 957,
        "ele_f": 934,
        "ele_t": 1891,
        "sz_tot": 4,
        "tipo_tras": "SZ"
    },
    "note": null,
    "scheda": [
        {
            "cod": 1,
            "desc": null,
            "sz_perv": 4,
            "vot_m": 278,
            "vot_f": 301,
            "vot_t": 579,
            "perc_vot": "30,62",
            "sk_bianche": 11,
            "sk_nulle": 4,
            "sk_contestate": 0,
            "voti_si": 526,
            "voti_no": 38,
            "perc_si": "93,26",
            "perc_no": "6,74",
            "dt_agg": 20250609182229
        },
        {
            "cod": 2,
            "desc": null,
            "sz_perv": 4,
            "vot_m": 278,
            "vot_f": 301,
            "vot_t": 579,
            "perc_vot": "30,62",
            "sk_bianche": 11,
            "sk_nulle": 6,
            "sk_contestate": 0,
            "voti_si": 520,
            "voti_no": 42,
            "perc_si": "92,53",
            "perc_no": "7,47",
            "dt_agg": 20250609182233
        },
        {
            "cod": 3,
            "desc": null,
            "sz_perv": 4,
            "vot_m": 278,
            "vot_f": 301,
            "vot_t": 579,
            "perc_vot": "30,62",
            "sk_bianche": 10,
            "sk_nulle": 7,
            "sk_contestate": 0,
            "voti_si": 521,
            "voti_no": 41,
            "perc_si": "92,70",
            "perc_no": "7,30",
            "dt_agg": 20250609182258
        },
        {
            "cod": 4,
            "desc": null,
            "sz_perv": 4,
            "vot_m": 278,
            "vot_f": 301,
            "vot_t": 579,
            "perc_vot": "30,62",
            "sk_bianche": 11,
            "sk_nulle": 6,
            "sk_contestate": 0,
            "voti_si": 505,
            "voti_no": 57,
            "perc_si": "89,86",
            "perc_no": "10,14",
            "dt_agg": 20250609182329
        },
        {
            "cod": 5,
            "desc": null,
            "sz_perv": 4,
            "vot_m": 276,
            "vot_f": 301,
            "vot_t": 577,
            "perc_vot": "30,51",
            "sk_bianche": 10,
            "sk_nulle": 5,
            "sk_contestate": 0,
            "voti_si": 305,
            "voti_no": 257,
            "perc_si": "54,27",
            "perc_no": "45,73",
            "dt_agg": 20250609182352
        }
    ]
}