{
    "int": {
        "st": "ESERCIZIO",
        "t_ele": "Referendum",
        "t_ref": "ABROGATIVO",
        "f_elet": "SCRUTINI",
        "dt_ele": 20250608000000,
        "l_terr": "COMUNE",
        "area": "I",
        "cod_com": 260,
        "desc_com": "MONTEFINO",
        "cod_prov": 79,
        "desc_prov": "TERAMO",
        "cod_reg": 13,
        "desc_reg": "ABRUZZO",
        "ele_m": 369,
        "ele_f": 361,
        "ele_t": 730,
        "sz_tot": 2,
        "tipo_tras": "SZ"
    },
    "note": null,
    "scheda": [
        {
            "cod": 1,
            "desc": null,
            "sz_perv": 2,
            "vot_m": 112,
            "vot_f": 121,
            "vot_t": 233,
            "perc_vot": "31,92",
            "sk_bianche": 9,
            "sk_nulle": 4,
            "sk_contestate": 0,
            "voti_si": 189,
            "voti_no": 31,
            "perc_si": "85,91",
            "perc_no": "14,09",
            "dt_agg": 20250609153711
        },
        {
            "cod": 2,
            "desc": null,
            "sz_perv": 2,
            "vot_m": 112,
            "vot_f": 121,
            "vot_t": 233,
            "perc_vot": "31,92",
            "sk_bianche": 11,
            "sk_nulle": 5,
            "sk_contestate": 0,
            "voti_si": 180,
            "voti_no": 37,
            "perc_si": "82,95",
            "perc_no": "17,05",
            "dt_agg": 20250609160152
        },
        {
            "cod": 3,
            "desc": null,
            "sz_perv": 2,
            "vot_m": 112,
            "vot_f": 121,
            "vot_t": 233,
            "perc_vot": "31,92",
            "sk_bianche": 11,
            "sk_nulle": 5,
            "sk_contestate": 0,
            "voti_si": 188,
            "voti_no": 29,
            "perc_si": "86,64",
            "perc_no": "13,36",
            "dt_agg": 20250609162046
        },
        {
            "cod": 4,
            "desc": null,
            "sz_perv": 2,
            "vot_m": 112,
            "vot_f": 121,
            "vot_t": 233,
            "perc_vot": "31,92",
            "sk_bianche": 9,
            "sk_nulle": 5,
            "sk_contestate": 0,
            "voti_si": 181,
            "voti_no": 38,
            "perc_si": "82,65",
            "perc_no": "17,35",
            "dt_agg": 20250609163850
        },
        {
            "cod": 5,
            "desc": null,
            "sz_perv": 2,
            "vot_m": 112,
            "vot_f": 121,
            "vot_t": 233,
            "perc_vot": "31,92",
            "sk_bianche": 11,
            "sk_nulle": 5,
            "sk_contestate": 0,
            "voti_si": 131,
            "voti_no": 86,
            "perc_si": "60,37",
            "perc_no": "39,63",
            "dt_agg": 20250609165535
        }
    ]
}