{
    "int": {
        "st": "ESERCIZIO",
        "t_ele": "Referendum",
        "t_ref": "ABROGATIVO",
        "f_elet": "SCRUTINI",
        "dt_ele": 20250608000000,
        "l_terr": "COMUNE",
        "area": "I",
        "cod_com": 60,
        "desc_com": "BISENTI",
        "cod_prov": 79,
        "desc_prov": "TERAMO",
        "cod_reg": 13,
        "desc_reg": "ABRUZZO",
        "ele_m": 693,
        "ele_f": 682,
        "ele_t": 1375,
        "sz_tot": 4,
        "tipo_tras": "SZ"
    },
    "note": null,
    "scheda": [
        {
            "cod": 1,
            "desc": null,
            "sz_perv": 4,
            "vot_m": 205,
            "vot_f": 199,
            "vot_t": 404,
            "perc_vot": "29,38",
            "sk_bianche": 6,
            "sk_nulle": 8,
            "sk_contestate": 0,
            "voti_si": 354,
            "voti_no": 36,
            "perc_si": "90,77",
            "perc_no": "9,23",
            "dt_agg": 20250609180207
        },
        {
            "cod": 2,
            "desc": null,
            "sz_perv": 4,
            "vot_m": 205,
            "vot_f": 199,
            "vot_t": 404,
            "perc_vot": "29,38",
            "sk_bianche": 6,
            "sk_nulle": 10,
            "sk_contestate": 0,
            "voti_si": 346,
            "voti_no": 42,
            "perc_si": "89,18",
            "perc_no": "10,82",
            "dt_agg": 20250609180253
        },
        {
            "cod": 3,
            "desc": null,
            "sz_perv": 4,
            "vot_m": 205,
            "vot_f": 199,
            "vot_t": 404,
            "perc_vot": "29,38",
            "sk_bianche": 6,
            "sk_nulle": 9,
            "sk_contestate": 0,
            "voti_si": 346,
            "voti_no": 43,
            "perc_si": "88,95",
            "perc_no": "11,05",
            "dt_agg": 20250609180503
        },
        {
            "cod": 4,
            "desc": null,
            "sz_perv": 4,
            "vot_m": 205,
            "vot_f": 199,
            "vot_t": 404,
            "perc_vot": "29,38",
            "sk_bianche": 7,
            "sk_nulle": 9,
            "sk_contestate": 0,
            "voti_si": 337,
            "voti_no": 51,
            "perc_si": "86,86",
            "perc_no": "13,14",
            "dt_agg": 20250609180719
        },
        {
            "cod": 5,
            "desc": null,
            "sz_perv": 4,
            "vot_m": 205,
            "vot_f": 199,
            "vot_t": 404,
            "perc_vot": "29,38",
            "sk_bianche": 8,
            "sk_nulle": 9,
            "sk_contestate": 0,
            "voti_si": 250,
            "voti_no": 137,
            "perc_si": "64,60",
            "perc_no": "35,40",
            "dt_agg": 20250609180750
        }
    ]
}