{
    "int": {
        "st": "ESERCIZIO",
        "t_ele": "Referendum",
        "t_ref": "ABROGATIVO",
        "f_elet": "SCRUTINI",
        "dt_ele": 20250608000000,
        "l_terr": "COMUNE",
        "area": "I",
        "cod_com": 200,
        "desc_com": "CORROPOLI",
        "cod_prov": 79,
        "desc_prov": "TERAMO",
        "cod_reg": 13,
        "desc_reg": "ABRUZZO",
        "ele_m": 1864,
        "ele_f": 1930,
        "ele_t": 3794,
        "sz_tot": 5,
        "tipo_tras": "SZ"
    },
    "note": null,
    "scheda": [
        {
            "cod": 1,
            "desc": null,
            "sz_perv": 5,
            "vot_m": 483,
            "vot_f": 525,
            "vot_t": 1008,
            "perc_vot": "26,57",
            "sk_bianche": 29,
            "sk_nulle": 7,
            "sk_contestate": 0,
            "voti_si": 878,
            "voti_no": 94,
            "perc_si": "90,33",
            "perc_no": "9,67",
            "dt_agg": 20250609180524
        },
        {
            "cod": 2,
            "desc": null,
            "sz_perv": 5,
            "vot_m": 483,
            "vot_f": 524,
            "vot_t": 1007,
            "perc_vot": "26,54",
            "sk_bianche": 29,
            "sk_nulle": 9,
            "sk_contestate": 0,
            "voti_si": 857,
            "voti_no": 112,
            "perc_si": "88,44",
            "perc_no": "11,56",
            "dt_agg": 20250609180551
        },
        {
            "cod": 3,
            "desc": null,
            "sz_perv": 5,
            "vot_m": 483,
            "vot_f": 523,
            "vot_t": 1006,
            "perc_vot": "26,52",
            "sk_bianche": 25,
            "sk_nulle": 7,
            "sk_contestate": 0,
            "voti_si": 877,
            "voti_no": 97,
            "perc_si": "90,04",
            "perc_no": "9,96",
            "dt_agg": 20250609180637
        },
        {
            "cod": 4,
            "desc": null,
            "sz_perv": 5,
            "vot_m": 484,
            "vot_f": 523,
            "vot_t": 1007,
            "perc_vot": "26,54",
            "sk_bianche": 20,
            "sk_nulle": 6,
            "sk_contestate": 0,
            "voti_si": 859,
            "voti_no": 122,
            "perc_si": "87,56",
            "perc_no": "12,44",
            "dt_agg": 20250609180705
        },
        {
            "cod": 5,
            "desc": null,
            "sz_perv": 5,
            "vot_m": 482,
            "vot_f": 524,
            "vot_t": 1006,
            "perc_vot": "26,52",
            "sk_bianche": 22,
            "sk_nulle": 6,
            "sk_contestate": 0,
            "voti_si": 559,
            "voti_no": 419,
            "perc_si": "57,16",
            "perc_no": "42,84",
            "dt_agg": 20250609180745
        }
    ]
}