{
    "int": {
        "st": "ESERCIZIO",
        "t_ele": "Referendum",
        "t_ref": "ABROGATIVO",
        "f_elet": "SCRUTINI",
        "dt_ele": 20250608000000,
        "l_terr": "COMUNE",
        "area": "I",
        "cod_com": 340,
        "desc_com": "PINETO",
        "cod_prov": 79,
        "desc_prov": "TERAMO",
        "cod_reg": 13,
        "desc_reg": "ABRUZZO",
        "ele_m": 5657,
        "ele_f": 6077,
        "ele_t": 11734,
        "sz_tot": 11,
        "tipo_tras": "SZ"
    },
    "note": null,
    "scheda": [
        {
            "cod": 1,
            "desc": null,
            "sz_perv": 11,
            "vot_m": 1579,
            "vot_f": 1900,
            "vot_t": 3479,
            "perc_vot": "29,65",
            "sk_bianche": 75,
            "sk_nulle": 35,
            "sk_contestate": 0,
            "voti_si": 3057,
            "voti_no": 312,
            "perc_si": "90,74",
            "perc_no": "9,26",
            "dt_agg": 20250609172434
        },
        {
            "cod": 2,
            "desc": null,
            "sz_perv": 11,
            "vot_m": 1579,
            "vot_f": 1900,
            "vot_t": 3479,
            "perc_vot": "29,65",
            "sk_bianche": 74,
            "sk_nulle": 42,
            "sk_contestate": 0,
            "voti_si": 2987,
            "voti_no": 376,
            "perc_si": "88,82",
            "perc_no": "11,18",
            "dt_agg": 20250609172634
        },
        {
            "cod": 3,
            "desc": null,
            "sz_perv": 11,
            "vot_m": 1579,
            "vot_f": 1900,
            "vot_t": 3479,
            "perc_vot": "29,65",
            "sk_bianche": 86,
            "sk_nulle": 43,
            "sk_contestate": 0,
            "voti_si": 3029,
            "voti_no": 321,
            "perc_si": "90,42",
            "perc_no": "9,58",
            "dt_agg": 20250609172705
        },
        {
            "cod": 4,
            "desc": null,
            "sz_perv": 11,
            "vot_m": 1579,
            "vot_f": 1900,
            "vot_t": 3479,
            "perc_vot": "29,65",
            "sk_bianche": 75,
            "sk_nulle": 44,
            "sk_contestate": 0,
            "voti_si": 2965,
            "voti_no": 395,
            "perc_si": "88,24",
            "perc_no": "11,76",
            "dt_agg": 20250609172816
        },
        {
            "cod": 5,
            "desc": null,
            "sz_perv": 11,
            "vot_m": 1580,
            "vot_f": 1900,
            "vot_t": 3480,
            "perc_vot": "29,66",
            "sk_bianche": 68,
            "sk_nulle": 44,
            "sk_contestate": 0,
            "voti_si": 2120,
            "voti_no": 1248,
            "perc_si": "62,95",
            "perc_no": "37,05",
            "dt_agg": 20250609172816
        }
    ]
}