{
    "int": {
        "st": "ESERCIZIO",
        "t_ele": "Referendum",
        "t_ref": "ABROGATIVO",
        "f_elet": "SCRUTINI",
        "dt_ele": 20250608000000,
        "l_terr": "COMUNE",
        "area": "I",
        "cod_com": 180,
        "desc_com": "COLONNELLA",
        "cod_prov": 79,
        "desc_prov": "TERAMO",
        "cod_reg": 13,
        "desc_reg": "ABRUZZO",
        "ele_m": 1448,
        "ele_f": 1403,
        "ele_t": 2851,
        "sz_tot": 5,
        "tipo_tras": "SZ"
    },
    "note": null,
    "scheda": [
        {
            "cod": 1,
            "desc": null,
            "sz_perv": 5,
            "vot_m": 395,
            "vot_f": 412,
            "vot_t": 807,
            "perc_vot": "28,31",
            "sk_bianche": 25,
            "sk_nulle": 5,
            "sk_contestate": 0,
            "voti_si": 681,
            "voti_no": 96,
            "perc_si": "87,64",
            "perc_no": "12,36",
            "dt_agg": 20250609165516
        },
        {
            "cod": 2,
            "desc": null,
            "sz_perv": 5,
            "vot_m": 395,
            "vot_f": 412,
            "vot_t": 807,
            "perc_vot": "28,31",
            "sk_bianche": 23,
            "sk_nulle": 6,
            "sk_contestate": 0,
            "voti_si": 677,
            "voti_no": 101,
            "perc_si": "87,02",
            "perc_no": "12,98",
            "dt_agg": 20250609165518
        },
        {
            "cod": 3,
            "desc": null,
            "sz_perv": 5,
            "vot_m": 395,
            "vot_f": 412,
            "vot_t": 807,
            "perc_vot": "28,31",
            "sk_bianche": 22,
            "sk_nulle": 6,
            "sk_contestate": 0,
            "voti_si": 681,
            "voti_no": 98,
            "perc_si": "87,42",
            "perc_no": "12,58",
            "dt_agg": 20250609180138
        },
        {
            "cod": 4,
            "desc": null,
            "sz_perv": 5,
            "vot_m": 395,
            "vot_f": 412,
            "vot_t": 807,
            "perc_vot": "28,31",
            "sk_bianche": 20,
            "sk_nulle": 6,
            "sk_contestate": 0,
            "voti_si": 679,
            "voti_no": 102,
            "perc_si": "86,94",
            "perc_no": "13,06",
            "dt_agg": 20250609180438
        },
        {
            "cod": 5,
            "desc": null,
            "sz_perv": 5,
            "vot_m": 394,
            "vot_f": 411,
            "vot_t": 805,
            "perc_vot": "28,24",
            "sk_bianche": 17,
            "sk_nulle": 7,
            "sk_contestate": 0,
            "voti_si": 467,
            "voti_no": 314,
            "perc_si": "59,80",
            "perc_no": "40,20",
            "dt_agg": 20250609180719
        }
    ]
}