{
    "int": {
        "st": "ESERCIZIO",
        "t_ele": "Referendum",
        "t_ref": "ABROGATIVO",
        "f_elet": "SCRUTINI",
        "dt_ele": 20250608000000,
        "l_terr": "COMUNE",
        "area": "I",
        "cod_com": 10,
        "desc_com": "ANCARANO",
        "cod_prov": 79,
        "desc_prov": "TERAMO",
        "cod_reg": 13,
        "desc_reg": "ABRUZZO",
        "ele_m": 681,
        "ele_f": 718,
        "ele_t": 1399,
        "sz_tot": 2,
        "tipo_tras": "SZ"
    },
    "note": null,
    "scheda": [
        {
            "cod": 1,
            "desc": null,
            "sz_perv": 2,
            "vot_m": 186,
            "vot_f": 242,
            "vot_t": 428,
            "perc_vot": "30,59",
            "sk_bianche": 7,
            "sk_nulle": 4,
            "sk_contestate": 0,
            "voti_si": 349,
            "voti_no": 68,
            "perc_si": "83,69",
            "perc_no": "16,31",
            "dt_agg": 20250609185034
        },
        {
            "cod": 2,
            "desc": null,
            "sz_perv": 2,
            "vot_m": 186,
            "vot_f": 242,
            "vot_t": 428,
            "perc_vot": "30,59",
            "sk_bianche": 7,
            "sk_nulle": 3,
            "sk_contestate": 0,
            "voti_si": 353,
            "voti_no": 65,
            "perc_si": "84,45",
            "perc_no": "15,55",
            "dt_agg": 20250609185152
        },
        {
            "cod": 3,
            "desc": null,
            "sz_perv": 2,
            "vot_m": 186,
            "vot_f": 242,
            "vot_t": 428,
            "perc_vot": "30,59",
            "sk_bianche": 6,
            "sk_nulle": 4,
            "sk_contestate": 0,
            "voti_si": 354,
            "voti_no": 64,
            "perc_si": "84,69",
            "perc_no": "15,31",
            "dt_agg": 20250609185456
        },
        {
            "cod": 4,
            "desc": null,
            "sz_perv": 2,
            "vot_m": 186,
            "vot_f": 242,
            "vot_t": 428,
            "perc_vot": "30,59",
            "sk_bianche": 6,
            "sk_nulle": 3,
            "sk_contestate": 0,
            "voti_si": 345,
            "voti_no": 74,
            "perc_si": "82,34",
            "perc_no": "17,66",
            "dt_agg": 20250609185539
        },
        {
            "cod": 5,
            "desc": null,
            "sz_perv": 2,
            "vot_m": 184,
            "vot_f": 241,
            "vot_t": 425,
            "perc_vot": "30,38",
            "sk_bianche": 7,
            "sk_nulle": 3,
            "sk_contestate": 0,
            "voti_si": 229,
            "voti_no": 186,
            "perc_si": "55,18",
            "perc_no": "44,82",
            "dt_agg": 20250609185623
        }
    ]
}