{
    "int": {
        "st": "ESERCIZIO",
        "t_ele": "Referendum",
        "t_ref": "ABROGATIVO",
        "f_elet": "SCRUTINI",
        "dt_ele": 20250608000000,
        "l_terr": "COMUNE",
        "area": "I",
        "cod_com": 310,
        "desc_com": "NOTARESCO",
        "cod_prov": 79,
        "desc_prov": "TERAMO",
        "cod_reg": 13,
        "desc_reg": "ABRUZZO",
        "ele_m": 2566,
        "ele_f": 2608,
        "ele_t": 5174,
        "sz_tot": 8,
        "tipo_tras": "SZ"
    },
    "note": null,
    "scheda": [
        {
            "cod": 1,
            "desc": null,
            "sz_perv": 8,
            "vot_m": 694,
            "vot_f": 791,
            "vot_t": 1485,
            "perc_vot": "28,70",
            "sk_bianche": 43,
            "sk_nulle": 11,
            "sk_contestate": 0,
            "voti_si": 1286,
            "voti_no": 145,
            "perc_si": "89,87",
            "perc_no": "10,13",
            "dt_agg": 20250609172050
        },
        {
            "cod": 2,
            "desc": null,
            "sz_perv": 8,
            "vot_m": 694,
            "vot_f": 791,
            "vot_t": 1485,
            "perc_vot": "28,70",
            "sk_bianche": 40,
            "sk_nulle": 10,
            "sk_contestate": 0,
            "voti_si": 1283,
            "voti_no": 152,
            "perc_si": "89,41",
            "perc_no": "10,59",
            "dt_agg": 20250609172116
        },
        {
            "cod": 3,
            "desc": null,
            "sz_perv": 8,
            "vot_m": 694,
            "vot_f": 791,
            "vot_t": 1485,
            "perc_vot": "28,70",
            "sk_bianche": 37,
            "sk_nulle": 11,
            "sk_contestate": 0,
            "voti_si": 1307,
            "voti_no": 130,
            "perc_si": "90,95",
            "perc_no": "9,05",
            "dt_agg": 20250609172132
        },
        {
            "cod": 4,
            "desc": null,
            "sz_perv": 8,
            "vot_m": 694,
            "vot_f": 791,
            "vot_t": 1485,
            "perc_vot": "28,70",
            "sk_bianche": 40,
            "sk_nulle": 11,
            "sk_contestate": 0,
            "voti_si": 1259,
            "voti_no": 175,
            "perc_si": "87,80",
            "perc_no": "12,20",
            "dt_agg": 20250609172204
        },
        {
            "cod": 5,
            "desc": null,
            "sz_perv": 8,
            "vot_m": 693,
            "vot_f": 791,
            "vot_t": 1484,
            "perc_vot": "28,68",
            "sk_bianche": 45,
            "sk_nulle": 10,
            "sk_contestate": 0,
            "voti_si": 846,
            "voti_no": 583,
            "perc_si": "59,20",
            "perc_no": "40,80",
            "dt_agg": 20250609172257
        }
    ]
}