{
    "int": {
        "st": "ESERCIZIO",
        "t_ele": "Referendum",
        "t_ref": "ABROGATIVO",
        "f_elet": "SCRUTINI",
        "dt_ele": 20250608000000,
        "l_terr": "COMUNE",
        "area": "I",
        "cod_com": 350,
        "desc_com": "ROCCA SANTA MARIA",
        "cod_prov": 79,
        "desc_prov": "TERAMO",
        "cod_reg": 13,
        "desc_reg": "ABRUZZO",
        "ele_m": 199,
        "ele_f": 184,
        "ele_t": 383,
        "sz_tot": 1,
        "tipo_tras": "SZ"
    },
    "note": null,
    "scheda": [
        {
            "cod": 1,
            "desc": null,
            "sz_perv": 1,
            "vot_m": 48,
            "vot_f": 49,
            "vot_t": 97,
            "perc_vot": "25,33",
            "sk_bianche": 4,
            "sk_nulle": 0,
            "sk_contestate": 0,
            "voti_si": 75,
            "voti_no": 18,
            "perc_si": "80,65",
            "perc_no": "19,35",
            "dt_agg": 20250609161924
        },
        {
            "cod": 2,
            "desc": null,
            "sz_perv": 1,
            "vot_m": 48,
            "vot_f": 49,
            "vot_t": 97,
            "perc_vot": "25,33",
            "sk_bianche": 4,
            "sk_nulle": 0,
            "sk_contestate": 0,
            "voti_si": 74,
            "voti_no": 19,
            "perc_si": "79,57",
            "perc_no": "20,43",
            "dt_agg": 20250609162008
        },
        {
            "cod": 3,
            "desc": null,
            "sz_perv": 1,
            "vot_m": 48,
            "vot_f": 49,
            "vot_t": 97,
            "perc_vot": "25,33",
            "sk_bianche": 4,
            "sk_nulle": 0,
            "sk_contestate": 0,
            "voti_si": 71,
            "voti_no": 22,
            "perc_si": "76,34",
            "perc_no": "23,66",
            "dt_agg": 20250609161259
        },
        {
            "cod": 4,
            "desc": null,
            "sz_perv": 1,
            "vot_m": 48,
            "vot_f": 49,
            "vot_t": 97,
            "perc_vot": "25,33",
            "sk_bianche": 4,
            "sk_nulle": 1,
            "sk_contestate": 0,
            "voti_si": 65,
            "voti_no": 27,
            "perc_si": "70,65",
            "perc_no": "29,35",
            "dt_agg": 20250609161259
        },
        {
            "cod": 5,
            "desc": null,
            "sz_perv": 1,
            "vot_m": 48,
            "vot_f": 49,
            "vot_t": 97,
            "perc_vot": "25,33",
            "sk_bianche": 5,
            "sk_nulle": 1,
            "sk_contestate": 0,
            "voti_si": 58,
            "voti_no": 33,
            "perc_si": "63,74",
            "perc_no": "36,26",
            "dt_agg": 20250609163055
        }
    ]
}