{
    "int": {
        "st": "ESERCIZIO",
        "t_ele": "Referendum",
        "t_ref": "ABROGATIVO",
        "f_elet": "SCRUTINI",
        "dt_ele": 20250608000000,
        "l_terr": "COMUNE",
        "area": "I",
        "cod_com": 420,
        "desc_com": "TORRICELLA SICURA",
        "cod_prov": 79,
        "desc_prov": "TERAMO",
        "cod_reg": 13,
        "desc_reg": "ABRUZZO",
        "ele_m": 981,
        "ele_f": 984,
        "ele_t": 1965,
        "sz_tot": 4,
        "tipo_tras": "SZ"
    },
    "note": null,
    "scheda": [
        {
            "cod": 1,
            "desc": null,
            "sz_perv": 4,
            "vot_m": 272,
            "vot_f": 296,
            "vot_t": 568,
            "perc_vot": "28,91",
            "sk_bianche": 14,
            "sk_nulle": 6,
            "sk_contestate": 0,
            "voti_si": 488,
            "voti_no": 60,
            "perc_si": "89,05",
            "perc_no": "10,95",
            "dt_agg": 20250609180200
        },
        {
            "cod": 2,
            "desc": null,
            "sz_perv": 4,
            "vot_m": 272,
            "vot_f": 295,
            "vot_t": 567,
            "perc_vot": "28,85",
            "sk_bianche": 14,
            "sk_nulle": 5,
            "sk_contestate": 0,
            "voti_si": 484,
            "voti_no": 64,
            "perc_si": "88,32",
            "perc_no": "11,68",
            "dt_agg": 20250609180224
        },
        {
            "cod": 3,
            "desc": null,
            "sz_perv": 4,
            "vot_m": 272,
            "vot_f": 295,
            "vot_t": 567,
            "perc_vot": "28,85",
            "sk_bianche": 12,
            "sk_nulle": 4,
            "sk_contestate": 0,
            "voti_si": 493,
            "voti_no": 58,
            "perc_si": "89,47",
            "perc_no": "10,53",
            "dt_agg": 20250609180253
        },
        {
            "cod": 4,
            "desc": null,
            "sz_perv": 4,
            "vot_m": 272,
            "vot_f": 295,
            "vot_t": 567,
            "perc_vot": "28,85",
            "sk_bianche": 14,
            "sk_nulle": 4,
            "sk_contestate": 0,
            "voti_si": 470,
            "voti_no": 79,
            "perc_si": "85,61",
            "perc_no": "14,39",
            "dt_agg": 20250609180319
        },
        {
            "cod": 5,
            "desc": null,
            "sz_perv": 4,
            "vot_m": 271,
            "vot_f": 296,
            "vot_t": 567,
            "perc_vot": "28,85",
            "sk_bianche": 10,
            "sk_nulle": 4,
            "sk_contestate": 0,
            "voti_si": 340,
            "voti_no": 213,
            "perc_si": "61,48",
            "perc_no": "38,52",
            "dt_agg": 20250609180430
        }
    ]
}