{
    "int": {
        "st": "ESERCIZIO",
        "t_ele": "Referendum",
        "t_ref": "ABROGATIVO",
        "f_elet": "SCRUTINI",
        "dt_ele": 20250608000000,
        "l_terr": "COMUNE",
        "area": "I",
        "cod_com": 450,
        "desc_com": "VALLE CASTELLANA",
        "cod_prov": 79,
        "desc_prov": "TERAMO",
        "cod_reg": 13,
        "desc_reg": "ABRUZZO",
        "ele_m": 404,
        "ele_f": 328,
        "ele_t": 732,
        "sz_tot": 2,
        "tipo_tras": "SZ"
    },
    "note": null,
    "scheda": [
        {
            "cod": 1,
            "desc": null,
            "sz_perv": 2,
            "vot_m": 57,
            "vot_f": 64,
            "vot_t": 121,
            "perc_vot": "16,53",
            "sk_bianche": 5,
            "sk_nulle": 3,
            "sk_contestate": 0,
            "voti_si": 105,
            "voti_no": 8,
            "perc_si": "92,92",
            "perc_no": "7,08",
            "dt_agg": 20250609163535
        },
        {
            "cod": 2,
            "desc": null,
            "sz_perv": 2,
            "vot_m": 57,
            "vot_f": 64,
            "vot_t": 121,
            "perc_vot": "16,53",
            "sk_bianche": 7,
            "sk_nulle": 2,
            "sk_contestate": 0,
            "voti_si": 99,
            "voti_no": 13,
            "perc_si": "88,39",
            "perc_no": "11,61",
            "dt_agg": 20250609163756
        },
        {
            "cod": 3,
            "desc": null,
            "sz_perv": 2,
            "vot_m": 57,
            "vot_f": 64,
            "vot_t": 121,
            "perc_vot": "16,53",
            "sk_bianche": 6,
            "sk_nulle": 2,
            "sk_contestate": 0,
            "voti_si": 104,
            "voti_no": 9,
            "perc_si": "92,04",
            "perc_no": "7,96",
            "dt_agg": 20250609163916
        },
        {
            "cod": 4,
            "desc": null,
            "sz_perv": 2,
            "vot_m": 57,
            "vot_f": 64,
            "vot_t": 121,
            "perc_vot": "16,53",
            "sk_bianche": 7,
            "sk_nulle": 1,
            "sk_contestate": 0,
            "voti_si": 99,
            "voti_no": 14,
            "perc_si": "87,61",
            "perc_no": "12,39",
            "dt_agg": 20250609164050
        },
        {
            "cod": 5,
            "desc": null,
            "sz_perv": 2,
            "vot_m": 57,
            "vot_f": 64,
            "vot_t": 121,
            "perc_vot": "16,53",
            "sk_bianche": 5,
            "sk_nulle": 1,
            "sk_contestate": 0,
            "voti_si": 78,
            "voti_no": 37,
            "perc_si": "67,83",
            "perc_no": "32,17",
            "dt_agg": 20250609164151
        }
    ]
}