{
    "int": {
        "st": "ESERCIZIO",
        "t_ele": "Referendum",
        "t_ref": "ABROGATIVO",
        "f_elet": "SCRUTINI",
        "dt_ele": 20250608000000,
        "l_terr": "COMUNE",
        "area": "I",
        "cod_com": 430,
        "desc_com": "TORTORETO",
        "cod_prov": 79,
        "desc_prov": "TERAMO",
        "cod_reg": 13,
        "desc_reg": "ABRUZZO",
        "ele_m": 4655,
        "ele_f": 4924,
        "ele_t": 9579,
        "sz_tot": 10,
        "tipo_tras": "SZ"
    },
    "note": null,
    "scheda": [
        {
            "cod": 1,
            "desc": null,
            "sz_perv": 10,
            "vot_m": 986,
            "vot_f": 1216,
            "vot_t": 2202,
            "perc_vot": "22,99",
            "sk_bianche": 40,
            "sk_nulle": 18,
            "sk_contestate": 0,
            "voti_si": 1887,
            "voti_no": 257,
            "perc_si": "88,01",
            "perc_no": "11,99",
            "dt_agg": 20250609175128
        },
        {
            "cod": 2,
            "desc": null,
            "sz_perv": 10,
            "vot_m": 986,
            "vot_f": 1216,
            "vot_t": 2202,
            "perc_vot": "22,99",
            "sk_bianche": 42,
            "sk_nulle": 17,
            "sk_contestate": 0,
            "voti_si": 1839,
            "voti_no": 304,
            "perc_si": "85,81",
            "perc_no": "14,19",
            "dt_agg": 20250609175559
        },
        {
            "cod": 3,
            "desc": null,
            "sz_perv": 10,
            "vot_m": 987,
            "vot_f": 1216,
            "vot_t": 2203,
            "perc_vot": "23,00",
            "sk_bianche": 55,
            "sk_nulle": 15,
            "sk_contestate": 0,
            "voti_si": 1884,
            "voti_no": 249,
            "perc_si": "88,33",
            "perc_no": "11,67",
            "dt_agg": 20250609175923
        },
        {
            "cod": 4,
            "desc": null,
            "sz_perv": 10,
            "vot_m": 987,
            "vot_f": 1216,
            "vot_t": 2203,
            "perc_vot": "23,00",
            "sk_bianche": 42,
            "sk_nulle": 16,
            "sk_contestate": 0,
            "voti_si": 1826,
            "voti_no": 319,
            "perc_si": "85,13",
            "perc_no": "14,87",
            "dt_agg": 20250609180438
        },
        {
            "cod": 5,
            "desc": null,
            "sz_perv": 10,
            "vot_m": 986,
            "vot_f": 1215,
            "vot_t": 2201,
            "perc_vot": "22,98",
            "sk_bianche": 36,
            "sk_nulle": 23,
            "sk_contestate": 0,
            "voti_si": 1250,
            "voti_no": 892,
            "perc_si": "58,36",
            "perc_no": "41,64",
            "dt_agg": 20250609180838
        }
    ]
}