{
    "int": {
        "st": "ESERCIZIO",
        "t_ele": "Referendum",
        "t_ref": "ABROGATIVO",
        "f_elet": "SCRUTINI",
        "dt_ele": 20250608000000,
        "l_terr": "COMUNE",
        "area": "I",
        "cod_com": 220,
        "desc_com": "CROGNALETO",
        "cod_prov": 79,
        "desc_prov": "TERAMO",
        "cod_reg": 13,
        "desc_reg": "ABRUZZO",
        "ele_m": 525,
        "ele_f": 391,
        "ele_t": 916,
        "sz_tot": 7,
        "tipo_tras": "SZ"
    },
    "note": null,
    "scheda": [
        {
            "cod": 1,
            "desc": null,
            "sz_perv": 7,
            "vot_m": 145,
            "vot_f": 133,
            "vot_t": 278,
            "perc_vot": "30,35",
            "sk_bianche": 9,
            "sk_nulle": 1,
            "sk_contestate": 0,
            "voti_si": 239,
            "voti_no": 29,
            "perc_si": "89,18",
            "perc_no": "10,82",
            "dt_agg": 20250609161715
        },
        {
            "cod": 2,
            "desc": null,
            "sz_perv": 7,
            "vot_m": 145,
            "vot_f": 132,
            "vot_t": 277,
            "perc_vot": "30,24",
            "sk_bianche": 10,
            "sk_nulle": 1,
            "sk_contestate": 0,
            "voti_si": 232,
            "voti_no": 34,
            "perc_si": "87,22",
            "perc_no": "12,78",
            "dt_agg": 20250609161716
        },
        {
            "cod": 3,
            "desc": null,
            "sz_perv": 7,
            "vot_m": 144,
            "vot_f": 132,
            "vot_t": 276,
            "perc_vot": "30,13",
            "sk_bianche": 12,
            "sk_nulle": 3,
            "sk_contestate": 0,
            "voti_si": 235,
            "voti_no": 26,
            "perc_si": "90,04",
            "perc_no": "9,96",
            "dt_agg": 20250609161900
        },
        {
            "cod": 4,
            "desc": null,
            "sz_perv": 7,
            "vot_m": 145,
            "vot_f": 133,
            "vot_t": 278,
            "perc_vot": "30,35",
            "sk_bianche": 9,
            "sk_nulle": 2,
            "sk_contestate": 0,
            "voti_si": 231,
            "voti_no": 36,
            "perc_si": "86,52",
            "perc_no": "13,48",
            "dt_agg": 20250609161901
        },
        {
            "cod": 5,
            "desc": null,
            "sz_perv": 7,
            "vot_m": 144,
            "vot_f": 132,
            "vot_t": 276,
            "perc_vot": "30,13",
            "sk_bianche": 15,
            "sk_nulle": 3,
            "sk_contestate": 0,
            "voti_si": 169,
            "voti_no": 89,
            "perc_si": "65,50",
            "perc_no": "34,50",
            "dt_agg": 20250609161852
        }
    ]
}