{
    "int": {
        "st": "ESERCIZIO",
        "t_ele": "Referendum",
        "t_ref": "ABROGATIVO",
        "f_elet": "SCRUTINI",
        "dt_ele": 20250608000000,
        "l_terr": "COMUNE",
        "area": "I",
        "cod_com": 210,
        "desc_com": "CORTINO",
        "cod_prov": 79,
        "desc_prov": "TERAMO",
        "cod_reg": 13,
        "desc_reg": "ABRUZZO",
        "ele_m": 252,
        "ele_f": 223,
        "ele_t": 475,
        "sz_tot": 1,
        "tipo_tras": "SZ"
    },
    "note": null,
    "scheda": [
        {
            "cod": 1,
            "desc": null,
            "sz_perv": 1,
            "vot_m": 40,
            "vot_f": 43,
            "vot_t": 83,
            "perc_vot": "17,47",
            "sk_bianche": 1,
            "sk_nulle": 2,
            "sk_contestate": 0,
            "voti_si": 62,
            "voti_no": 18,
            "perc_si": "77,50",
            "perc_no": "22,50",
            "dt_agg": 20250609191151
        },
        {
            "cod": 2,
            "desc": null,
            "sz_perv": 1,
            "vot_m": 40,
            "vot_f": 43,
            "vot_t": 83,
            "perc_vot": "17,47",
            "sk_bianche": 1,
            "sk_nulle": 2,
            "sk_contestate": 0,
            "voti_si": 67,
            "voti_no": 13,
            "perc_si": "83,75",
            "perc_no": "16,25",
            "dt_agg": 20250609191255
        },
        {
            "cod": 3,
            "desc": null,
            "sz_perv": 1,
            "vot_m": 40,
            "vot_f": 43,
            "vot_t": 83,
            "perc_vot": "17,47",
            "sk_bianche": 1,
            "sk_nulle": 2,
            "sk_contestate": 0,
            "voti_si": 68,
            "voti_no": 12,
            "perc_si": "85,00",
            "perc_no": "15,00",
            "dt_agg": 20250609191439
        },
        {
            "cod": 4,
            "desc": null,
            "sz_perv": 1,
            "vot_m": 40,
            "vot_f": 43,
            "vot_t": 83,
            "perc_vot": "17,47",
            "sk_bianche": 1,
            "sk_nulle": 2,
            "sk_contestate": 0,
            "voti_si": 65,
            "voti_no": 15,
            "perc_si": "81,25",
            "perc_no": "18,75",
            "dt_agg": 20250609191439
        },
        {
            "cod": 5,
            "desc": null,
            "sz_perv": 1,
            "vot_m": 39,
            "vot_f": 42,
            "vot_t": 81,
            "perc_vot": "17,05",
            "sk_bianche": 1,
            "sk_nulle": 2,
            "sk_contestate": 0,
            "voti_si": 35,
            "voti_no": 43,
            "perc_si": "44,87",
            "perc_no": "55,13",
            "dt_agg": 20250609191533
        }
    ]
}