{
    "int": {
        "st": "ESERCIZIO",
        "t_ele": "Referendum",
        "t_ref": "ABROGATIVO",
        "f_elet": "SCRUTINI",
        "dt_ele": 20250608000000,
        "l_terr": "COMUNE",
        "area": "I",
        "cod_com": 370,
        "desc_com": "SANT'EGIDIO ALLA VIBRATA",
        "cod_prov": 79,
        "desc_prov": "TERAMO",
        "cod_reg": 13,
        "desc_reg": "ABRUZZO",
        "ele_m": 3682,
        "ele_f": 3760,
        "ele_t": 7442,
        "sz_tot": 7,
        "tipo_tras": "SZ"
    },
    "note": null,
    "scheda": [
        {
            "cod": 1,
            "desc": null,
            "sz_perv": 7,
            "vot_m": 769,
            "vot_f": 851,
            "vot_t": 1620,
            "perc_vot": "21,77",
            "sk_bianche": 38,
            "sk_nulle": 14,
            "sk_contestate": 0,
            "voti_si": 1384,
            "voti_no": 184,
            "perc_si": "88,27",
            "perc_no": "11,73",
            "dt_agg": 20250609184245
        },
        {
            "cod": 2,
            "desc": null,
            "sz_perv": 7,
            "vot_m": 768,
            "vot_f": 850,
            "vot_t": 1618,
            "perc_vot": "21,74",
            "sk_bianche": 42,
            "sk_nulle": 12,
            "sk_contestate": 0,
            "voti_si": 1370,
            "voti_no": 194,
            "perc_si": "87,60",
            "perc_no": "12,40",
            "dt_agg": 20250609184300
        },
        {
            "cod": 3,
            "desc": null,
            "sz_perv": 7,
            "vot_m": 769,
            "vot_f": 851,
            "vot_t": 1620,
            "perc_vot": "21,77",
            "sk_bianche": 48,
            "sk_nulle": 14,
            "sk_contestate": 0,
            "voti_si": 1383,
            "voti_no": 175,
            "perc_si": "88,77",
            "perc_no": "11,23",
            "dt_agg": 20250609184314
        },
        {
            "cod": 4,
            "desc": null,
            "sz_perv": 7,
            "vot_m": 769,
            "vot_f": 851,
            "vot_t": 1620,
            "perc_vot": "21,77",
            "sk_bianche": 45,
            "sk_nulle": 12,
            "sk_contestate": 0,
            "voti_si": 1341,
            "voti_no": 222,
            "perc_si": "85,80",
            "perc_no": "14,20",
            "dt_agg": 20250609184326
        },
        {
            "cod": 5,
            "desc": null,
            "sz_perv": 7,
            "vot_m": 765,
            "vot_f": 848,
            "vot_t": 1613,
            "perc_vot": "21,67",
            "sk_bianche": 32,
            "sk_nulle": 20,
            "sk_contestate": 0,
            "voti_si": 827,
            "voti_no": 734,
            "perc_si": "52,98",
            "perc_no": "47,02",
            "dt_agg": 20250609184345
        }
    ]
}