{
    "int": {
        "st": "ESERCIZIO",
        "t_ele": "Referendum",
        "t_ref": "ABROGATIVO",
        "f_elet": "SCRUTINI",
        "dt_ele": 20250608000000,
        "l_terr": "COMUNE",
        "area": "I",
        "cod_com": 150,
        "desc_com": "CERMIGNANO",
        "cod_prov": 79,
        "desc_prov": "TERAMO",
        "cod_reg": 13,
        "desc_reg": "ABRUZZO",
        "ele_m": 579,
        "ele_f": 593,
        "ele_t": 1172,
        "sz_tot": 3,
        "tipo_tras": "SZ"
    },
    "note": null,
    "scheda": [
        {
            "cod": 1,
            "desc": null,
            "sz_perv": 3,
            "vot_m": 174,
            "vot_f": 171,
            "vot_t": 345,
            "perc_vot": "29,44",
            "sk_bianche": 12,
            "sk_nulle": 5,
            "sk_contestate": 0,
            "voti_si": 292,
            "voti_no": 36,
            "perc_si": "89,02",
            "perc_no": "10,98",
            "dt_agg": 20250609184945
        },
        {
            "cod": 2,
            "desc": null,
            "sz_perv": 3,
            "vot_m": 174,
            "vot_f": 171,
            "vot_t": 345,
            "perc_vot": "29,44",
            "sk_bianche": 10,
            "sk_nulle": 5,
            "sk_contestate": 0,
            "voti_si": 296,
            "voti_no": 34,
            "perc_si": "89,70",
            "perc_no": "10,30",
            "dt_agg": 20250609185127
        },
        {
            "cod": 3,
            "desc": null,
            "sz_perv": 3,
            "vot_m": 174,
            "vot_f": 171,
            "vot_t": 345,
            "perc_vot": "29,44",
            "sk_bianche": 11,
            "sk_nulle": 4,
            "sk_contestate": 0,
            "voti_si": 292,
            "voti_no": 38,
            "perc_si": "88,48",
            "perc_no": "11,52",
            "dt_agg": 20250609185152
        },
        {
            "cod": 4,
            "desc": null,
            "sz_perv": 3,
            "vot_m": 174,
            "vot_f": 171,
            "vot_t": 345,
            "perc_vot": "29,44",
            "sk_bianche": 13,
            "sk_nulle": 4,
            "sk_contestate": 0,
            "voti_si": 288,
            "voti_no": 40,
            "perc_si": "87,80",
            "perc_no": "12,20",
            "dt_agg": 20250609185238
        },
        {
            "cod": 5,
            "desc": null,
            "sz_perv": 3,
            "vot_m": 173,
            "vot_f": 171,
            "vot_t": 344,
            "perc_vot": "29,35",
            "sk_bianche": 11,
            "sk_nulle": 7,
            "sk_contestate": 0,
            "voti_si": 177,
            "voti_no": 149,
            "perc_si": "54,29",
            "perc_no": "45,71",
            "dt_agg": 20250609185258
        }
    ]
}