{
    "int": {
        "st": "ESERCIZIO",
        "t_ele": "Referendum",
        "t_ref": "ABROGATIVO",
        "f_elet": "SCRUTINI",
        "dt_ele": 20250608000000,
        "l_terr": "COMUNE",
        "area": "I",
        "cod_com": 390,
        "desc_com": "SILVI",
        "cod_prov": 79,
        "desc_prov": "TERAMO",
        "cod_reg": 13,
        "desc_reg": "ABRUZZO",
        "ele_m": 6025,
        "ele_f": 6251,
        "ele_t": 12276,
        "sz_tot": 14,
        "tipo_tras": "SZ"
    },
    "note": null,
    "scheda": [
        {
            "cod": 1,
            "desc": null,
            "sz_perv": 14,
            "vot_m": 1470,
            "vot_f": 1680,
            "vot_t": 3150,
            "perc_vot": "25,66",
            "sk_bianche": 38,
            "sk_nulle": 26,
            "sk_contestate": 0,
            "voti_si": 2804,
            "voti_no": 282,
            "perc_si": "90,86",
            "perc_no": "9,14",
            "dt_agg": 20250609175448
        },
        {
            "cod": 2,
            "desc": null,
            "sz_perv": 14,
            "vot_m": 1470,
            "vot_f": 1680,
            "vot_t": 3150,
            "perc_vot": "25,66",
            "sk_bianche": 45,
            "sk_nulle": 22,
            "sk_contestate": 0,
            "voti_si": 2763,
            "voti_no": 320,
            "perc_si": "89,62",
            "perc_no": "10,38",
            "dt_agg": 20250609175536
        },
        {
            "cod": 3,
            "desc": null,
            "sz_perv": 14,
            "vot_m": 1471,
            "vot_f": 1680,
            "vot_t": 3151,
            "perc_vot": "25,67",
            "sk_bianche": 54,
            "sk_nulle": 25,
            "sk_contestate": 0,
            "voti_si": 2789,
            "voti_no": 283,
            "perc_si": "90,79",
            "perc_no": "9,21",
            "dt_agg": 20250609175610
        },
        {
            "cod": 4,
            "desc": null,
            "sz_perv": 14,
            "vot_m": 1471,
            "vot_f": 1681,
            "vot_t": 3152,
            "perc_vot": "25,68",
            "sk_bianche": 54,
            "sk_nulle": 26,
            "sk_contestate": 0,
            "voti_si": 2721,
            "voti_no": 351,
            "perc_si": "88,57",
            "perc_no": "11,43",
            "dt_agg": 20250609175659
        },
        {
            "cod": 5,
            "desc": null,
            "sz_perv": 14,
            "vot_m": 1469,
            "vot_f": 1681,
            "vot_t": 3150,
            "perc_vot": "25,66",
            "sk_bianche": 52,
            "sk_nulle": 23,
            "sk_contestate": 0,
            "voti_si": 1981,
            "voti_no": 1094,
            "perc_si": "64,42",
            "perc_no": "35,58",
            "dt_agg": 20250609175734
        }
    ]
}