{
    "int": {
        "st": "ESERCIZIO",
        "t_ele": "Referendum",
        "t_ref": "ABROGATIVO",
        "f_elet": "SCRUTINI",
        "dt_ele": 20250608000000,
        "l_terr": "COMUNE",
        "area": "I",
        "cod_com": 440,
        "desc_com": "TOSSICIA",
        "cod_prov": 79,
        "desc_prov": "TERAMO",
        "cod_reg": 13,
        "desc_reg": "ABRUZZO",
        "ele_m": 484,
        "ele_f": 529,
        "ele_t": 1013,
        "sz_tot": 3,
        "tipo_tras": "SZ"
    },
    "note": null,
    "scheda": [
        {
            "cod": 1,
            "desc": null,
            "sz_perv": 3,
            "vot_m": 193,
            "vot_f": 209,
            "vot_t": 402,
            "perc_vot": "39,68",
            "sk_bianche": 7,
            "sk_nulle": 3,
            "sk_contestate": 0,
            "voti_si": 358,
            "voti_no": 34,
            "perc_si": "91,33",
            "perc_no": "8,67",
            "dt_agg": 20250609182228
        },
        {
            "cod": 2,
            "desc": null,
            "sz_perv": 3,
            "vot_m": 193,
            "vot_f": 209,
            "vot_t": 402,
            "perc_vot": "39,68",
            "sk_bianche": 4,
            "sk_nulle": 4,
            "sk_contestate": 0,
            "voti_si": 348,
            "voti_no": 46,
            "perc_si": "88,32",
            "perc_no": "11,68",
            "dt_agg": 20250609182230
        },
        {
            "cod": 3,
            "desc": null,
            "sz_perv": 3,
            "vot_m": 193,
            "vot_f": 209,
            "vot_t": 402,
            "perc_vot": "39,68",
            "sk_bianche": 8,
            "sk_nulle": 3,
            "sk_contestate": 0,
            "voti_si": 354,
            "voti_no": 37,
            "perc_si": "90,54",
            "perc_no": "9,46",
            "dt_agg": 20250609182258
        },
        {
            "cod": 4,
            "desc": null,
            "sz_perv": 3,
            "vot_m": 193,
            "vot_f": 209,
            "vot_t": 402,
            "perc_vot": "39,68",
            "sk_bianche": 5,
            "sk_nulle": 4,
            "sk_contestate": 0,
            "voti_si": 349,
            "voti_no": 44,
            "perc_si": "88,80",
            "perc_no": "11,20",
            "dt_agg": 20250609182321
        },
        {
            "cod": 5,
            "desc": null,
            "sz_perv": 3,
            "vot_m": 193,
            "vot_f": 209,
            "vot_t": 402,
            "perc_vot": "39,68",
            "sk_bianche": 6,
            "sk_nulle": 3,
            "sk_contestate": 0,
            "voti_si": 253,
            "voti_no": 140,
            "perc_si": "64,38",
            "perc_no": "35,62",
            "dt_agg": 20250609182344
        }
    ]
}