{
    "int": {
        "st": "ESERCIZIO",
        "t_ele": "Referendum",
        "t_ref": "ABROGATIVO",
        "f_elet": "SCRUTINI",
        "dt_ele": 20250608000000,
        "l_terr": "COMUNE",
        "area": "I",
        "cod_com": 240,
        "desc_com": "GIULIANOVA",
        "cod_prov": 79,
        "desc_prov": "TERAMO",
        "cod_reg": 13,
        "desc_reg": "ABRUZZO",
        "ele_m": 9124,
        "ele_f": 10114,
        "ele_t": 19238,
        "sz_tot": 23,
        "tipo_tras": "SZ"
    },
    "note": null,
    "scheda": [
        {
            "cod": 1,
            "desc": null,
            "sz_perv": 23,
            "vot_m": 2579,
            "vot_f": 3081,
            "vot_t": 5660,
            "perc_vot": "29,42",
            "sk_bianche": 84,
            "sk_nulle": 32,
            "sk_contestate": 0,
            "voti_si": 5060,
            "voti_no": 484,
            "perc_si": "91,27",
            "perc_no": "8,73",
            "dt_agg": 20250609193634
        },
        {
            "cod": 2,
            "desc": null,
            "sz_perv": 23,
            "vot_m": 2580,
            "vot_f": 3081,
            "vot_t": 5661,
            "perc_vot": "29,43",
            "sk_bianche": 85,
            "sk_nulle": 30,
            "sk_contestate": 0,
            "voti_si": 4987,
            "voti_no": 559,
            "perc_si": "89,92",
            "perc_no": "10,08",
            "dt_agg": 20250609193651
        },
        {
            "cod": 3,
            "desc": null,
            "sz_perv": 23,
            "vot_m": 2580,
            "vot_f": 3082,
            "vot_t": 5662,
            "perc_vot": "29,43",
            "sk_bianche": 86,
            "sk_nulle": 32,
            "sk_contestate": 0,
            "voti_si": 5060,
            "voti_no": 484,
            "perc_si": "91,27",
            "perc_no": "8,73",
            "dt_agg": 20250609193716
        },
        {
            "cod": 4,
            "desc": null,
            "sz_perv": 23,
            "vot_m": 2579,
            "vot_f": 3082,
            "vot_t": 5661,
            "perc_vot": "29,43",
            "sk_bianche": 78,
            "sk_nulle": 33,
            "sk_contestate": 0,
            "voti_si": 4920,
            "voti_no": 630,
            "perc_si": "88,65",
            "perc_no": "11,35",
            "dt_agg": 20250609193752
        },
        {
            "cod": 5,
            "desc": null,
            "sz_perv": 23,
            "vot_m": 2576,
            "vot_f": 3079,
            "vot_t": 5655,
            "perc_vot": "29,39",
            "sk_bianche": 83,
            "sk_nulle": 32,
            "sk_contestate": 1,
            "voti_si": 3636,
            "voti_no": 1903,
            "perc_si": "65,64",
            "perc_no": "34,36",
            "dt_agg": 20250609193839
        }
    ]
}