{
    "int": {
        "st": "ESERCIZIO",
        "t_ele": "Referendum",
        "t_ref": "ABROGATIVO",
        "f_elet": "SCRUTINI",
        "dt_ele": 20250608000000,
        "l_terr": "COMUNE",
        "area": "I",
        "cod_com": 280,
        "desc_com": "MORRO D'ORO",
        "cod_prov": 79,
        "desc_prov": "TERAMO",
        "cod_reg": 13,
        "desc_reg": "ABRUZZO",
        "ele_m": 1422,
        "ele_f": 1473,
        "ele_t": 2895,
        "sz_tot": 3,
        "tipo_tras": "SZ"
    },
    "note": null,
    "scheda": [
        {
            "cod": 1,
            "desc": null,
            "sz_perv": 3,
            "vot_m": 376,
            "vot_f": 441,
            "vot_t": 817,
            "perc_vot": "28,22",
            "sk_bianche": 8,
            "sk_nulle": 8,
            "sk_contestate": 0,
            "voti_si": 731,
            "voti_no": 70,
            "perc_si": "91,26",
            "perc_no": "8,74",
            "dt_agg": 20250609194259
        },
        {
            "cod": 2,
            "desc": null,
            "sz_perv": 3,
            "vot_m": 376,
            "vot_f": 441,
            "vot_t": 817,
            "perc_vot": "28,22",
            "sk_bianche": 10,
            "sk_nulle": 5,
            "sk_contestate": 0,
            "voti_si": 724,
            "voti_no": 78,
            "perc_si": "90,27",
            "perc_no": "9,73",
            "dt_agg": 20250609194259
        },
        {
            "cod": 3,
            "desc": null,
            "sz_perv": 3,
            "vot_m": 376,
            "vot_f": 441,
            "vot_t": 817,
            "perc_vot": "28,22",
            "sk_bianche": 12,
            "sk_nulle": 8,
            "sk_contestate": 0,
            "voti_si": 728,
            "voti_no": 69,
            "perc_si": "91,34",
            "perc_no": "8,66",
            "dt_agg": 20250609194326
        },
        {
            "cod": 4,
            "desc": null,
            "sz_perv": 3,
            "vot_m": 376,
            "vot_f": 440,
            "vot_t": 816,
            "perc_vot": "28,19",
            "sk_bianche": 14,
            "sk_nulle": 8,
            "sk_contestate": 0,
            "voti_si": 703,
            "voti_no": 91,
            "perc_si": "88,54",
            "perc_no": "11,46",
            "dt_agg": 20250609194339
        },
        {
            "cod": 5,
            "desc": null,
            "sz_perv": 3,
            "vot_m": 376,
            "vot_f": 440,
            "vot_t": 816,
            "perc_vot": "28,19",
            "sk_bianche": 11,
            "sk_nulle": 9,
            "sk_contestate": 0,
            "voti_si": 496,
            "voti_no": 300,
            "perc_si": "62,31",
            "perc_no": "37,69",
            "dt_agg": 20250609194357
        }
    ]
}