{
    "int": {
        "st": "ESERCIZIO",
        "t_ele": "Referendum",
        "t_ref": "ABROGATIVO",
        "f_elet": "SCRUTINI",
        "dt_ele": 20250608000000,
        "l_terr": "COMUNE",
        "area": "I",
        "cod_com": 110,
        "desc_com": "CASTELLI",
        "cod_prov": 79,
        "desc_prov": "TERAMO",
        "cod_reg": 13,
        "desc_reg": "ABRUZZO",
        "ele_m": 411,
        "ele_f": 398,
        "ele_t": 809,
        "sz_tot": 3,
        "tipo_tras": "SZ"
    },
    "note": null,
    "scheda": [
        {
            "cod": 1,
            "desc": null,
            "sz_perv": 3,
            "vot_m": 107,
            "vot_f": 126,
            "vot_t": 233,
            "perc_vot": "28,80",
            "sk_bianche": 9,
            "sk_nulle": 4,
            "sk_contestate": 0,
            "voti_si": 196,
            "voti_no": 24,
            "perc_si": "89,09",
            "perc_no": "10,91",
            "dt_agg": 20250609170048
        },
        {
            "cod": 2,
            "desc": null,
            "sz_perv": 3,
            "vot_m": 107,
            "vot_f": 126,
            "vot_t": 233,
            "perc_vot": "28,80",
            "sk_bianche": 7,
            "sk_nulle": 6,
            "sk_contestate": 0,
            "voti_si": 193,
            "voti_no": 27,
            "perc_si": "87,73",
            "perc_no": "12,27",
            "dt_agg": 20250609170048
        },
        {
            "cod": 3,
            "desc": null,
            "sz_perv": 3,
            "vot_m": 107,
            "vot_f": 126,
            "vot_t": 233,
            "perc_vot": "28,80",
            "sk_bianche": 11,
            "sk_nulle": 4,
            "sk_contestate": 0,
            "voti_si": 193,
            "voti_no": 25,
            "perc_si": "88,53",
            "perc_no": "11,47",
            "dt_agg": 20250609170048
        },
        {
            "cod": 4,
            "desc": null,
            "sz_perv": 3,
            "vot_m": 107,
            "vot_f": 126,
            "vot_t": 233,
            "perc_vot": "28,80",
            "sk_bianche": 6,
            "sk_nulle": 6,
            "sk_contestate": 0,
            "voti_si": 197,
            "voti_no": 24,
            "perc_si": "89,14",
            "perc_no": "10,86",
            "dt_agg": 20250609170048
        },
        {
            "cod": 5,
            "desc": null,
            "sz_perv": 3,
            "vot_m": 107,
            "vot_f": 127,
            "vot_t": 234,
            "perc_vot": "28,92",
            "sk_bianche": 7,
            "sk_nulle": 5,
            "sk_contestate": 0,
            "voti_si": 141,
            "voti_no": 81,
            "perc_si": "63,51",
            "perc_no": "36,49",
            "dt_agg": 20250609170048
        }
    ]
}