{
    "int": {
        "st": "ESERCIZIO",
        "t_ele": "Referendum",
        "t_ref": "ABROGATIVO",
        "f_elet": "SCRUTINI",
        "dt_ele": 20250608000000,
        "l_terr": "COMUNE",
        "area": "I",
        "cod_com": 70,
        "desc_com": "CAMPLI",
        "cod_prov": 79,
        "desc_prov": "TERAMO",
        "cod_reg": 13,
        "desc_reg": "ABRUZZO",
        "ele_m": 2601,
        "ele_f": 2602,
        "ele_t": 5203,
        "sz_tot": 11,
        "tipo_tras": "SZ"
    },
    "note": null,
    "scheda": [
        {
            "cod": 1,
            "desc": null,
            "sz_perv": 11,
            "vot_m": 686,
            "vot_f": 760,
            "vot_t": 1446,
            "perc_vot": "27,79",
            "sk_bianche": 32,
            "sk_nulle": 14,
            "sk_contestate": 0,
            "voti_si": 1258,
            "voti_no": 142,
            "perc_si": "89,86",
            "perc_no": "10,14",
            "dt_agg": 20250609180007
        },
        {
            "cod": 2,
            "desc": null,
            "sz_perv": 11,
            "vot_m": 686,
            "vot_f": 760,
            "vot_t": 1446,
            "perc_vot": "27,79",
            "sk_bianche": 25,
            "sk_nulle": 13,
            "sk_contestate": 0,
            "voti_si": 1240,
            "voti_no": 168,
            "perc_si": "88,07",
            "perc_no": "11,93",
            "dt_agg": 20250609180038
        },
        {
            "cod": 3,
            "desc": null,
            "sz_perv": 11,
            "vot_m": 686,
            "vot_f": 760,
            "vot_t": 1446,
            "perc_vot": "27,79",
            "sk_bianche": 30,
            "sk_nulle": 12,
            "sk_contestate": 0,
            "voti_si": 1251,
            "voti_no": 153,
            "perc_si": "89,10",
            "perc_no": "10,90",
            "dt_agg": 20250609180121
        },
        {
            "cod": 4,
            "desc": null,
            "sz_perv": 11,
            "vot_m": 686,
            "vot_f": 760,
            "vot_t": 1446,
            "perc_vot": "27,79",
            "sk_bianche": 29,
            "sk_nulle": 14,
            "sk_contestate": 0,
            "voti_si": 1192,
            "voti_no": 211,
            "perc_si": "84,96",
            "perc_no": "15,04",
            "dt_agg": 20250609180150
        },
        {
            "cod": 5,
            "desc": null,
            "sz_perv": 11,
            "vot_m": 685,
            "vot_f": 761,
            "vot_t": 1446,
            "perc_vot": "27,79",
            "sk_bianche": 28,
            "sk_nulle": 15,
            "sk_contestate": 0,
            "voti_si": 830,
            "voti_no": 573,
            "perc_si": "59,16",
            "perc_no": "40,84",
            "dt_agg": 20250609180224
        }
    ]
}