{
    "int": {
        "st": "ESERCIZIO",
        "t_ele": "Referendum",
        "t_ref": "ABROGATIVO",
        "f_elet": "SCRUTINI",
        "dt_ele": 20250608000000,
        "l_terr": "COMUNE",
        "area": "I",
        "cod_com": 80,
        "desc_com": "CANZANO",
        "cod_prov": 79,
        "desc_prov": "TERAMO",
        "cod_reg": 13,
        "desc_reg": "ABRUZZO",
        "ele_m": 691,
        "ele_f": 716,
        "ele_t": 1407,
        "sz_tot": 3,
        "tipo_tras": "SZ"
    },
    "note": null,
    "scheda": [
        {
            "cod": 1,
            "desc": null,
            "sz_perv": 3,
            "vot_m": 183,
            "vot_f": 201,
            "vot_t": 384,
            "perc_vot": "27,29",
            "sk_bianche": 5,
            "sk_nulle": 5,
            "sk_contestate": 0,
            "voti_si": 316,
            "voti_no": 58,
            "perc_si": "84,49",
            "perc_no": "15,51",
            "dt_agg": 20250609164238
        },
        {
            "cod": 2,
            "desc": null,
            "sz_perv": 3,
            "vot_m": 183,
            "vot_f": 201,
            "vot_t": 384,
            "perc_vot": "27,29",
            "sk_bianche": 8,
            "sk_nulle": 2,
            "sk_contestate": 0,
            "voti_si": 311,
            "voti_no": 63,
            "perc_si": "83,16",
            "perc_no": "16,84",
            "dt_agg": 20250609164343
        },
        {
            "cod": 3,
            "desc": null,
            "sz_perv": 3,
            "vot_m": 183,
            "vot_f": 201,
            "vot_t": 384,
            "perc_vot": "27,29",
            "sk_bianche": 12,
            "sk_nulle": 2,
            "sk_contestate": 0,
            "voti_si": 320,
            "voti_no": 50,
            "perc_si": "86,49",
            "perc_no": "13,51",
            "dt_agg": 20250609164500
        },
        {
            "cod": 4,
            "desc": null,
            "sz_perv": 3,
            "vot_m": 183,
            "vot_f": 201,
            "vot_t": 384,
            "perc_vot": "27,29",
            "sk_bianche": 10,
            "sk_nulle": 2,
            "sk_contestate": 0,
            "voti_si": 310,
            "voti_no": 62,
            "perc_si": "83,33",
            "perc_no": "16,67",
            "dt_agg": 20250609164616
        },
        {
            "cod": 5,
            "desc": null,
            "sz_perv": 3,
            "vot_m": 183,
            "vot_f": 201,
            "vot_t": 384,
            "perc_vot": "27,29",
            "sk_bianche": 6,
            "sk_nulle": 4,
            "sk_contestate": 0,
            "voti_si": 223,
            "voti_no": 151,
            "perc_si": "59,63",
            "perc_no": "40,37",
            "dt_agg": 20250609170836
        }
    ]
}