{
    "int": {
        "st": "ESERCIZIO",
        "t_ele": "Referendum",
        "t_ref": "ABROGATIVO",
        "f_elet": "SCRUTINI",
        "dt_ele": 20250608000000,
        "l_terr": "COMUNE",
        "area": "I",
        "cod_com": 90,
        "desc_com": "CASTEL CASTAGNA",
        "cod_prov": 79,
        "desc_prov": "TERAMO",
        "cod_reg": 13,
        "desc_reg": "ABRUZZO",
        "ele_m": 178,
        "ele_f": 161,
        "ele_t": 339,
        "sz_tot": 1,
        "tipo_tras": "SZ"
    },
    "note": null,
    "scheda": [
        {
            "cod": 1,
            "desc": null,
            "sz_perv": 1,
            "vot_m": 48,
            "vot_f": 40,
            "vot_t": 88,
            "perc_vot": "25,96",
            "sk_bianche": 2,
            "sk_nulle": 0,
            "sk_contestate": 0,
            "voti_si": 79,
            "voti_no": 7,
            "perc_si": "91,86",
            "perc_no": "8,14",
            "dt_agg": 20250609172634
        },
        {
            "cod": 2,
            "desc": null,
            "sz_perv": 1,
            "vot_m": 48,
            "vot_f": 40,
            "vot_t": 88,
            "perc_vot": "25,96",
            "sk_bianche": 2,
            "sk_nulle": 0,
            "sk_contestate": 0,
            "voti_si": 77,
            "voti_no": 9,
            "perc_si": "89,53",
            "perc_no": "10,47",
            "dt_agg": 20250609172711
        },
        {
            "cod": 3,
            "desc": null,
            "sz_perv": 1,
            "vot_m": 48,
            "vot_f": 40,
            "vot_t": 88,
            "perc_vot": "25,96",
            "sk_bianche": 2,
            "sk_nulle": 0,
            "sk_contestate": 0,
            "voti_si": 81,
            "voti_no": 5,
            "perc_si": "94,19",
            "perc_no": "5,81",
            "dt_agg": 20250609172739
        },
        {
            "cod": 4,
            "desc": null,
            "sz_perv": 1,
            "vot_m": 47,
            "vot_f": 40,
            "vot_t": 87,
            "perc_vot": "25,66",
            "sk_bianche": 2,
            "sk_nulle": 0,
            "sk_contestate": 0,
            "voti_si": 73,
            "voti_no": 12,
            "perc_si": "85,88",
            "perc_no": "14,12",
            "dt_agg": 20250609172816
        },
        {
            "cod": 5,
            "desc": null,
            "sz_perv": 1,
            "vot_m": 48,
            "vot_f": 41,
            "vot_t": 89,
            "perc_vot": "26,25",
            "sk_bianche": 5,
            "sk_nulle": 1,
            "sk_contestate": 0,
            "voti_si": 48,
            "voti_no": 35,
            "perc_si": "57,83",
            "perc_no": "42,17",
            "dt_agg": 20250609172936
        }
    ]
}