{
    "int": {
        "st": "ESERCIZIO",
        "t_ele": "Referendum",
        "t_ref": "ABROGATIVO",
        "f_elet": "SCRUTINI",
        "dt_ele": 20250608000000,
        "l_terr": "COMUNE",
        "area": "I",
        "cod_com": 290,
        "desc_com": "MOSCIANO SANT'ANGELO",
        "cod_prov": 79,
        "desc_prov": "TERAMO",
        "cod_reg": 13,
        "desc_reg": "ABRUZZO",
        "ele_m": 3530,
        "ele_f": 3573,
        "ele_t": 7103,
        "sz_tot": 9,
        "tipo_tras": "SZ"
    },
    "note": null,
    "scheda": [
        {
            "cod": 1,
            "desc": null,
            "sz_perv": 9,
            "vot_m": 1080,
            "vot_f": 1184,
            "vot_t": 2264,
            "perc_vot": "31,87",
            "sk_bianche": 61,
            "sk_nulle": 17,
            "sk_contestate": 0,
            "voti_si": 1932,
            "voti_no": 254,
            "perc_si": "88,38",
            "perc_no": "11,62",
            "dt_agg": 20250609182229
        },
        {
            "cod": 2,
            "desc": null,
            "sz_perv": 9,
            "vot_m": 1080,
            "vot_f": 1184,
            "vot_t": 2264,
            "perc_vot": "31,87",
            "sk_bianche": 58,
            "sk_nulle": 19,
            "sk_contestate": 0,
            "voti_si": 1920,
            "voti_no": 267,
            "perc_si": "87,79",
            "perc_no": "12,21",
            "dt_agg": 20250609182258
        },
        {
            "cod": 3,
            "desc": null,
            "sz_perv": 9,
            "vot_m": 1080,
            "vot_f": 1184,
            "vot_t": 2264,
            "perc_vot": "31,87",
            "sk_bianche": 57,
            "sk_nulle": 22,
            "sk_contestate": 0,
            "voti_si": 1945,
            "voti_no": 240,
            "perc_si": "89,02",
            "perc_no": "10,98",
            "dt_agg": 20250609182321
        },
        {
            "cod": 4,
            "desc": null,
            "sz_perv": 9,
            "vot_m": 1081,
            "vot_f": 1184,
            "vot_t": 2265,
            "perc_vot": "31,89",
            "sk_bianche": 62,
            "sk_nulle": 14,
            "sk_contestate": 0,
            "voti_si": 1876,
            "voti_no": 313,
            "perc_si": "85,70",
            "perc_no": "14,30",
            "dt_agg": 20250609182354
        },
        {
            "cod": 5,
            "desc": null,
            "sz_perv": 9,
            "vot_m": 1080,
            "vot_f": 1183,
            "vot_t": 2263,
            "perc_vot": "31,86",
            "sk_bianche": 54,
            "sk_nulle": 23,
            "sk_contestate": 0,
            "voti_si": 1188,
            "voti_no": 998,
            "perc_si": "54,35",
            "perc_no": "45,65",
            "dt_agg": 20250609182442
        }
    ]
}