{
    "int": {
        "st": "ESERCIZIO",
        "t_ele": "Referendum",
        "t_ref": "ABROGATIVO",
        "f_elet": "SCRUTINI",
        "dt_ele": 20250608000000,
        "l_terr": "COMUNE",
        "area": "I",
        "cod_com": 410,
        "desc_com": "TORANO NUOVO",
        "cod_prov": 79,
        "desc_prov": "TERAMO",
        "cod_reg": 13,
        "desc_reg": "ABRUZZO",
        "ele_m": 565,
        "ele_f": 601,
        "ele_t": 1166,
        "sz_tot": 2,
        "tipo_tras": "SZ"
    },
    "note": null,
    "scheda": [
        {
            "cod": 1,
            "desc": null,
            "sz_perv": 2,
            "vot_m": 206,
            "vot_f": 212,
            "vot_t": 418,
            "perc_vot": "35,85",
            "sk_bianche": 12,
            "sk_nulle": 3,
            "sk_contestate": 0,
            "voti_si": 355,
            "voti_no": 48,
            "perc_si": "88,09",
            "perc_no": "11,91",
            "dt_agg": 20250609162900
        },
        {
            "cod": 2,
            "desc": null,
            "sz_perv": 2,
            "vot_m": 207,
            "vot_f": 212,
            "vot_t": 419,
            "perc_vot": "35,93",
            "sk_bianche": 10,
            "sk_nulle": 3,
            "sk_contestate": 0,
            "voti_si": 359,
            "voti_no": 47,
            "perc_si": "88,42",
            "perc_no": "11,58",
            "dt_agg": 20250609165516
        },
        {
            "cod": 3,
            "desc": null,
            "sz_perv": 2,
            "vot_m": 207,
            "vot_f": 212,
            "vot_t": 419,
            "perc_vot": "35,93",
            "sk_bianche": 12,
            "sk_nulle": 5,
            "sk_contestate": 0,
            "voti_si": 365,
            "voti_no": 37,
            "perc_si": "90,80",
            "perc_no": "9,20",
            "dt_agg": 20250609165516
        },
        {
            "cod": 4,
            "desc": null,
            "sz_perv": 2,
            "vot_m": 207,
            "vot_f": 214,
            "vot_t": 421,
            "perc_vot": "36,11",
            "sk_bianche": 9,
            "sk_nulle": 2,
            "sk_contestate": 0,
            "voti_si": 353,
            "voti_no": 57,
            "perc_si": "86,10",
            "perc_no": "13,90",
            "dt_agg": 20250609165516
        },
        {
            "cod": 5,
            "desc": null,
            "sz_perv": 2,
            "vot_m": 207,
            "vot_f": 213,
            "vot_t": 420,
            "perc_vot": "36,02",
            "sk_bianche": 13,
            "sk_nulle": 6,
            "sk_contestate": 0,
            "voti_si": 243,
            "voti_no": 158,
            "perc_si": "60,60",
            "perc_no": "39,40",
            "dt_agg": 20250609170433
        }
    ]
}