{
    "int": {
        "st": "ESERCIZIO",
        "t_ele": "Referendum",
        "t_ref": "ABROGATIVO",
        "f_elet": "SCRUTINI",
        "dt_ele": 20250608000000,
        "l_terr": "COMUNE",
        "area": "I",
        "cod_com": 320,
        "desc_com": "PENNA SANT'ANDREA",
        "cod_prov": 79,
        "desc_prov": "TERAMO",
        "cod_reg": 13,
        "desc_reg": "ABRUZZO",
        "ele_m": 659,
        "ele_f": 667,
        "ele_t": 1326,
        "sz_tot": 2,
        "tipo_tras": "SZ"
    },
    "note": null,
    "scheda": [
        {
            "cod": 1,
            "desc": null,
            "sz_perv": 2,
            "vot_m": 193,
            "vot_f": 224,
            "vot_t": 417,
            "perc_vot": "31,45",
            "sk_bianche": 16,
            "sk_nulle": 4,
            "sk_contestate": 0,
            "voti_si": 347,
            "voti_no": 50,
            "perc_si": "87,41",
            "perc_no": "12,59",
            "dt_agg": 20250609182621
        },
        {
            "cod": 2,
            "desc": null,
            "sz_perv": 2,
            "vot_m": 193,
            "vot_f": 224,
            "vot_t": 417,
            "perc_vot": "31,45",
            "sk_bianche": 15,
            "sk_nulle": 7,
            "sk_contestate": 0,
            "voti_si": 341,
            "voti_no": 54,
            "perc_si": "86,33",
            "perc_no": "13,67",
            "dt_agg": 20250609182659
        },
        {
            "cod": 3,
            "desc": null,
            "sz_perv": 2,
            "vot_m": 194,
            "vot_f": 224,
            "vot_t": 418,
            "perc_vot": "31,52",
            "sk_bianche": 20,
            "sk_nulle": 7,
            "sk_contestate": 0,
            "voti_si": 347,
            "voti_no": 44,
            "perc_si": "88,75",
            "perc_no": "11,25",
            "dt_agg": 20250609182802
        },
        {
            "cod": 4,
            "desc": null,
            "sz_perv": 2,
            "vot_m": 194,
            "vot_f": 224,
            "vot_t": 418,
            "perc_vot": "31,52",
            "sk_bianche": 15,
            "sk_nulle": 7,
            "sk_contestate": 0,
            "voti_si": 342,
            "voti_no": 54,
            "perc_si": "86,36",
            "perc_no": "13,64",
            "dt_agg": 20250609182818
        },
        {
            "cod": 5,
            "desc": null,
            "sz_perv": 2,
            "vot_m": 194,
            "vot_f": 224,
            "vot_t": 418,
            "perc_vot": "31,52",
            "sk_bianche": 20,
            "sk_nulle": 6,
            "sk_contestate": 0,
            "voti_si": 206,
            "voti_no": 186,
            "perc_si": "52,55",
            "perc_no": "47,45",
            "dt_agg": 20250609185711
        }
    ]
}