{
    "int": {
        "st": "ESERCIZIO",
        "t_ele": "Referendum",
        "t_ref": "ABROGATIVO",
        "f_elet": "SCRUTINI",
        "dt_ele": 20250608000000,
        "l_terr": "COMUNE",
        "area": "I",
        "cod_com": 360,
        "desc_com": "ROSETO DEGLI ABRUZZI",
        "cod_prov": 79,
        "desc_prov": "TERAMO",
        "cod_reg": 13,
        "desc_reg": "ABRUZZO",
        "ele_m": 9962,
        "ele_f": 10733,
        "ele_t": 20695,
        "sz_tot": 24,
        "tipo_tras": "SZ"
    },
    "note": null,
    "scheda": [
        {
            "cod": 1,
            "desc": null,
            "sz_perv": 24,
            "vot_m": 2575,
            "vot_f": 3174,
            "vot_t": 5749,
            "perc_vot": "27,78",
            "sk_bianche": 104,
            "sk_nulle": 44,
            "sk_contestate": 0,
            "voti_si": 5050,
            "voti_no": 551,
            "perc_si": "90,16",
            "perc_no": "9,84",
            "dt_agg": 20250609192418
        },
        {
            "cod": 2,
            "desc": null,
            "sz_perv": 24,
            "vot_m": 2575,
            "vot_f": 3174,
            "vot_t": 5749,
            "perc_vot": "27,78",
            "sk_bianche": 107,
            "sk_nulle": 41,
            "sk_contestate": 0,
            "voti_si": 4968,
            "voti_no": 633,
            "perc_si": "88,70",
            "perc_no": "11,30",
            "dt_agg": 20250609192418
        },
        {
            "cod": 3,
            "desc": null,
            "sz_perv": 24,
            "vot_m": 2575,
            "vot_f": 3174,
            "vot_t": 5749,
            "perc_vot": "27,78",
            "sk_bianche": 117,
            "sk_nulle": 52,
            "sk_contestate": 0,
            "voti_si": 5025,
            "voti_no": 555,
            "perc_si": "90,05",
            "perc_no": "9,95",
            "dt_agg": 20250609192446
        },
        {
            "cod": 4,
            "desc": null,
            "sz_perv": 24,
            "vot_m": 2576,
            "vot_f": 3175,
            "vot_t": 5751,
            "perc_vot": "27,79",
            "sk_bianche": 105,
            "sk_nulle": 44,
            "sk_contestate": 0,
            "voti_si": 4920,
            "voti_no": 682,
            "perc_si": "87,83",
            "perc_no": "12,17",
            "dt_agg": 20250609192514
        },
        {
            "cod": 5,
            "desc": null,
            "sz_perv": 24,
            "vot_m": 2572,
            "vot_f": 3173,
            "vot_t": 5745,
            "perc_vot": "27,76",
            "sk_bianche": 101,
            "sk_nulle": 39,
            "sk_contestate": 1,
            "voti_si": 3517,
            "voti_no": 2087,
            "perc_si": "62,76",
            "perc_no": "37,24",
            "dt_agg": 20250609192601
        }
    ]
}