{
    "int": {
        "st": "ESERCIZIO",
        "t_ele": "Referendum",
        "t_ref": "ABROGATIVO",
        "f_elet": "SCRUTINI",
        "dt_ele": 20250608000000,
        "l_terr": "COMUNE",
        "area": "I",
        "cod_com": 230,
        "desc_com": "FANO ADRIANO",
        "cod_prov": 79,
        "desc_prov": "TERAMO",
        "cod_reg": 13,
        "desc_reg": "ABRUZZO",
        "ele_m": 137,
        "ele_f": 104,
        "ele_t": 241,
        "sz_tot": 2,
        "tipo_tras": "SZ"
    },
    "note": null,
    "scheda": [
        {
            "cod": 1,
            "desc": null,
            "sz_perv": 2,
            "vot_m": 61,
            "vot_f": 51,
            "vot_t": 112,
            "perc_vot": "46,47",
            "sk_bianche": 1,
            "sk_nulle": 0,
            "sk_contestate": 0,
            "voti_si": 108,
            "voti_no": 3,
            "perc_si": "97,30",
            "perc_no": "2,70",
            "dt_agg": 20250609155951
        },
        {
            "cod": 2,
            "desc": null,
            "sz_perv": 2,
            "vot_m": 61,
            "vot_f": 51,
            "vot_t": 112,
            "perc_vot": "46,47",
            "sk_bianche": 1,
            "sk_nulle": 0,
            "sk_contestate": 0,
            "voti_si": 101,
            "voti_no": 10,
            "perc_si": "90,99",
            "perc_no": "9,01",
            "dt_agg": 20250609160125
        },
        {
            "cod": 3,
            "desc": null,
            "sz_perv": 2,
            "vot_m": 61,
            "vot_f": 51,
            "vot_t": 112,
            "perc_vot": "46,47",
            "sk_bianche": 2,
            "sk_nulle": 0,
            "sk_contestate": 0,
            "voti_si": 107,
            "voti_no": 3,
            "perc_si": "97,27",
            "perc_no": "2,73",
            "dt_agg": 20250609163921
        },
        {
            "cod": 4,
            "desc": null,
            "sz_perv": 2,
            "vot_m": 61,
            "vot_f": 51,
            "vot_t": 112,
            "perc_vot": "46,47",
            "sk_bianche": 2,
            "sk_nulle": 0,
            "sk_contestate": 0,
            "voti_si": 99,
            "voti_no": 11,
            "perc_si": "90,00",
            "perc_no": "10,00",
            "dt_agg": 20250609164005
        },
        {
            "cod": 5,
            "desc": null,
            "sz_perv": 2,
            "vot_m": 61,
            "vot_f": 51,
            "vot_t": 112,
            "perc_vot": "46,47",
            "sk_bianche": 0,
            "sk_nulle": 1,
            "sk_contestate": 0,
            "voti_si": 85,
            "voti_no": 26,
            "perc_si": "76,58",
            "perc_no": "23,42",
            "dt_agg": 20250609164050
        }
    ]
}