{
    "int": {
        "st": "ESERCIZIO",
        "t_ele": "Referendum",
        "t_ref": "ABROGATIVO",
        "f_elet": "SCRUTINI",
        "dt_ele": 20250608000000,
        "l_terr": "COMUNE",
        "area": "I",
        "cod_com": 190,
        "desc_com": "CONTROGUERRA",
        "cod_prov": 79,
        "desc_prov": "TERAMO",
        "cod_reg": 13,
        "desc_reg": "ABRUZZO",
        "ele_m": 840,
        "ele_f": 889,
        "ele_t": 1729,
        "sz_tot": 4,
        "tipo_tras": "SZ"
    },
    "note": null,
    "scheda": [
        {
            "cod": 1,
            "desc": null,
            "sz_perv": 4,
            "vot_m": 264,
            "vot_f": 248,
            "vot_t": 512,
            "perc_vot": "29,61",
            "sk_bianche": 15,
            "sk_nulle": 4,
            "sk_contestate": 0,
            "voti_si": 434,
            "voti_no": 59,
            "perc_si": "88,03",
            "perc_no": "11,97",
            "dt_agg": 20250609184255
        },
        {
            "cod": 2,
            "desc": null,
            "sz_perv": 4,
            "vot_m": 264,
            "vot_f": 248,
            "vot_t": 512,
            "perc_vot": "29,61",
            "sk_bianche": 16,
            "sk_nulle": 5,
            "sk_contestate": 0,
            "voti_si": 422,
            "voti_no": 69,
            "perc_si": "85,95",
            "perc_no": "14,05",
            "dt_agg": 20250609184345
        },
        {
            "cod": 3,
            "desc": null,
            "sz_perv": 4,
            "vot_m": 264,
            "vot_f": 248,
            "vot_t": 512,
            "perc_vot": "29,61",
            "sk_bianche": 17,
            "sk_nulle": 5,
            "sk_contestate": 0,
            "voti_si": 435,
            "voti_no": 55,
            "perc_si": "88,78",
            "perc_no": "11,22",
            "dt_agg": 20250609184433
        },
        {
            "cod": 4,
            "desc": null,
            "sz_perv": 4,
            "vot_m": 264,
            "vot_f": 249,
            "vot_t": 513,
            "perc_vot": "29,67",
            "sk_bianche": 13,
            "sk_nulle": 4,
            "sk_contestate": 0,
            "voti_si": 433,
            "voti_no": 63,
            "perc_si": "87,30",
            "perc_no": "12,70",
            "dt_agg": 20250609184534
        },
        {
            "cod": 5,
            "desc": null,
            "sz_perv": 4,
            "vot_m": 260,
            "vot_f": 247,
            "vot_t": 507,
            "perc_vot": "29,32",
            "sk_bianche": 13,
            "sk_nulle": 12,
            "sk_contestate": 0,
            "voti_si": 274,
            "voti_no": 208,
            "perc_si": "56,85",
            "perc_no": "43,15",
            "dt_agg": 20250609184630
        }
    ]
}