{
    "int": {
        "st": "ESERCIZIO",
        "t_ele": "Referendum",
        "t_ref": "ABROGATIVO",
        "f_elet": "SCRUTINI",
        "dt_ele": 20250608000000,
        "l_terr": "COMUNE",
        "area": "I",
        "cod_com": 30,
        "desc_com": "ATRI",
        "cod_prov": 79,
        "desc_prov": "TERAMO",
        "cod_reg": 13,
        "desc_reg": "ABRUZZO",
        "ele_m": 4121,
        "ele_f": 4098,
        "ele_t": 8219,
        "sz_tot": 14,
        "tipo_tras": "SZ"
    },
    "note": null,
    "scheda": [
        {
            "cod": 1,
            "desc": null,
            "sz_perv": 14,
            "vot_m": 1348,
            "vot_f": 1411,
            "vot_t": 2759,
            "perc_vot": "33,57",
            "sk_bianche": 65,
            "sk_nulle": 37,
            "sk_contestate": 0,
            "voti_si": 2419,
            "voti_no": 238,
            "perc_si": "91,04",
            "perc_no": "8,96",
            "dt_agg": 20250609191042
        },
        {
            "cod": 2,
            "desc": null,
            "sz_perv": 14,
            "vot_m": 1348,
            "vot_f": 1411,
            "vot_t": 2759,
            "perc_vot": "33,57",
            "sk_bianche": 58,
            "sk_nulle": 36,
            "sk_contestate": 0,
            "voti_si": 2407,
            "voti_no": 258,
            "perc_si": "90,32",
            "perc_no": "9,68",
            "dt_agg": 20250609191052
        },
        {
            "cod": 3,
            "desc": null,
            "sz_perv": 14,
            "vot_m": 1348,
            "vot_f": 1411,
            "vot_t": 2759,
            "perc_vot": "33,57",
            "sk_bianche": 70,
            "sk_nulle": 34,
            "sk_contestate": 0,
            "voti_si": 2422,
            "voti_no": 233,
            "perc_si": "91,22",
            "perc_no": "8,78",
            "dt_agg": 20250609191105
        },
        {
            "cod": 4,
            "desc": null,
            "sz_perv": 14,
            "vot_m": 1348,
            "vot_f": 1410,
            "vot_t": 2758,
            "perc_vot": "33,56",
            "sk_bianche": 60,
            "sk_nulle": 33,
            "sk_contestate": 0,
            "voti_si": 2388,
            "voti_no": 277,
            "perc_si": "89,61",
            "perc_no": "10,39",
            "dt_agg": 20250609191151
        },
        {
            "cod": 5,
            "desc": null,
            "sz_perv": 14,
            "vot_m": 1342,
            "vot_f": 1410,
            "vot_t": 2752,
            "perc_vot": "33,48",
            "sk_bianche": 52,
            "sk_nulle": 36,
            "sk_contestate": 0,
            "voti_si": 1754,
            "voti_no": 910,
            "perc_si": "65,84",
            "perc_no": "34,16",
            "dt_agg": 20250609191155
        }
    ]
}