{
    "int": {
        "st": "ESERCIZIO",
        "t_ele": "Referendum",
        "t_ref": "ABROGATIVO",
        "f_elet": "SCRUTINI",
        "dt_ele": 20250608000000,
        "l_terr": "COMUNE",
        "area": "I",
        "cod_com": 130,
        "desc_com": "CASTILENTI",
        "cod_prov": 79,
        "desc_prov": "TERAMO",
        "cod_reg": 13,
        "desc_reg": "ABRUZZO",
        "ele_m": 546,
        "ele_f": 511,
        "ele_t": 1057,
        "sz_tot": 2,
        "tipo_tras": "SZ"
    },
    "note": null,
    "scheda": [
        {
            "cod": 1,
            "desc": null,
            "sz_perv": 2,
            "vot_m": 186,
            "vot_f": 170,
            "vot_t": 356,
            "perc_vot": "33,68",
            "sk_bianche": 8,
            "sk_nulle": 3,
            "sk_contestate": 0,
            "voti_si": 312,
            "voti_no": 33,
            "perc_si": "90,43",
            "perc_no": "9,57",
            "dt_agg": 20250609173046
        },
        {
            "cod": 2,
            "desc": null,
            "sz_perv": 2,
            "vot_m": 186,
            "vot_f": 170,
            "vot_t": 356,
            "perc_vot": "33,68",
            "sk_bianche": 9,
            "sk_nulle": 3,
            "sk_contestate": 0,
            "voti_si": 305,
            "voti_no": 39,
            "perc_si": "88,66",
            "perc_no": "11,34",
            "dt_agg": 20250609173008
        },
        {
            "cod": 3,
            "desc": null,
            "sz_perv": 2,
            "vot_m": 186,
            "vot_f": 170,
            "vot_t": 356,
            "perc_vot": "33,68",
            "sk_bianche": 10,
            "sk_nulle": 5,
            "sk_contestate": 0,
            "voti_si": 313,
            "voti_no": 28,
            "perc_si": "91,79",
            "perc_no": "8,21",
            "dt_agg": 20250609172936
        },
        {
            "cod": 4,
            "desc": null,
            "sz_perv": 2,
            "vot_m": 186,
            "vot_f": 170,
            "vot_t": 356,
            "perc_vot": "33,68",
            "sk_bianche": 10,
            "sk_nulle": 2,
            "sk_contestate": 0,
            "voti_si": 308,
            "voti_no": 36,
            "perc_si": "89,53",
            "perc_no": "10,47",
            "dt_agg": 20250609172816
        },
        {
            "cod": 5,
            "desc": null,
            "sz_perv": 2,
            "vot_m": 184,
            "vot_f": 170,
            "vot_t": 354,
            "perc_vot": "33,49",
            "sk_bianche": 10,
            "sk_nulle": 2,
            "sk_contestate": 0,
            "voti_si": 204,
            "voti_no": 138,
            "perc_si": "59,65",
            "perc_no": "40,35",
            "dt_agg": 20250609172816
        }
    ]
}