{
    "int": {
        "st": "ESERCIZIO",
        "t_ele": "Referendum",
        "t_ref": "ABROGATIVO",
        "f_elet": "SCRUTINI",
        "dt_ele": 20250608000000,
        "l_terr": "COMUNE",
        "area": "I",
        "cod_com": 20,
        "desc_com": "ARSITA",
        "cod_prov": 79,
        "desc_prov": "TERAMO",
        "cod_reg": 13,
        "desc_reg": "ABRUZZO",
        "ele_m": 419,
        "ele_f": 428,
        "ele_t": 847,
        "sz_tot": 1,
        "tipo_tras": "SZ"
    },
    "note": null,
    "scheda": [
        {
            "cod": 1,
            "desc": null,
            "sz_perv": 1,
            "vot_m": 62,
            "vot_f": 79,
            "vot_t": 141,
            "perc_vot": "16,65",
            "sk_bianche": 5,
            "sk_nulle": 3,
            "sk_contestate": 0,
            "voti_si": 126,
            "voti_no": 7,
            "perc_si": "94,74",
            "perc_no": "5,26",
            "dt_agg": 20250609165516
        },
        {
            "cod": 2,
            "desc": null,
            "sz_perv": 1,
            "vot_m": 62,
            "vot_f": 79,
            "vot_t": 141,
            "perc_vot": "16,65",
            "sk_bianche": 3,
            "sk_nulle": 3,
            "sk_contestate": 0,
            "voti_si": 123,
            "voti_no": 12,
            "perc_si": "91,11",
            "perc_no": "8,89",
            "dt_agg": 20250609165516
        },
        {
            "cod": 3,
            "desc": null,
            "sz_perv": 1,
            "vot_m": 62,
            "vot_f": 79,
            "vot_t": 141,
            "perc_vot": "16,65",
            "sk_bianche": 3,
            "sk_nulle": 3,
            "sk_contestate": 0,
            "voti_si": 122,
            "voti_no": 13,
            "perc_si": "90,37",
            "perc_no": "9,63",
            "dt_agg": 20250609165516
        },
        {
            "cod": 4,
            "desc": null,
            "sz_perv": 1,
            "vot_m": 62,
            "vot_f": 79,
            "vot_t": 141,
            "perc_vot": "16,65",
            "sk_bianche": 3,
            "sk_nulle": 3,
            "sk_contestate": 0,
            "voti_si": 124,
            "voti_no": 11,
            "perc_si": "91,85",
            "perc_no": "8,15",
            "dt_agg": 20250609165516
        },
        {
            "cod": 5,
            "desc": null,
            "sz_perv": 1,
            "vot_m": 62,
            "vot_f": 79,
            "vot_t": 141,
            "perc_vot": "16,65",
            "sk_bianche": 4,
            "sk_nulle": 1,
            "sk_contestate": 0,
            "voti_si": 105,
            "voti_no": 31,
            "perc_si": "77,21",
            "perc_no": "22,79",
            "dt_agg": 20250609165517
        }
    ]
}