{
    "int": {
        "st": "ESERCIZIO",
        "t_ele": "Referendum",
        "t_ref": "ABROGATIVO",
        "f_elet": "SCRUTINI",
        "dt_ele": 20250608000000,
        "l_terr": "COMUNE",
        "area": "I",
        "cod_com": 270,
        "desc_com": "MONTORIO AL VOMANO",
        "cod_prov": 79,
        "desc_prov": "TERAMO",
        "cod_reg": 13,
        "desc_reg": "ABRUZZO",
        "ele_m": 2909,
        "ele_f": 2940,
        "ele_t": 5849,
        "sz_tot": 10,
        "tipo_tras": "SZ"
    },
    "note": null,
    "scheda": [
        {
            "cod": 1,
            "desc": null,
            "sz_perv": 10,
            "vot_m": 947,
            "vot_f": 1007,
            "vot_t": 1954,
            "perc_vot": "33,41",
            "sk_bianche": 26,
            "sk_nulle": 17,
            "sk_contestate": 0,
            "voti_si": 1718,
            "voti_no": 193,
            "perc_si": "89,90",
            "perc_no": "10,10",
            "dt_agg": 20250609184940
        },
        {
            "cod": 2,
            "desc": null,
            "sz_perv": 10,
            "vot_m": 947,
            "vot_f": 1007,
            "vot_t": 1954,
            "perc_vot": "33,41",
            "sk_bianche": 27,
            "sk_nulle": 18,
            "sk_contestate": 0,
            "voti_si": 1709,
            "voti_no": 200,
            "perc_si": "89,52",
            "perc_no": "10,48",
            "dt_agg": 20250609185029
        },
        {
            "cod": 3,
            "desc": null,
            "sz_perv": 10,
            "vot_m": 947,
            "vot_f": 1007,
            "vot_t": 1954,
            "perc_vot": "33,41",
            "sk_bianche": 29,
            "sk_nulle": 15,
            "sk_contestate": 0,
            "voti_si": 1724,
            "voti_no": 186,
            "perc_si": "90,26",
            "perc_no": "9,74",
            "dt_agg": 20250609185103
        },
        {
            "cod": 4,
            "desc": null,
            "sz_perv": 10,
            "vot_m": 947,
            "vot_f": 1007,
            "vot_t": 1954,
            "perc_vot": "33,41",
            "sk_bianche": 28,
            "sk_nulle": 15,
            "sk_contestate": 0,
            "voti_si": 1674,
            "voti_no": 237,
            "perc_si": "87,60",
            "perc_no": "12,40",
            "dt_agg": 20250609185152
        },
        {
            "cod": 5,
            "desc": null,
            "sz_perv": 10,
            "vot_m": 945,
            "vot_f": 1002,
            "vot_t": 1947,
            "perc_vot": "33,29",
            "sk_bianche": 35,
            "sk_nulle": 9,
            "sk_contestate": 0,
            "voti_si": 1118,
            "voti_no": 785,
            "perc_si": "58,75",
            "perc_no": "41,25",
            "dt_agg": 20250609185238
        }
    ]
}