{
    "int": {
        "st": "ESERCIZIO",
        "t_ele": "Referendum",
        "t_ref": "ABROGATIVO",
        "f_elet": "SCRUTINI",
        "dt_ele": 20250608000000,
        "l_terr": "COMUNE",
        "area": "I",
        "cod_com": 100,
        "desc_com": "CASTELLALTO",
        "cod_prov": 79,
        "desc_prov": "TERAMO",
        "cod_reg": 13,
        "desc_reg": "ABRUZZO",
        "ele_m": 2763,
        "ele_f": 2779,
        "ele_t": 5542,
        "sz_tot": 7,
        "tipo_tras": "SZ"
    },
    "note": null,
    "scheda": [
        {
            "cod": 1,
            "desc": null,
            "sz_perv": 7,
            "vot_m": 800,
            "vot_f": 898,
            "vot_t": 1698,
            "perc_vot": "30,64",
            "sk_bianche": 29,
            "sk_nulle": 12,
            "sk_contestate": 0,
            "voti_si": 1460,
            "voti_no": 197,
            "perc_si": "88,11",
            "perc_no": "11,89",
            "dt_agg": 20250609184158
        },
        {
            "cod": 2,
            "desc": null,
            "sz_perv": 7,
            "vot_m": 798,
            "vot_f": 898,
            "vot_t": 1696,
            "perc_vot": "30,60",
            "sk_bianche": 38,
            "sk_nulle": 13,
            "sk_contestate": 0,
            "voti_si": 1430,
            "voti_no": 215,
            "perc_si": "86,93",
            "perc_no": "13,07",
            "dt_agg": 20250609184245
        },
        {
            "cod": 3,
            "desc": null,
            "sz_perv": 7,
            "vot_m": 799,
            "vot_f": 898,
            "vot_t": 1697,
            "perc_vot": "30,62",
            "sk_bianche": 36,
            "sk_nulle": 13,
            "sk_contestate": 0,
            "voti_si": 1450,
            "voti_no": 198,
            "perc_si": "87,99",
            "perc_no": "12,01",
            "dt_agg": 20250609184359
        },
        {
            "cod": 4,
            "desc": null,
            "sz_perv": 7,
            "vot_m": 799,
            "vot_f": 898,
            "vot_t": 1697,
            "perc_vot": "30,62",
            "sk_bianche": 31,
            "sk_nulle": 13,
            "sk_contestate": 0,
            "voti_si": 1411,
            "voti_no": 242,
            "perc_si": "85,36",
            "perc_no": "14,64",
            "dt_agg": 20250609184437
        },
        {
            "cod": 5,
            "desc": null,
            "sz_perv": 7,
            "vot_m": 798,
            "vot_f": 897,
            "vot_t": 1695,
            "perc_vot": "30,58",
            "sk_bianche": 34,
            "sk_nulle": 14,
            "sk_contestate": 0,
            "voti_si": 875,
            "voti_no": 772,
            "perc_si": "53,13",
            "perc_no": "46,87",
            "dt_agg": 20250609184534
        }
    ]
}